Multiple size <= 100
TEST 1 ARG:62 16 44 81 26 0 73 64 22 33 93 78 84 4 21 48 29 10 76 87 60 82 79 30 38 25 66 32 89 37 61 77 95 92 97 63 88 90 52 67 31 96 83 5 2 57 15 99 71 35 54 40 55 41 14 49 70 36 20 75 34 8 85 46 58 68 23 80 74 50 45 98 86 7 39 47 91 13 43 59 3 94 19 42 51 27 72 24 12 65 18 1 6 53 17 69 56 9 11 28 
TEST 2 ARG:29 23 5 82 50 13 52 45 67 83 1 41 48 44 95 14 43 27 4 30 87 8 22 97 63 79 33 70 11 9 78 28 65 77 94 51 72 58 66 40 38 62 53 26 68 42 60 31 16 75 6 21 25 61 24 20 19 49 98 96 34 81 0 73 84 59 89 54 56 88 74 3 69 17 37 47 7 99 18 85 12 35 80 86 57 55 15 46 76 71 2 36 91 90 10 92 93 64 39 32 
TEST 3 ARG:31 2 20 45 6 37 15 99 98 5 10 51 62 33 84 30 40 83 43 68 87 13 76 60 22 97 82 21 66 71 26 19 78 65 9 50 24 64 35 14 77 54 73 49 3 12 48 57 91 27 7 69 25 46 80 39 32 92 75 0 94 89 81 55 28 93 38 96 86 36 70 85 67 88 59 53 61 74 4 8 58 52 95 29 63 44 56 34 41 79 11 47 1 90 72 42 23 17 16 18 
TEST 4 ARG:98 1 77 19 59 51 74 18 55 79 96 52 10 93 30 54 58 39 65 15 38 99 9 41 61 97 86 64 36 46 4 66 22 35 73 11 8 72 68 50 95 63 0 21 27 33 57 28 76 82 14 87 31 24 2 84 67 70 17 23 42 83 90 40 53 75 25 34 78 6 48 94 12 37 45 89 92 49 80 88 60 26 56 32 69 13 16 43 3 29 7 81 91 44 85 62 71 47 5 20 
TEST 5 ARG:38 14 47 17 48 22 32 12 11 3 93 85 75 64 51 58 86 67 77 6 74 1 88 56 99 79 27 33 89 81 62 24 34 26 28 37 39 7 43 46 68 20 96 15 83 76 29 66 82 70 35 98 95 91 55 78 90 31 36 8 49 44 23 92 40 10 30 60 84 5 21 54 16 19 94 73 71 63 45 2 72 53 13 69 59 65 80 18 0 87 4 61 52 50 25 97 9 42 41 57 
TEST 6 ARG:16 44 32 67 20 63 42 77 25 91 74 31 52 29 4 76 2 98 10 71 62 75 48 86 69 35 12 95 37 38 27 34 99 39 93 30 58 80 41 72 36 51 68 14 83 92 70 8 50 73 79 0 19 60 3 1 33 57 84 97 21 40 43 49 45 59 54 65 56 85 89 64 82 96 90 13 26 66 47 28 11 81 6 15 9 88 22 46 61 23 55 87 53 7 5 24 78 18 94 17 
TEST 7 ARG:0 71 35 38 2 69 81 84 97 7 83 25 32 94 34 16 33 86 4 62 30 87 58 26 65 9 52 14 56 98 82 42 70 36 39 15 46 61 20 72 95 31 5 23 43 13 28 64 74 79 68 48 54 11 93 66 6 47 75 18 50 92 29 12 27 73 51 10 57 8 59 49 80 96 45 99 60 78 77 55 1 85 53 88 63 67 21 22 19 76 89 90 37 44 17 41 24 91 40 3 
TEST 8 ARG:86 81 25 92 26 0 64 93 38 79 82 15 76 99 6 56 66 78 34 90 57 13 53 87 12 73 9 74 75 40 27 60 39 5 96 54 52 51 11 21 14 7 42 94 45 84 33 19 68 36 29 50 47 31 2 18 72 4 65 71 43 48 22 35 91 55 58 17 46 97 1 59 20 8 98 3 49 88 63 80 70 37 41 95 32 28 89 61 77 16 24 23 83 62 85 44 10 69 67 30 
TEST 9 ARG:4 3 94 14 38 69 43 34 25 97 35 67 84 46 61 36 9 47 76 31 58 27 17 66 59 40 62 12 21 19 81 7 6 71 74 32 85 53 68 1 87 29 92 0 88 18 39 77 13 78 41 8 24 20 56 64 99 80 11 79 83 70 42 22 5 55 51 15 45 50 82 89 54 91 49 30 75 10 28 23 26 37 86 60 2 48 33 16 52 96 57 63 93 95 65 73 72 98 90 44 
TEST 10 ARG:8 25 68 24 57 61 17 51 22 10 53 35 59 29 78 12 67 27 65 87 73 84 85 58 77 28 89 43 79 40 31 88 48 4 33 49 3 47 64 1 52 2 63 50 92 74 5 23 80 83 19 54 9 7 16 56 90 21 30 62 26 6 99 70 93 76 94 41 72 75 34 39 97 42 20 82 44 32 96 38 45 55 71 15 13 14 81 91 36 95 98 0 46 66 11 37 60 18 86 69 
TEST 11 ARG:65 38 74 96 92 14 46 1 23 22 88 26 52 25 4 19 18 89 66 48 75 8 73 95 84 49 56 24 36 11 31 34 82 57 93 54 97 41 72 7 27 21 59 20 13 35 61 99 77 80 55 76 70 58 10 9 60 51 2 86 81 50 64 29 63 62 68 44 0 37 40 12 43 3 16 42 71 28 53 85 67 6 32 91 30 79 69 47 15 83 94 5 78 87 33 98 45 17 39 90 
TEST 12 ARG:30 61 72 65 87 81 99 89 56 37 93 70 38 43 94 25 12 73 98 46 77 32 9 53 35 1 33 4 22 2 90 67 11 17 50 14 96 57 66 3 76 92 60 28 54 68 95 24 59 69 82 8 18 36 74 10 88 52 83 49 39 6 40 13 41 26 45 23 51 7 48 0 78 47 31 44 64 84 42 15 91 27 85 62 86 29 75 63 58 16 21 55 79 20 19 34 97 5 80 71 
TEST 13 ARG:81 48 2 7 69 87 46 57 28 47 63 64 78 5 85 25 26 99 33 51 27 55 41 54 92 32 86 39 0 73 3 59 60 94 96 75 17 89 23 31 80 42 98 11 77 49 6 30 58 90 72 95 79 13 10 61 43 22 88 74 52 44 24 62 56 29 35 66 68 9 93 50 19 21 97 45 16 70 15 20 53 82 14 8 34 1 4 67 84 76 65 36 18 37 83 12 40 71 91 38 
TEST 14 ARG:44 53 55 69 83 57 96 95 22 32 30 79 80 98 65 14 94 92 63 13 18 7 99 87 31 73 60 39 54 28 17 66 84 37 42 3 38 82 36 91 74 23 62 45 12 89 59 52 51 68 9 50 10 85 46 43 76 47 64 25 19 34 0 61 27 20 93 41 33 40 16 86 4 29 75 48 11 56 21 77 24 72 8 49 71 26 1 90 67 70 81 15 35 2 58 6 88 97 78 5 
TEST 15 ARG:77 85 30 52 66 45 21 55 67 44 59 74 76 61 9 80 56 70 79 73 53 24 23 37 47 8 91 27 89 0 78 50 62 95 86 75 35 43 99 90 26 94 17 46 15 2 10 34 29 63 98 57 93 25 19 64 68 7 92 39 72 71 14 11 18 6 60 49 87 82 22 4 12 3 36 33 58 16 48 38 65 28 84 69 13 51 97 40 96 5 88 83 41 1 20 31 54 81 42 32 
TEST 16 ARG:15 35 50 16 3 90 33 73 24 54 79 0 68 42 70 81 45 28 31 25 55 19 71 11 18 2 62 34 92 56 8 44 53 84 91 94 36 37 99 65 76 22 67 32 95 97 85 30 41 93 43 58 48 61 64 75 6 87 86 89 66 29 9 13 27 17 26 77 7 72 10 23 60 69 63 39 4 51 1 80 20 98 82 46 88 5 83 49 78 96 74 38 21 47 52 59 12 57 40 14 
TEST 17 ARG:50 74 88 1 40 93 7 73 82 87 8 26 98 47 35 60 14 72 30 91 69 24 48 99 17 42 89 71 90 20 46 38 6 77 51 36 57 33 66 94 68 63 31 43 12 95 3 80 70 79 97 86 23 25 22 29 37 84 65 39 54 28 0 18 41 21 13 92 67 78 83 62 81 4 44 32 15 27 49 5 56 52 2 61 45 76 55 53 75 9 64 19 16 58 10 96 11 85 59 34 
TEST 18 ARG:16 40 72 33 14 86 94 25 91 60 46 12 15 44 26 97 1 28 18 35 76 27 38 32 74 39 47 0 80 9 42 65 49 2 11 82 54 77 34 41 66 73 8 6 3 57 31 51 7 61 19 92 81 85 45 59 58 5 62 88 43 55 22 53 4 78 79 93 52 13 90 50 68 71 98 37 96 10 84 99 17 64 89 30 63 29 87 69 95 75 56 70 23 36 48 67 83 20 21 24 
TEST 19 ARG:49 91 66 53 35 56 0 36 20 63 14 92 9 25 50 42 33 22 68 43 10 39 15 88 71 2 34 5 79 29 45 73 81 6 90 58 98 80 46 28 7 62 77 44 3 30 40 64 4 99 17 70 11 76 82 1 47 87 31 93 83 23 74 97 8 52 89 54 18 12 67 27 13 78 21 95 19 96 60 61 59 85 26 51 24 65 55 41 57 16 84 69 72 37 94 32 38 86 75 48 
TEST 20 ARG:62 12 49 39 51 25 84 21 6 72 34 55 58 31 28 87 74 3 7 65 81 43 64 22 88 70 8 92 89 94 40 48 18 37 33 73 75 10 60 38 30 27 26 59 98 19 44 90 2 54 76 11 15 47 91 69 52 71 83 17 41 36 16 5 29 67 99 4 97 82 79 96 46 1 13 66 9 32 53 23 20 68 45 63 93 14 85 50 42 86 24 0 80 77 56 95 78 57 61 35 
TEST 21 ARG:27 31 99 30 63 7 91 84 97 98 39 56 36 94 47 42 67 10 13 93 19 25 87 26 75 52 76 69 79 11 68 78 60 64 49 80 43 85 34 21 2 54 89 65 15 73 45 22 77 74 16 9 90 24 41 71 35 62 96 12 82 61 58 14 6 48 20 59 46 53 4 95 50 0 5 88 33 51 38 37 18 72 83 86 81 1 55 44 40 17 66 57 29 28 92 23 3 32 70 8 
TEST 22 ARG:26 13 70 74 35 11 17 79 27 89 49 68 80 53 81 12 62 0 86 43 92 90 14 55 77 42 69 19 33 75 30 76 22 72 52 20 58 88 10 23 65 44 54 73 85 66 1 37 64 34 16 51 32 56 9 82 6 18 8 7 41 39 93 95 99 71 15 50 3 57 29 46 45 97 21 60 61 36 48 87 63 5 91 94 84 78 38 31 96 98 83 47 2 4 25 40 28 67 24 59 
TEST 23 ARG:94 81 70 59 9 69 47 27 41 33 64 38 13 8 6 78 10 73 87 4 99 52 23 19 62 98 31 58 82 51 85 79 67 89 91 55 34 28 72 5 43 93 1 42 66 21 53 97 2 75 77 39 22 68 11 15 80 71 40 29 54 46 26 63 84 50 90 20 16 24 30 44 88 14 92 57 95 32 61 45 18 56 36 83 96 86 12 74 17 25 65 0 48 7 3 76 35 37 60 49 
TEST 24 ARG:6 57 13 77 10 14 39 27 70 73 47 84 24 61 99 0 4 42 54 86 36 8 62 7 94 92 20 41 19 97 18 95 17 78 15 32 87 43 45 48 49 25 22 30 53 85 66 90 40 55 76 31 58 51 60 44 88 64 26 23 65 2 56 96 71 16 21 75 98 9 1 46 29 69 68 11 74 63 28 80 3 33 52 82 67 38 5 79 50 35 89 34 83 91 72 12 81 59 93 37 
TEST 25 ARG:78 23 21 91 63 54 58 69 92 72 64 4 99 67 13 39 77 40 88 28 59 35 32 16 37 80 56 73 51 57 38 95 19 7 1 96 31 18 46 60 62 90 50 27 36 33 47 66 5 24 26 97 74 48 83 70 65 71 81 10 34 45 89 15 9 30 79 44 12 6 25 84 14 82 93 2 17 8 20 55 94 11 41 85 49 98 87 42 0 86 22 3 52 75 61 29 68 53 43 76 
TEST 26 ARG:64 6 13 90 21 50 10 52 26 31 14 99 73 86 94 77 62 88 67 91 34 3 95 43 36 89 75 25 82 40 58 80 81 54 83 15 9 24 71 23 59 20 45 48 28 55 5 30 57 72 69 96 51 44 87 63 49 93 32 35 46 27 41 92 7 68 85 53 78 33 65 4 79 60 29 61 11 0 12 38 37 1 19 42 39 84 97 17 76 98 16 70 56 22 66 8 74 18 47 2 
TEST 27 ARG:68 16 49 2 62 39 36 23 93 38 84 86 78 26 99 25 79 32 59 57 30 51 40 65 85 45 11 46 94 87 0 76 83 41 28 81 37 3 1 48 73 64 95 97 71 63 8 24 22 91 18 77 10 35 13 27 72 56 60 12 61 69 53 50 92 15 66 43 90 89 75 70 31 52 21 44 58 80 82 42 14 7 33 19 5 6 88 96 74 17 9 34 29 4 55 98 67 20 54 47 
TEST 28 ARG:50 48 22 20 75 63 73 0 29 43 45 53 24 39 74 54 27 41 44 17 83 9 56 71 88 68 47 7 69 62 60 26 52 67 1 95 37 34 35 31 64 51 96 76 46 2 91 66 84 61 3 21 72 13 16 28 98 80 85 15 14 59 10 32 6 79 12 8 11 25 36 55 49 65 99 19 40 81 57 5 70 4 33 86 38 78 18 92 58 30 94 93 87 42 82 23 77 89 90 97 
TEST 29 ARG:77 70 21 79 47 56 15 67 72 49 6 37 42 78 95 94 97 98 86 73 81 85 59 1 9 3 92 54 51 57 43 80 11 66 55 0 87 88 4 96 7 82 32 29 68 45 53 93 39 48 28 18 74 30 44 91 19 76 8 2 60 75 35 61 41 89 65 20 38 26 22 64 12 71 58 63 69 33 62 99 34 31 24 46 27 52 10 23 16 40 14 25 17 50 83 13 36 5 84 90 
TEST 30 ARG:27 79 47 6 72 66 80 82 46 3 68 8 89 14 5 83 28 57 19 4 38 30 42 15 1 52 85 9 45 29 84 22 2 86 97 33 26 37 32 58 39 40 70 53 25 34 16 55 24 36 51 92 43 69 98 67 17 7 78 90 74 60 62 61 44 50 21 65 96 20 23 93 48 12 91 11 77 59 95 10 87 13 73 31 35 94 88 76 75 56 41 0 71 63 64 54 81 18 49 99 
TEST 31 ARG:12 31 47 29 75 2 21 3 55 18 17 7 57 10 44 61 45 50 41 86 98 67 60 26 71 35 38 88 1 19 83 4 15 90 27 70 36 52 69 59 49 40 62 81 14 51 37 48 64 68 77 58 96 53 0 95 8 34 54 32 89 39 22 99 82 85 9 13 76 92 11 94 84 87 46 72 20 16 74 25 63 6 33 28 43 56 79 42 65 80 78 73 93 97 30 5 24 91 66 23 
TEST 32 ARG:31 61 21 47 77 56 89 83 39 66 24 54 71 91 18 45 33 55 72 79 78 15 84 8 30 36 86 29 34 94 38 46 95 75 50 90 70 16 69 7 65 37 57 0 41 28 17 85 96 3 44 11 97 92 93 49 6 53 74 60 40 73 98 25 35 64 20 81 82 10 62 22 48 88 32 52 42 63 80 43 27 51 13 99 76 67 14 58 9 2 87 4 19 26 1 59 5 68 12 23 
TEST 33 ARG:69 73 5 65 79 98 54 21 41 44 88 72 61 0 58 97 50 17 18 90 62 68 66 29 4 49 1 23 15 27 42 92 57 52 95 35 45 86 31 40 94 22 11 38 19 26 10 91 33 71 89 74 70 7 76 14 37 80 16 9 87 8 43 24 63 78 28 12 51 81 59 20 2 32 36 3 93 60 67 84 82 99 55 53 6 30 39 25 96 75 34 46 47 77 64 85 48 13 83 56 
TEST 34 ARG:23 81 38 71 25 98 64 56 51 79 12 4 65 18 27 21 95 20 90 19 43 37 66 80 10 88 52 97 33 3 45 92 91 32 83 99 39 40 35 62 68 54 57 1 84 60 44 17 73 22 28 67 9 87 94 24 2 70 77 85 76 15 89 13 31 42 72 78 47 41 48 26 82 11 0 5 49 59 93 34 53 63 75 86 30 61 96 14 55 58 8 50 16 74 29 36 69 7 6 46 
TEST 35 ARG:93 81 1 47 11 43 8 15 65 67 83 4 34 75 19 48 17 60 21 63 57 0 87 54 94 69 25 38 13 59 96 23 72 46 3 30 64 91 84 89 71 41 73 24 58 37 70 52 85 14 45 40 42 36 50 66 88 99 27 16 20 79 90 12 31 39 35 32 7 49 77 61 56 10 55 86 97 2 51 28 74 33 9 53 62 95 78 92 5 68 18 44 80 29 98 76 26 6 22 82 
TEST 36 ARG:88 27 50 69 75 89 55 93 53 51 11 24 96 29 22 28 31 81 80 59 6 83 36 21 67 30 17 38 9 68 56 43 45 87 66 86 33 18 77 70 60 58 84 98 95 52 79 49 5 20 10 35 14 82 61 44 42 46 13 32 76 0 57 62 41 99 16 47 4 7 37 78 2 15 12 71 54 34 23 64 26 3 8 85 1 92 48 19 65 91 97 39 40 72 63 25 74 90 73 94 
TEST 37 ARG:31 88 74 94 60 10 13 66 63 24 89 75 2 6 78 37 25 16 41 49 50 1 82 71 0 29 9 98 53 58 97 22 51 23 3 33 17 30 86 59 73 52 79 8 20 14 62 55 68 47 57 67 90 40 38 4 64 46 21 19 77 7 56 45 12 72 81 28 87 61 76 18 83 27 96 69 42 36 39 54 35 5 70 99 92 26 95 32 44 80 43 84 15 85 91 93 65 48 11 34 
TEST 38 ARG:33 53 47 79 63 72 84 81 78 18 39 8 76 92 70 0 3 89 94 15 54 14 82 61 38 10 69 67 88 75 9 42 49 28 27 23 37 43 98 35 95 25 80 68 7 41 77 29 99 31 2 17 20 48 51 30 45 66 24 44 86 5 58 11 96 64 32 26 85 46 57 13 36 73 19 21 40 93 55 71 90 56 59 62 83 91 1 65 22 60 12 50 4 87 34 74 52 97 16 6 
TEST 39 ARG:54 58 89 74 95 0 15 37 87 7 98 63 59 17 40 79 92 66 85 19 93 62 12 83 51 31 70 60 97 96 28 2 46 24 41 99 34 9 45 39 21 88 69 27 91 80 75 11 26 61 67 38 32 57 20 52 77 86 78 71 18 30 8 47 49 73 16 82 5 94 13 43 33 14 6 35 42 50 56 29 90 3 72 4 44 23 1 64 84 65 76 48 53 81 55 68 10 22 36 25 
TEST 40 ARG:35 64 87 43 1 27 48 55 69 46 34 80 16 40 38 65 70 36 93 88 11 7 24 95 71 39 67 61 5 54 8 33 94 30 44 19 77 86 98 14 4 45 59 52 26 49 73 47 91 99 97 72 32 2 58 37 68 50 25 21 31 29 15 3 42 17 82 63 53 23 76 9 41 10 0 96 90 51 56 6 78 57 20 81 22 13 92 84 62 12 79 85 74 89 28 83 18 60 75 66 
TEST 41 ARG:3 4 76 0 25 82 17 33 71 16 73 91 64 81 49 40 60 63 59 95 46 50 51 99 70 79 88 30 90 58 21 37 94 15 54 22 13 48 5 85 89 31 80 74 38 26 7 8 10 11 75 96 9 67 92 36 77 39 83 19 28 87 47 20 72 1 98 2 29 14 12 52 62 41 56 23 32 35 34 93 57 18 68 53 69 66 27 24 84 42 86 44 78 97 6 55 45 61 43 65 
TEST 42 ARG:85 90 58 10 6 29 94 34 0 52 44 39 13 88 91 25 59 14 38 61 15 70 8 55 26 42 40 78 63 16 17 36 32 89 46 53 41 98 54 86 71 66 27 22 69 75 37 28 5 76 31 20 62 48 65 99 49 80 56 97 60 2 96 57 45 18 83 79 43 81 73 19 12 93 24 23 87 84 4 67 92 30 72 7 1 9 68 21 3 11 82 51 64 35 77 33 50 95 47 74 
TEST 43 ARG:53 73 29 47 65 21 40 11 68 61 55 30 13 24 45 23 74 22 9 90 6 12 39 18 58 78 14 41 87 75 88 8 80 71 76 79 51 50 81 10 42 91 70 17 48 31 89 95 57 19 1 27 49 82 16 93 25 60 7 59 64 92 56 0 98 99 62 46 72 34 96 36 35 83 54 66 43 86 33 2 3 52 77 84 97 28 15 4 69 94 67 85 63 38 32 5 20 37 26 44 
TEST 44 ARG:46 50 83 60 56 19 47 13 82 15 9 37 79 14 88 36 33 74 51 65 18 32 34 73 54 58 10 63 29 96 77 69 85 98 3 89 6 44 75 23 59 49 62 7 78 11 30 0 70 42 76 72 25 94 26 2 22 52 8 99 38 39 86 21 71 4 35 40 41 16 66 64 81 1 28 91 68 24 95 43 93 97 53 20 12 17 61 57 90 31 27 92 45 84 5 55 80 48 67 87 
TEST 45 ARG:84 46 87 25 93 17 20 13 47 51 23 8 57 32 16 77 42 95 3 21 10 12 86 63 24 97 48 72 37 39 5 59 75 50 11 6 27 60 30 19 41 35 38 78 4 66 33 49 62 94 67 28 81 53 34 73 1 90 91 69 82 29 56 83 14 18 88 70 22 2 43 99 7 40 58 44 85 9 54 52 96 76 71 64 68 36 80 98 31 79 74 26 15 45 55 89 61 92 65 0 
TEST 46 ARG:3 21 89 83 54 55 57 78 61 48 14 2 28 70 86 59 96 30 20 23 99 17 35 45 44 33 71 81 51 9 32 95 46 56 73 66 92 84 7 97 52 31 26 18 94 58 4 1 47 93 76 6 87 38 10 80 79 82 25 63 27 16 42 53 98 90 36 62 29 64 91 68 13 43 85 5 22 69 19 75 49 72 65 41 11 40 37 50 88 74 67 39 34 24 77 12 8 0 15 60 
TEST 47 ARG:59 90 0 23 29 73 66 88 39 35 74 91 38 48 43 69 57 27 5 49 99 36 18 98 95 12 62 45 34 82 16 37 97 32 67 13 9 44 10 89 79 8 4 54 92 40 80 87 77 68 17 3 58 65 56 30 7 6 21 11 51 24 61 41 14 70 50 63 42 25 52 75 20 76 2 15 47 33 22 83 86 46 78 53 64 60 19 71 84 94 93 96 1 28 26 81 85 72 31 55 
TEST 48 ARG:40 33 6 73 39 89 35 84 28 3 18 75 78 76 82 88 17 27 30 99 54 81 16 37 46 10 80 9 68 23 67 24 52 85 21 72 43 31 58 83 1 64 44 86 55 93 8 13 11 4 69 42 34 70 60 61 91 96 62 50 65 87 66 77 45 38 51 71 14 98 92 74 57 53 56 2 32 63 15 36 47 48 22 90 95 26 49 29 19 79 25 59 94 97 12 41 0 7 5 20 
TEST 49 ARG:1 97 11 61 0 45 80 44 74 35 53 46 71 87 90 67 26 9 40 4 8 78 41 72 77 7 10 89 75 82 54 22 68 88 65 38 59 6 92 42 31 91 29 30 48 76 56 39 14 43 49 33 17 58 21 83 85 70 28 52 47 20 66 98 23 13 12 34 95 69 24 86 57 94 64 73 32 18 25 16 50 99 36 51 96 60 27 63 2 5 55 79 81 15 84 3 62 19 37 93 
TEST 50 ARG:24 8 78 85 16 22 55 74 63 5 84 86 19 77 6 37 46 54 10 67 82 35 14 83 13 90 88 28 68 97 3 25 44 21 79 96 98 30 72 92 42 89 51 31 61 38 45 58 15 62 57 1 53 52 7 69 11 99 23 66 64 70 87 36 56 0 40 50 73 2 48 29 94 34 18 75 39 91 33 32 71 26 27 95 60 59 12 49 93 47 20 17 4 80 76 9 41 81 65 43 
TEST 51 ARG:67 94 91 59 10 95 49 87 99 48 17 92 55 66 81 4 25 96 28 77 22 40 56 41 1 9 30 84 24 50 52 8 70 3 16 0 26 74 80 11 34 47 68 27 44 57 12 32 83 85 33 82 78 86 18 64 31 71 20 65 88 6 53 75 63 73 15 97 62 39 54 42 5 60 21 76 35 7 36 98 69 45 19 13 61 93 38 23 43 58 51 2 14 29 37 72 79 89 90 46 
TEST 52 ARG:55 32 83 35 7 50 9 70 73 74 75 38 62 52 57 46 93 59 64 33 18 16 87 29 23 37 17 66 40 67 95 25 91 78 49 14 13 92 94 11 27 76 22 4 28 98 85 97 72 19 30 86 56 48 84 90 51 41 5 54 8 88 44 0 1 63 65 31 47 42 53 15 39 3 2 10 60 26 71 24 61 80 58 96 79 82 99 12 45 81 77 20 34 36 43 68 6 89 21 69 
TEST 53 ARG:98 67 37 45 53 99 21 15 1 29 49 41 56 4 23 77 68 8 12 87 11 60 55 93 50 26 14 6 24 65 17 84 59 30 25 78 31 89 27 22 88 69 96 20 86 85 19 97 28 39 90 32 72 73 18 58 2 70 80 43 94 62 64 36 63 66 79 44 52 91 34 42 13 10 9 51 46 47 33 61 5 92 57 82 76 16 83 54 0 81 40 35 38 48 74 95 71 3 75 7 
TEST 54 ARG:26 37 98 2 87 81 28 1 41 7 0 83 64 22 31 88 76 12 63 74 11 59 15 79 32 40 52 71 49 38 10 8 17 70 24 39 86 43 42 94 93 96 36 46 97 84 47 75 77 9 25 91 54 95 53 80 68 90 99 27 56 60 50 5 51 58 55 44 57 21 29 65 61 82 67 33 78 73 72 6 20 48 34 45 35 62 13 85 66 3 19 23 69 18 89 14 4 92 30 16 
TEST 55 ARG:14 10 17 84 27 63 50 77 96 85 53 66 65 23 81 5 7 72 75 25 78 49 3 41 15 71 69 86 35 83 76 74 42 62 61 59 6 55 56 54 13 38 45 97 31 67 46 98 11 48 8 52 22 19 57 21 93 51 24 94 9 37 43 20 12 80 87 18 39 70 34 30 79 90 16 4 68 44 26 58 2 82 40 47 60 92 36 32 91 33 73 28 64 88 1 95 29 0 89 99 
TEST 56 ARG:75 57 12 46 36 56 23 21 53 49 34 72 29 20 70 14 30 47 85 25 80 96 18 28 24 55 83 97 64 42 39 19 61 65 22 66 62 79 31 73 98 8 69 50 5 0 60 17 86 84 93 59 99 2 48 82 88 10 78 11 35 68 6 67 38 71 41 33 7 91 4 90 37 95 63 26 94 40 16 58 43 77 44 74 32 76 87 27 45 81 1 3 92 89 9 13 15 52 51 54 
TEST 57 ARG:62 86 22 92 48 68 79 55 38 37 17 32 80 1 54 34 6 95 88 81 39 66 89 41 98 83 85 44 24 12 69 3 2 33 16 84 97 42 57 51 49 21 99 47 91 70 19 78 53 13 10 76 26 4 11 90 77 56 0 46 36 64 63 50 9 23 29 60 5 52 15 61 93 35 71 58 20 7 40 28 94 59 75 73 45 30 65 74 14 67 87 96 31 8 43 27 25 18 72 82 
TEST 58 ARG:53 8 42 31 64 12 84 89 72 27 23 54 76 50 19 87 28 98 62 91 47 73 63 68 1 7 22 21 75 3 69 51 61 60 96 35 5 18 86 33 16 46 77 58 59 41 97 79 10 90 70 88 80 83 56 67 20 32 17 66 55 2 13 99 94 82 25 24 15 45 39 52 81 0 71 29 11 14 57 65 49 74 93 37 30 34 26 48 95 92 38 6 9 4 40 36 78 85 44 43 
TEST 59 ARG:94 46 89 84 86 8 33 75 98 59 70 96 71 6 90 45 23 21 17 60 65 36 22 11 66 40 85 72 64 32 87 28 44 31 47 82 16 25 15 35 81 62 50 10 91 57 80 61 42 93 73 34 88 43 92 53 63 20 68 27 51 67 58 1 24 12 3 74 9 29 0 38 49 13 52 97 69 5 18 76 48 95 37 14 79 7 55 2 78 41 26 39 77 99 19 4 56 30 54 83 
TEST 60 ARG:55 53 29 52 6 41 12 60 4 58 70 8 31 18 77 2 23 37 63 74 25 51 22 73 59 17 9 64 57 1 94 19 62 20 24 98 68 30 83 86 67 95 36 39 33 87 84 47 88 69 91 65 66 90 21 35 56 72 71 10 85 26 54 78 34 44 7 14 15 32 80 76 3 97 13 50 43 5 92 46 48 11 45 82 75 42 16 61 49 38 0 28 40 99 93 27 96 89 81 79 
TEST 61 ARG:83 87 62 82 36 68 54 70 72 9 99 44 47 64 58 45 53 40 61 11 84 73 31 63 35 69 0 26 28 22 97 90 55 42 7 33 77 78 17 30 41 67 88 16 95 74 91 76 92 96 29 60 15 94 59 51 23 6 52 50 39 20 46 34 27 79 4 25 89 37 85 56 2 38 3 32 12 24 43 98 18 81 10 65 71 13 19 66 5 14 75 8 86 1 21 48 80 49 57 93 
TEST 62 ARG:48 73 54 44 32 45 68 39 87 27 97 5 70 94 83 12 49 24 20 43 77 4 55 89 63 42 88 40 22 17 15 60 9 0 59 13 16 3 92 96 30 46 81 58 2 74 61 31 69 64 52 41 72 50 67 75 80 84 28 82 86 85 38 34 26 90 7 65 53 11 66 29 1 76 98 6 35 19 36 21 8 47 10 18 57 62 23 99 71 51 91 56 78 33 93 25 37 95 79 14 
TEST 63 ARG:35 48 58 61 86 29 14 41 78 85 98 96 99 73 51 34 62 71 93 22 43 79 3 33 59 74 6 8 89 46 11 72 97 23 30 20 5 60 65 68 4 2 39 47 24 36 70 9 37 19 50 40 75 87 16 76 15 31 64 77 83 28 0 67 82 84 27 32 95 81 88 7 12 18 21 54 53 13 45 49 56 94 10 66 90 80 63 92 25 38 17 55 69 44 1 52 91 26 57 42 
TEST 64 ARG:40 43 85 69 65 29 52 97 53 76 21 92 68 63 46 44 39 19 27 55 0 64 13 32 62 10 59 56 7 99 38 61 90 34 84 31 14 12 86 88 15 79 91 2 71 1 24 37 17 93 4 47 3 87 89 74 36 8 41 60 45 94 18 54 67 58 77 80 70 28 66 98 20 78 9 35 50 23 82 95 6 33 25 81 57 26 72 42 75 73 22 49 5 11 51 83 30 16 96 48 
TEST 65 ARG:61 70 24 60 16 86 93 5 20 13 79 42 80 98 18 4 88 72 83 35 90 2 81 45 33 54 74 58 51 0 34 15 10 82 40 84 91 87 56 28 53 52 21 67 85 62 96 50 37 59 76 55 38 7 36 41 57 65 3 97 43 9 6 73 48 99 78 66 8 49 92 71 29 75 39 46 22 11 19 26 63 31 47 14 32 44 17 64 95 12 77 68 25 69 1 94 89 27 30 23 
TEST 66 ARG:14 98 45 58 9 51 43 25 16 29 63 21 44 84 79 56 75 23 55 81 78 18 67 99 40 93 62 97 95 28 46 69 20 90 68 2 27 92 10 64 82 96 26 35 71 70 77 11 24 4 89 19 36 52 87 33 7 53 1 72 13 38 37 48 41 65 30 59 12 80 74 91 88 47 17 22 83 6 85 39 3 94 60 34 31 76 42 49 8 50 86 54 15 32 73 5 0 57 61 66 
TEST 67 ARG:19 12 0 29 73 94 99 95 59 57 6 70 58 88 56 97 7 75 49 51 92 35 83 48 50 98 3 91 21 54 80 81 78 17 43 33 68 71 8 86 82 5 2 55 84 41 87 93 42 69 26 90 27 38 34 47 62 31 72 1 10 18 65 39 79 28 36 23 85 53 96 32 25 14 11 13 89 45 9 24 44 67 66 64 60 46 20 40 76 16 74 22 61 15 4 37 77 63 30 52 
TEST 68 ARG:4 44 26 6 2 52 92 86 74 32 11 28 96 82 19 33 25 42 1 8 62 98 97 41 89 48 53 10 71 45 63 81 72 88 27 50 80 75 30 5 58 46 83 90 22 16 68 47 77 57 37 59 55 91 36 31 79 85 3 67 65 64 87 15 17 49 9 93 99 95 7 0 61 12 60 56 51 70 40 38 29 24 66 78 73 21 20 43 76 94 34 69 54 14 84 18 13 35 39 23 
TEST 69 ARG:24 71 52 66 73 34 65 45 1 59 48 90 95 60 20 97 26 53 76 17 25 91 5 3 89 77 32 51 44 36 74 49 56 38 68 14 30 47 33 6 85 8 72 81 75 42 12 37 83 16 31 18 0 88 80 98 27 15 21 29 23 69 58 55 28 62 50 93 9 19 86 82 61 96 2 87 79 70 64 92 39 35 40 94 78 99 84 41 43 22 13 4 46 54 10 63 7 57 11 67 
TEST 70 ARG:89 14 40 92 77 37 26 19 66 11 33 71 17 88 69 53 70 1 0 81 9 32 84 27 15 21 98 61 74 25 55 12 30 6 4 91 35 23 22 93 20 47 86 42 58 41 38 39 76 56 24 64 96 2 95 29 18 50 43 78 83 94 48 44 3 65 36 5 16 82 72 46 80 99 51 59 79 67 60 54 8 68 10 63 57 97 73 28 13 31 34 49 90 7 85 52 45 75 87 62 
TEST 71 ARG:68 14 74 77 25 47 61 62 70 23 33 13 16 15 64 38 39 88 80 9 89 29 91 45 42 67 26 93 40 3 76 10 81 95 71 32 24 55 58 59 35 41 79 52 19 17 12 85 5 57 99 27 18 46 49 90 11 97 73 92 65 4 69 31 86 60 94 37 63 84 75 66 34 87 28 36 56 8 78 83 22 51 21 98 30 6 1 20 53 7 72 2 82 43 50 54 44 96 48 0 
TEST 72 ARG:68 34 84 16 94 35 0 44 17 21 51 2 11 99 83 24 71 88 55 8 56 48 80 93 37 69 33 12 1 38 53 72 92 67 87 36 42 18 13 74 82 22 85 64 57 77 25 5 28 4 70 61 32 43 50 6 23 30 90 76 86 58 60 31 75 9 78 14 81 26 63 47 20 40 49 96 45 65 98 97 29 66 19 3 73 27 54 62 89 39 95 79 7 41 59 10 15 52 46 91 
TEST 73 ARG:48 39 13 46 76 59 37 73 42 7 98 96 40 9 92 86 54 99 15 47 91 64 77 30 18 27 66 55 5 33 90 16 61 78 85 53 21 41 29 62 97 87 70 23 50 12 3 69 38 22 4 58 65 84 45 75 82 51 44 88 68 49 36 11 31 43 32 80 17 72 8 34 63 57 35 24 89 6 28 74 10 20 94 56 14 2 1 95 0 67 52 25 60 79 93 71 26 83 81 19 
TEST 74 ARG:80 64 74 91 66 32 60 48 8 58 47 35 71 44 19 39 10 13 11 5 92 93 0 37 27 61 50 72 56 75 29 46 12 45 62 67 30 25 4 49 68 33 94 82 23 81 41 89 97 95 59 2 98 20 42 70 7 18 14 21 17 99 15 51 88 6 87 55 78 79 3 1 83 77 90 65 9 63 52 54 53 43 86 69 38 96 36 24 84 28 40 26 57 73 16 76 31 85 22 34 
TEST 75 ARG:49 48 74 30 3 67 25 76 96 13 94 71 99 9 15 85 20 92 63 22 90 65 0 78 77 18 28 37 52 58 33 72 62 42 16 23 12 55 86 6 19 97 31 54 43 44 84 66 95 2 98 36 83 64 81 34 26 17 80 87 89 27 60 56 47 35 61 79 38 8 50 11 39 10 7 93 88 73 46 69 4 91 57 75 51 68 53 24 32 5 82 45 70 21 41 1 29 59 40 14 
TEST 76 ARG:10 93 60 6 91 45 85 15 83 48 13 21 2 49 39 31 87 7 62 61 11 97 22 77 95 33 50 63 57 82 69 75 46 19 35 89 53 47 0 30 40 59 79 74 1 20 86 42 9 90 5 55 14 98 44 52 64 37 80 66 28 76 84 26 56 54 68 3 8 65 32 23 34 43 71 92 25 78 51 70 24 36 73 81 4 67 72 17 41 94 96 38 29 18 88 99 12 16 27 58 
TEST 77 ARG:83 17 75 40 47 1 30 63 3 68 70 78 91 54 66 4 73 94 87 45 55 16 15 32 33 21 96 57 89 5 97 98 86 99 60 0 44 53 72 23 62 90 84 48 64 69 46 6 71 85 36 80 8 24 41 82 27 81 35 50 26 65 14 76 2 11 56 34 42 20 61 22 49 43 58 29 93 37 31 7 9 52 19 95 88 10 59 79 12 13 18 74 51 25 28 39 38 92 77 67 
TEST 78 ARG:29 86 96 41 21 74 59 93 77 19 33 15 40 38 46 7 39 9 94 14 63 64 90 60 8 30 48 10 67 88 65 62 22 18 68 92 87 5 72 24 0 45 34 32 25 76 52 79 43 42 73 69 75 53 70 4 98 6 31 51 1 35 78 20 16 95 36 17 13 84 66 80 2 26 81 58 99 49 61 91 54 11 56 83 89 47 28 97 57 44 50 3 55 85 82 27 37 23 71 12 
TEST 79 ARG:21 23 35 3 17 74 29 40 42 64 73 86 36 88 24 45 52 22 85 13 5 83 96 28 92 43 81 60 79 80 20 30 16 68 70 62 48 65 76 59 11 37 72 82 78 0 97 69 91 98 2 53 51 4 39 58 46 93 87 47 8 75 56 32 61 94 66 84 7 55 41 90 44 26 9 15 49 25 54 27 6 77 31 19 67 99 34 10 71 12 63 33 1 38 89 14 18 95 57 50 
TEST 80 ARG:39 4 38 6 94 49 81 33 5 22 86 74 83 9 23 96 92 70 57 3 34 58 26 28 2 67 93 18 30 69 32 73 12 36 14 61 1 20 62 51 82 8 25 31 95 7 56 97 98 75 59 99 24 55 29 47 43 21 71 54 68 85 77 53 27 11 0 37 60 41 35 91 90 16 46 64 80 88 89 66 17 63 15 87 10 42 84 19 79 44 40 45 72 76 13 65 78 48 52 50 
TEST 81 ARG:67 19 56 8 36 91 69 58 40 15 24 60 90 86 32 39 2 76 77 22 47 99 96 97 25 81 12 1 6 75 31 94 27 42 28 26 71 0 33 82 3 52 80 23 72 64 9 7 74 16 93 44 65 17 62 10 95 84 63 55 4 53 51 46 20 79 38 21 73 45 5 98 35 89 37 87 85 18 57 70 92 59 30 48 13 49 14 41 29 50 54 68 34 83 11 88 78 43 61 66 
TEST 82 ARG:49 99 39 45 1 10 83 25 3 43 97 67 98 5 63 71 65 89 54 94 92 29 69 13 8 7 47 11 84 61 18 88 51 59 35 16 80 66 44 78 6 42 40 23 14 87 50 36 12 57 62 91 46 21 19 15 70 53 72 41 56 75 60 2 58 93 34 33 4 0 20 90 68 30 26 77 79 76 32 52 95 22 27 9 74 85 48 86 82 55 73 38 28 96 17 81 37 31 64 24 
TEST 83 ARG:76 46 9 68 33 10 6 30 15 88 71 81 34 80 66 25 13 95 14 27 4 86 89 61 87 26 67 74 48 96 32 11 94 64 53 3 42 18 39 57 77 35 63 19 38 79 59 49 40 47 7 5 60 2 56 22 24 37 91 52 55 72 41 1 90 17 69 21 83 82 54 12 93 58 36 29 84 16 70 20 92 78 85 28 0 73 51 44 45 99 97 98 75 62 31 23 43 50 65 8 
TEST 84 ARG:15 96 95 81 29 52 49 55 60 0 61 3 28 65 90 14 1 20 47 87 34 31 79 7 85 18 63 83 73 27 10 42 94 23 76 33 8 68 70 13 66 46 54 36 74 84 69 71 91 26 39 57 77 30 2 98 37 58 62 11 93 17 72 12 64 56 97 53 9 67 19 80 89 75 25 21 50 86 88 48 92 59 43 99 24 41 5 6 32 45 40 4 51 22 82 38 35 78 44 16 
TEST 85 ARG:29 67 54 59 51 15 24 86 20 39 93 75 5 55 68 89 37 57 78 34 76 85 41 46 88 43 38 71 65 26 28 77 72 11 14 32 70 7 98 61 91 87 73 56 83 3 27 49 66 63 74 53 33 94 10 22 92 1 4 30 36 82 96 52 79 80 64 23 50 40 19 58 60 17 48 31 81 99 84 8 16 12 25 90 13 69 18 35 95 97 62 6 2 47 44 45 9 0 21 42 
TEST 86 ARG:66 76 86 4 68 92 49 15 38 23 27 32 7 19 34 1 88 95 73 10 56 67 64 13 43 75 78 42 26 72 16 31 71 47 93 89 74 48 70 17 40 80 3 29 69 5 14 20 63 39 28 98 91 82 83 9 45 53 62 59 61 18 57 85 77 50 90 60 51 55 58 2 44 46 65 96 97 52 81 36 21 54 8 99 79 11 0 30 25 6 37 94 84 24 35 22 33 87 12 41 
TEST 87 ARG:59 21 11 4 49 34 48 52 29 32 76 40 91 17 54 66 3 39 55 38 75 71 80 53 79 23 82 25 45 98 61 0 51 10 92 65 35 22 9 16 20 1 18 74 12 6 68 27 13 60 50 62 42 46 88 7 77 30 15 96 47 83 78 14 70 85 97 84 36 94 95 5 19 26 67 99 31 58 72 28 69 73 2 33 37 24 86 41 63 64 81 93 87 8 43 57 44 89 56 90 
TEST 88 ARG:47 77 39 93 31 74 12 55 54 6 10 40 96 16 11 58 4 1 75 95 80 51 64 3 26 60 53 8 45 65 68 84 28 35 19 66 87 72 82 9 34 73 52 38 44 88 71 23 2 24 94 17 83 92 76 41 5 78 37 42 98 43 46 91 30 97 99 13 57 15 70 32 86 61 69 79 59 25 90 7 89 33 20 36 21 22 63 81 67 56 14 85 48 62 0 18 29 27 49 50 
TEST 89 ARG:98 68 37 84 27 21 14 58 43 81 33 89 47 4 1 75 5 20 77 6 32 88 93 76 9 42 22 38 56 80 18 59 8 97 83 11 55 19 67 72 51 12 70 16 73 13 15 31 94 10 46 24 45 62 60 52 74 71 90 7 87 41 28 53 92 86 17 25 50 0 61 79 2 91 39 54 40 48 35 36 99 78 26 66 82 23 63 65 30 44 64 34 3 69 95 96 49 29 85 57 
TEST 90 ARG:52 92 17 19 77 10 39 54 88 28 49 81 73 27 16 20 7 76 51 57 14 75 26 3 85 42 12 11 21 58 15 22 13 41 32 59 38 97 69 47 99 40 18 72 89 44 84 36 43 4 60 70 65 95 80 53 2 79 66 93 86 71 68 1 78 48 35 8 74 24 29 25 37 63 98 6 56 94 50 5 83 45 34 90 9 64 62 55 33 82 46 61 67 91 30 23 87 96 0 31 
TEST 91 ARG:70 30 52 92 38 64 84 83 97 8 62 41 17 95 4 40 53 48 79 56 93 36 59 3 24 11 86 77 68 98 76 22 42 94 43 50 13 82 21 18 20 61 7 2 46 0 51 45 63 90 87 99 35 47 6 66 44 23 57 10 78 34 37 75 71 31 5 33 39 74 49 54 91 72 26 67 16 1 80 28 19 88 27 15 65 73 12 14 58 29 81 32 69 89 85 9 60 25 55 96 
TEST 92 ARG:85 10 0 27 25 37 75 22 33 51 35 44 64 92 36 81 95 89 47 56 67 65 60 48 15 57 98 24 54 88 43 99 55 42 83 8 50 91 23 80 38 5 68 46 3 96 76 74 16 77 18 86 45 39 73 32 49 62 97 52 70 58 7 61 34 94 31 17 29 4 11 19 30 28 20 63 26 21 84 41 9 14 79 93 2 53 6 1 71 87 82 40 66 12 72 78 90 59 69 13 
TEST 93 ARG:67 44 28 35 61 58 64 82 45 74 11 14 42 21 5 99 50 2 52 93 15 75 68 80 55 48 23 71 73 17 47 87 70 6 20 69 22 53 12 56 49 91 29 72 40 7 51 0 66 38 63 4 8 81 25 86 59 37 24 77 84 90 30 62 95 18 79 39 43 98 96 9 57 65 78 3 46 92 54 26 76 31 10 32 94 13 36 88 33 85 1 60 97 19 16 27 41 34 89 83 
TEST 94 ARG:10 5 23 50 88 82 96 51 67 39 2 20 9 43 63 54 24 71 33 99 30 27 87 85 76 79 34 69 84 89 38 28 22 57 60 11 86 93 32 90 29 77 15 17 7 45 64 72 19 37 94 59 80 66 16 3 75 62 0 68 18 98 73 55 36 61 12 81 21 40 4 26 91 42 97 44 56 74 47 92 58 95 35 49 48 41 6 14 53 52 1 25 31 8 46 65 83 78 70 13 
TEST 95 ARG:32 54 11 36 26 17 16 87 84 39 94 28 49 98 85 97 55 67 12 15 56 46 6 43 42 64 52 1 81 41 58 93 99 25 7 50 82 20 88 9 38 45 89 75 0 61 27 72 33 8 78 18 48 51 95 30 96 10 3 2 4 66 5 71 47 23 70 90 14 34 80 44 62 35 40 73 83 65 68 92 59 31 57 21 60 53 91 76 74 77 63 22 86 19 29 13 37 24 79 69 
TEST 96 ARG:25 58 98 3 8 92 74 49 48 99 20 79 64 62 67 34 31 27 78 55 19 52 30 37 26 14 23 12 43 71 89 1 60 91 90 39 24 15 44 85 2 69 45 88 5 40 28 42 87 33 53 97 9 11 73 66 7 47 80 38 84 41 83 36 86 57 95 94 75 4 76 22 70 17 32 50 63 13 18 21 96 72 61 6 77 68 35 54 29 82 93 51 46 0 56 10 16 81 59 65 
TEST 97 ARG:42 60 34 61 93 41 78 85 17 87 32 1 79 46 8 31 25 24 29 67 39 35 69 16 23 59 58 91 84 7 49 27 40 56 33 19 99 97 70 83 0 10 92 57 72 36 65 45 48 2 86 52 30 66 89 20 54 63 26 95 21 9 98 4 73 77 53 38 80 96 44 14 5 81 68 12 88 71 22 28 18 64 50 62 13 74 76 94 51 11 43 3 47 82 90 15 37 55 75 6 
TEST 98 ARG:89 57 39 58 97 43 15 25 32 17 73 10 70 77 38 21 64 20 45 81 48 24 79 0 11 67 44 12 1 93 46 49 4 96 82 6 42 98 53 9 31 86 3 94 51 19 78 69 41 2 13 88 22 61 85 72 26 23 74 37 90 28 68 91 60 56 66 92 7 27 50 30 83 65 54 95 35 62 14 63 99 55 84 52 5 71 8 76 36 59 18 87 47 34 80 75 29 40 16 33 
TEST 99 ARG:91 77 44 24 87 88 63 56 57 4 99 86 53 84 29 40 46 6 98 65 32 13 26 61 66 20 82 95 74 81 69 1 85 17 90 10 7 50 2 49 15 58 83 35 23 47 64 38 54 5 89 76 8 25 59 43 33 14 22 21 70 73 71 36 68 75 48 72 52 27 41 12 45 92 16 37 42 31 9 62 34 18 30 60 39 28 97 67 55 80 93 51 96 0 78 94 19 11 3 79 
TEST 100 ARG:79 3 84 38 66 18 75 47 55 11 41 48 7 58 93 16 90 59 45 54 17 14 49 25 71 96 37 74 40 81 82 20 76 22 26 50 13 51 33 4 0 94 80 31 36 67 61 64 35 60 97 56 1 85 72 24 63 10 32 65 99 30 12 62 5 43 86 53 34 68 87 88 83 70 98 91 69 89 44 92 29 46 6 9 2 27 73 57 8 21 95 78 15 42 28 23 19 77 39 52 
TEST 101 ARG:23 98 3 73 14 92 87 90 57 59 32 39 63 61 91 38 78 80 48 40 11 41 72 88 74 71 42 50 69 26 96 84 60 10 19 64 25 56 83 49 18 24 76 33 44 30 34 0 20 79 94 7 81 1 86 43 68 65 36 5 45 21 55 27 13 77 85 95 16 22 28 31 2 93 67 52 12 66 29 15 75 6 54 37 70 4 99 17 46 47 51 97 89 8 53 9 82 62 35 58 
TEST 102 ARG:85 93 17 7 33 68 72 76 88 27 73 52 30 75 74 31 23 66 10 80 69 12 96 26 19 83 0 55 13 21 89 46 58 67 50 40 24 62 49 4 64 86 34 16 47 95 22 98 25 44 9 32 56 39 90 71 42 99 79 43 11 59 97 82 1 2 36 3 20 8 48 51 92 6 60 28 81 45 77 5 35 63 84 87 61 65 15 91 70 41 37 94 53 78 18 54 57 29 14 38 
TEST 103 ARG:56 3 77 25 30 12 50 39 52 66 36 49 75 93 18 70 90 65 16 21 67 27 32 26 53 97 6 68 20 40 41 22 0 28 74 82 8 17 85 64 4 14 51 79 95 91 24 87 48 60 2 54 80 5 83 89 69 57 19 58 71 55 92 86 94 59 37 63 78 7 73 81 34 10 13 44 88 31 76 98 46 45 23 29 9 47 84 11 33 38 15 99 72 43 42 61 62 35 1 96 
TEST 104 ARG:95 65 87 82 86 29 11 14 61 74 4 77 49 6 59 9 24 26 92 64 73 93 15 97 68 22 12 80 18 99 42 30 50 89 52 0 13 23 47 21 88 85 1 57 66 31 17 70 41 27 25 76 90 91 44 33 32 54 72 58 46 36 10 79 84 94 28 63 16 56 38 98 35 78 7 19 20 62 48 34 53 75 2 51 55 45 69 39 96 40 43 5 67 37 8 3 71 83 60 81 
TEST 105 ARG:19 89 30 25 64 67 60 5 3 35 56 11 98 77 72 7 90 28 44 71 14 65 70 8 48 24 31 9 33 73 51 57 85 52 17 91 46 61 53 41 12 34 58 68 97 26 74 0 21 95 76 66 27 36 49 86 69 88 13 55 15 54 59 94 45 2 43 93 10 79 50 75 29 63 32 47 62 99 92 39 38 40 20 22 42 1 23 81 37 16 4 78 83 87 96 84 82 6 80 18 
TEST 106 ARG:88 89 62 68 8 9 17 25 79 31 50 94 15 24 97 78 33 46 16 49 96 40 1 52 51 76 35 23 13 37 11 6 98 82 67 83 36 7 12 86 3 20 38 85 61 60 22 74 65 92 95 44 45 93 71 41 69 75 21 57 4 32 54 77 10 19 70 47 73 34 2 42 28 29 59 99 26 30 58 0 81 14 66 18 56 72 43 87 90 84 5 55 91 64 27 53 80 39 48 63 
TEST 107 ARG:99 39 89 25 83 15 96 95 61 19 43 85 13 70 88 45 58 62 4 27 41 68 77 66 79 53 50 71 64 47 97 36 42 80 74 84 67 54 22 21 82 52 12 23 56 49 59 60 57 26 20 51 33 8 76 75 98 17 3 81 44 24 16 63 72 34 0 48 78 55 18 46 30 32 31 91 73 1 11 92 35 37 29 86 6 7 9 10 28 87 94 40 90 38 69 65 14 5 2 93 
TEST 108 ARG:95 31 51 57 30 5 84 54 80 58 11 24 75 91 77 56 67 97 19 50 38 17 7 2 37 93 88 12 63 98 71 73 86 62 16 82 44 70 22 25 87 18 49 32 0 29 13 48 94 81 21 72 1 92 28 6 89 9 10 43 23 79 20 26 39 83 55 61 3 4 34 78 69 14 76 68 47 96 8 27 45 35 65 60 52 99 41 36 46 40 33 64 90 53 42 85 15 66 74 59 
TEST 109 ARG:87 56 13 82 54 83 86 89 81 97 90 46 40 70 98 29 77 0 44 78 51 22 21 99 31 4 80 63 28 88 85 16 62 71 65 53 96 17 76 25 93 14 27 95 50 37 9 30 32 60 12 45 47 7 72 24 38 94 75 55 61 58 49 41 15 23 92 8 42 18 19 33 79 57 64 1 69 91 84 35 10 74 43 11 34 66 20 48 5 39 67 3 26 73 59 36 2 6 68 52 
TEST 110 ARG:68 49 41 54 19 98 64 36 8 9 27 63 11 43 61 51 83 70 58 0 76 66 69 82 20 24 72 71 46 14 15 55 1 73 87 59 90 81 29 53 40 18 84 97 42 74 93 5 78 22 96 28 44 50 80 60 32 23 89 30 26 17 67 79 48 34 2 39 12 3 45 56 94 33 47 37 6 65 25 75 88 10 7 92 85 99 86 77 35 57 62 31 16 4 38 52 91 95 21 13 
TEST 111 ARG:60 63 6 99 82 90 65 68 64 22 79 24 31 57 2 8 32 25 21 20 42 89 51 53 18 97 83 72 0 66 37 49 81 85 77 84 34 58 93 48 55 7 40 30 29 70 62 80 45 27 35 23 47 41 76 3 78 36 52 13 56 11 91 61 5 73 1 54 59 19 39 44 94 10 67 15 86 96 74 75 71 33 92 9 46 16 14 98 69 50 26 87 28 4 12 95 38 17 43 88 
TEST 112 ARG:89 80 59 3 88 83 24 58 70 73 9 78 60 16 91 71 31 81 23 74 21 90 96 95 1 45 38 48 69 93 13 0 50 67 46 86 39 27 34 63 97 17 2 98 29 10 20 53 22 84 92 30 32 26 55 51 47 19 4 94 28 6 79 8 42 76 12 61 52 41 87 14 65 75 37 77 18 49 40 62 35 36 54 99 43 64 82 11 57 66 56 7 68 44 72 5 33 15 25 85 
TEST 113 ARG:21 52 19 34 6 49 72 88 25 16 45 18 86 54 61 9 29 66 2 40 42 71 30 58 94 84 5 13 48 50 44 7 87 97 85 98 99 55 43 69 38 93 70 3 36 51 74 57 15 17 41 37 81 80 76 8 78 1 67 56 31 14 95 12 27 92 64 83 33 23 28 60 96 47 24 82 22 4 73 91 79 89 62 65 75 59 11 46 68 77 63 20 26 90 10 32 53 39 0 35 
TEST 114 ARG:14 24 59 1 27 79 30 73 45 67 93 10 85 64 66 89 6 63 77 90 37 92 96 83 51 55 33 36 20 16 44 82 99 19 86 53 88 81 61 4 80 8 39 47 25 74 0 75 78 97 17 62 84 13 40 91 87 76 57 95 70 23 12 11 50 34 41 69 15 31 60 7 65 21 56 52 28 72 71 9 49 68 18 42 43 94 46 5 58 2 22 98 38 29 32 48 26 3 54 35 
TEST 115 ARG:17 10 66 87 96 93 57 22 32 94 58 49 5 12 4 60 33 6 62 34 67 69 35 84 41 56 8 80 39 76 14 86 90 15 47 59 48 11 74 81 28 37 26 30 89 0 82 64 24 68 77 31 16 63 83 44 54 23 98 55 75 95 50 78 40 97 88 36 3 45 92 65 79 73 19 20 70 61 71 91 13 18 43 51 52 29 72 99 21 42 2 38 53 9 46 85 25 27 7 1 
TEST 116 ARG:89 16 10 90 79 78 37 94 29 68 31 60 73 59 64 2 23 24 21 18 86 72 40 6 95 75 42 87 20 36 58 88 91 93 81 33 98 43 65 77 99 5 26 9 52 34 3 51 8 22 45 57 66 50 4 13 41 44 54 17 70 46 12 83 27 11 49 1 74 80 38 97 47 14 35 56 15 53 55 39 48 84 61 71 0 19 25 30 63 69 7 67 76 32 96 92 85 28 62 82 
TEST 117 ARG:79 44 10 81 18 37 30 32 57 24 14 87 56 66 67 0 94 41 91 40 1 86 80 17 73 62 61 21 75 76 33 27 68 78 3 96 59 22 65 8 63 5 88 92 52 15 50 48 70 38 12 84 29 7 11 49 54 64 77 25 53 60 4 23 2 82 19 46 13 93 89 74 9 69 35 98 42 71 34 51 47 31 55 39 72 90 36 99 28 83 43 26 20 85 6 97 45 16 95 58 
TEST 118 ARG:83 58 44 3 56 21 8 45 32 38 57 97 30 25 6 65 13 93 82 85 16 15 18 66 62 76 92 90 42 73 43 71 41 95 79 91 39 29 31 61 54 49 72 96 75 2 12 34 17 70 9 35 47 88 69 87 33 14 86 80 68 40 84 81 7 60 5 26 10 28 99 24 50 64 77 20 19 37 67 74 48 22 23 11 53 98 27 51 78 94 0 52 4 55 89 36 1 63 59 46 
TEST 119 ARG:30 57 67 31 35 40 14 2 60 96 41 10 54 79 78 68 70 26 15 9 21 87 69 85 3 24 44 28 8 17 49 58 42 37 29 16 33 84 51 86 81 91 59 36 46 88 52 61 38 77 56 89 48 53 83 71 97 47 66 73 12 75 39 6 0 80 82 99 27 11 23 20 65 93 62 50 76 19 22 95 4 34 92 94 64 63 18 32 98 13 72 5 1 55 90 45 25 74 7 43 
TEST 120 ARG:85 94 88 59 17 39 43 77 57 37 76 83 2 5 89 70 10 11 72 51 93 96 35 82 31 61 46 19 8 97 20 49 90 34 48 99 42 67 98 92 71 55 3 41 87 84 54 4 69 33 6 63 13 58 28 18 65 29 66 38 56 81 75 27 47 21 74 62 16 23 50 0 12 45 44 52 40 60 32 24 7 9 68 78 73 36 91 26 53 80 64 95 25 22 15 86 79 30 1 14 
TEST 121 ARG:66 74 26 6 97 38 17 0 3 39 80 8 22 5 91 28 7 64 11 78 84 25 68 57 73 12 61 50 20 67 47 60 86 45 30 13 81 95 71 15 58 19 63 76 51 83 98 36 89 32 42 53 55 23 82 56 35 96 16 10 29 1 75 72 37 87 69 27 79 46 41 90 49 14 40 52 21 33 59 99 94 31 43 93 77 24 88 62 70 2 54 9 48 65 18 44 4 85 92 34 
TEST 122 ARG:54 75 64 62 30 0 50 51 19 31 35 26 52 21 41 67 10 83 63 95 11 92 46 42 23 36 13 16 84 59 48 99 32 3 9 76 29 89 53 57 2 65 22 28 12 81 17 96 73 49 60 34 25 70 45 14 20 72 1 71 93 15 44 87 47 18 98 43 8 91 82 58 78 55 85 69 74 97 77 7 90 24 4 38 37 27 88 94 40 39 6 86 68 61 33 66 79 80 56 5 
TEST 123 ARG:78 38 82 31 33 50 97 62 61 16 21 47 37 26 68 73 1 23 77 66 74 36 95 20 32 40 34 42 53 86 15 0 79 70 51 2 91 98 4 18 55 85 84 72 39 56 71 57 44 30 48 54 65 25 35 11 88 3 96 64 60 8 12 41 67 69 5 94 89 87 29 76 9 83 46 49 10 19 7 6 59 22 80 27 81 90 92 52 45 93 17 99 28 58 24 13 75 63 14 43 
TEST 124 ARG:86 26 3 16 43 35 21 63 9 6 2 68 66 50 77 48 85 98 71 54 58 91 10 55 19 82 39 67 33 92 28 84 59 90 22 62 46 15 11 70 7 17 64 88 42 51 87 74 47 31 20 29 76 14 78 93 79 18 69 24 49 57 36 95 32 37 56 38 27 89 8 0 41 97 13 34 45 5 81 60 4 65 61 96 80 99 25 12 53 72 30 23 1 94 83 52 40 44 75 73 
TEST 125 ARG:1 46 0 28 52 88 85 15 21 73 32 40 55 19 36 79 44 8 92 49 64 23 60 39 57 47 91 30 96 24 68 72 14 67 18 3 5 9 75 59 20 86 4 80 35 37 22 26 50 97 42 31 90 76 33 70 6 83 63 94 58 78 25 69 27 98 38 87 45 7 13 95 12 53 71 34 84 48 93 10 62 43 54 17 74 61 11 66 81 99 29 56 51 77 41 65 89 2 82 16 
TEST 126 ARG:37 20 47 74 31 72 61 80 7 84 70 50 67 14 3 2 35 21 29 91 15 19 81 43 77 55 32 64 12 9 92 71 36 94 85 26 98 90 75 44 99 89 11 54 46 53 16 25 38 83 5 39 66 82 30 33 27 4 65 58 76 69 57 34 41 28 51 49 45 10 86 60 73 1 56 52 88 40 87 97 59 93 23 22 17 68 0 79 8 78 48 6 96 42 18 95 24 62 13 63 
TEST 127 ARG:13 31 82 58 59 40 1 30 61 43 53 73 69 48 92 2 33 67 98 38 8 86 36 14 4 6 93 42 23 49 64 20 50 95 88 71 65 44 25 26 97 18 90 9 78 62 22 54 7 21 68 35 84 15 3 32 87 77 80 75 76 83 45 70 51 46 57 29 74 28 37 60 11 47 99 91 94 27 56 66 81 16 39 34 96 52 55 5 17 79 19 63 24 0 85 12 10 72 89 41 
TEST 128 ARG:36 58 70 4 42 47 11 28 99 3 75 78 46 94 20 49 1 45 92 90 41 69 86 74 66 31 33 88 9 73 43 22 81 29 77 39 19 5 54 27 65 96 50 98 57 37 87 34 26 17 56 64 38 15 67 52 79 97 95 30 83 21 53 71 63 6 25 48 7 80 8 32 60 82 35 10 12 40 24 62 16 61 2 72 59 44 51 18 13 84 23 89 93 55 85 0 68 14 76 91 
TEST 129 ARG:27 79 64 49 47 83 90 24 85 2 18 58 3 93 72 7 16 87 52 9 32 8 57 19 67 60 22 25 0 75 54 74 40 41 30 20 78 42 76 46 50 69 63 82 56 43 35 15 4 33 11 53 48 81 84 55 45 23 39 92 5 34 62 77 14 28 91 37 13 96 73 65 61 26 36 12 71 98 31 95 29 1 88 17 44 66 86 38 80 70 6 94 10 59 68 89 21 97 99 51 
TEST 130 ARG:75 18 40 21 69 81 10 42 58 48 39 8 77 63 55 61 52 45 98 1 73 31 27 6 34 46 96 47 70 76 67 4 35 97 79 20 59 56 44 9 23 57 91 83 68 65 50 90 25 49 80 36 71 92 30 43 88 3 2 66 17 12 62 13 60 74 82 5 99 53 24 85 26 72 14 86 87 22 64 33 89 78 29 15 0 93 28 84 32 41 94 16 7 51 95 54 19 37 11 38 
TEST 131 ARG:89 34 58 72 46 8 51 15 4 69 25 40 42 2 44 35 99 81 13 7 75 22 45 17 55 5 6 67 87 32 94 23 37 97 66 41 24 38 30 48 18 10 50 92 83 74 60 52 29 78 88 16 54 53 71 36 64 93 26 43 85 12 20 98 1 21 47 95 57 19 91 49 96 63 9 68 56 27 73 80 86 65 84 82 59 31 28 70 11 62 76 39 3 61 0 79 14 90 33 77 
TEST 132 ARG:1 5 7 18 82 86 61 79 84 89 44 71 70 2 10 52 8 74 12 96 16 33 55 58 50 31 36 57 83 87 94 60 59 26 32 23 64 38 15 30 13 92 20 37 98 4 90 97 53 19 63 48 72 85 49 91 34 22 41 27 35 28 46 54 68 78 39 0 67 45 51 77 6 88 14 99 43 75 80 29 93 65 69 81 66 95 42 3 24 62 76 73 47 56 17 9 11 21 40 25 
TEST 133 ARG:9 5 38 77 54 61 16 2 23 15 29 4 12 64 90 10 53 65 13 82 35 81 26 68 91 17 50 69 48 70 1 58 92 95 99 56 67 31 37 25 88 84 0 49 98 39 72 57 97 3 8 24 36 83 85 96 71 34 74 86 7 27 47 75 89 76 14 32 20 40 44 79 94 66 87 52 62 30 41 33 42 46 93 22 6 19 60 45 63 11 18 78 59 28 80 73 21 51 43 55 
TEST 134 ARG:14 37 81 17 38 65 47 6 88 4 52 51 58 27 60 79 46 55 39 99 61 16 0 23 35 32 95 56 10 59 41 97 72 63 9 78 42 20 5 33 57 83 15 67 82 69 54 29 11 28 8 92 64 1 96 7 45 34 90 44 98 77 25 2 93 19 87 22 70 30 50 80 89 91 76 75 85 18 48 66 36 40 68 12 49 31 21 84 62 24 74 71 53 26 86 13 73 3 43 94 
TEST 135 ARG:88 32 42 79 29 97 91 36 27 33 28 83 70 84 80 65 35 95 92 98 82 13 99 56 25 2 48 12 38 45 7 24 4 59 87 68 1 77 57 19 8 11 50 34 31 55 58 96 81 69 9 86 75 72 49 63 71 78 73 44 41 61 64 51 14 85 62 52 5 74 37 93 46 16 3 43 53 22 20 54 90 76 17 30 6 89 21 15 40 23 0 39 67 10 26 47 66 60 94 18 
TEST 136 ARG:88 39 85 64 99 32 13 19 8 3 10 30 47 43 67 74 68 31 96 0 86 14 45 11 58 56 95 57 81 89 65 93 77 22 42 69 83 55 82 87 73 54 84 1 91 92 21 35 94 60 63 70 49 33 53 23 4 24 38 72 15 12 6 76 46 52 75 78 80 26 44 28 18 79 50 51 98 25 20 48 27 90 40 71 62 5 97 16 2 36 7 59 29 41 66 37 61 34 9 17 
TEST 137 ARG:49 81 84 12 3 2 4 7 73 76 13 86 27 41 47 62 74 53 43 35 33 69 30 50 48 90 79 91 65 11 96 25 32 10 89 40 66 19 21 42 55 20 68 18 61 78 57 8 31 39 16 82 45 56 17 6 5 83 24 88 98 38 59 0 64 67 23 29 95 70 94 34 77 26 22 46 97 72 36 92 60 87 52 14 63 44 1 80 75 85 99 93 58 9 28 15 54 51 71 37 
TEST 138 ARG:97 16 28 52 99 13 87 7 67 75 69 59 79 85 64 49 74 60 88 48 1 10 6 0 4 55 14 39 45 62 47 46 93 30 37 98 27 15 94 50 35 81 54 96 29 76 71 53 89 77 92 9 70 17 61 33 91 36 44 25 84 82 34 43 18 3 41 66 12 31 5 72 21 11 19 26 40 73 8 32 90 95 51 38 78 80 20 24 22 58 86 63 57 65 68 83 2 23 56 42 
TEST 139 ARG:22 91 54 69 21 90 39 65 67 15 76 51 48 34 0 58 17 38 42 12 13 74 52 99 92 85 45 5 19 77 7 78 53 49 95 80 29 83 37 14 68 27 87 46 50 8 9 82 35 84 59 97 18 73 36 93 79 11 86 60 88 33 20 71 3 89 47 81 64 70 28 10 25 4 44 98 61 66 23 31 94 26 63 96 2 55 32 56 72 57 24 16 6 75 43 1 41 40 62 30 
TEST 140 ARG:95 66 0 25 15 19 49 62 17 57 43 30 93 2 34 71 96 82 7 64 80 38 11 77 63 87 72 26 13 78 81 33 90 39 61 16 45 1 83 24 42 55 23 92 91 22 68 6 35 56 10 86 28 85 69 14 98 59 5 50 52 18 9 97 31 4 89 47 65 53 60 27 46 32 37 51 73 44 21 58 79 54 94 41 67 88 70 48 8 99 75 12 20 74 3 84 40 76 29 36 
TEST 141 ARG:70 76 82 86 81 46 74 15 7 87 39 49 43 42 28 65 47 99 41 64 55 59 97 14 20 95 88 84 69 51 10 18 40 75 17 2 38 93 1 85 94 33 83 5 21 32 54 91 26 36 61 90 37 27 89 9 24 56 63 6 66 19 11 58 72 98 3 8 79 22 80 34 4 53 71 44 60 57 48 78 68 0 92 45 13 31 30 52 73 50 29 96 67 35 16 12 62 23 25 77 
TEST 142 ARG:34 11 57 59 93 51 32 29 72 8 1 18 22 49 40 38 31 6 81 13 84 3 35 54 64 17 53 91 76 78 67 61 52 44 19 88 45 26 89 47 55 15 97 42 10 4 80 58 74 5 92 65 48 66 39 69 2 27 21 83 37 56 99 36 90 96 16 95 79 30 33 70 60 77 62 68 85 43 20 75 41 86 25 12 71 94 0 9 23 82 24 46 7 98 87 63 50 73 28 14 
TEST 143 ARG:16 8 56 75 70 6 68 50 35 66 60 73 4 5 51 18 71 59 85 39 69 82 24 83 74 62 57 94 30 95 96 36 80 13 88 20 44 21 3 12 64 34 32 45 28 1 9 76 55 38 10 46 63 27 47 11 89 2 48 79 77 65 97 31 81 25 93 33 17 87 86 84 72 43 52 37 49 99 90 98 7 23 53 91 61 26 0 78 58 42 54 67 40 22 15 29 14 19 41 92 
TEST 144 ARG:16 97 31 89 19 22 71 35 77 78 60 36 55 93 72 65 50 51 0 87 2 29 33 9 47 52 57 94 40 64 27 30 6 1 49 79 12 76 10 17 48 11 96 54 38 20 14 69 61 91 68 41 8 25 3 5 73 45 66 67 28 85 92 24 23 46 15 84 32 86 21 7 58 81 34 83 43 82 70 56 74 44 90 42 13 39 80 75 53 98 88 26 63 59 18 99 62 4 37 95 
TEST 145 ARG:94 57 22 87 11 54 95 82 72 5 50 8 85 6 41 74 4 98 23 81 76 58 3 34 43 63 88 69 21 70 45 7 92 29 25 16 75 17 77 73 38 64 28 1 52 84 78 79 14 32 80 10 42 20 68 40 18 90 33 89 24 0 66 30 91 56 46 61 93 44 51 99 71 2 59 27 9 31 86 47 15 97 26 19 65 37 83 49 35 48 96 53 60 13 36 55 67 12 39 62 
TEST 146 ARG:42 72 93 56 44 33 4 20 70 59 96 8 71 16 58 41 78 50 69 34 90 47 81 74 13 11 22 80 82 92 35 2 95 73 61 83 98 66 26 1 60 68 46 51 36 53 19 76 25 85 37 0 62 91 48 6 57 18 45 43 77 52 17 21 79 75 87 5 86 24 97 63 49 32 23 67 15 29 14 64 65 99 10 9 31 3 88 30 84 94 89 40 54 12 55 28 38 27 39 7 
TEST 147 ARG:57 34 4 77 70 62 14 55 0 97 50 67 74 48 24 51 90 93 49 9 20 88 84 36 94 76 42 46 73 78 53 89 58 15 37 83 12 38 44 21 87 95 43 86 96 29 63 23 16 28 39 31 69 92 19 2 26 60 99 10 27 3 79 8 91 66 80 45 71 72 35 25 7 61 6 54 85 65 1 30 56 22 64 32 59 52 33 75 18 68 13 47 17 5 40 82 98 41 11 81 
TEST 148 ARG:39 85 12 3 15 42 91 51 72 74 95 48 54 98 66 99 23 27 17 86 26 59 60 34 1 9 63 25 49 73 89 94 47 83 61 77 28 6 2 67 44 18 22 38 68 58 29 4 56 46 82 5 70 92 41 40 96 84 13 36 57 81 62 87 7 80 10 0 37 69 55 31 65 78 21 88 35 64 19 11 90 52 24 33 79 43 45 8 32 93 20 16 75 50 71 14 97 30 76 53 
TEST 149 ARG:92 21 87 97 73 96 61 2 45 8 38 34 0 63 27 91 12 39 80 88 47 24 86 66 10 67 76 78 77 29 82 60 15 3 95 4 71 11 53 83 65 81 25 79 48 18 46 58 98 70 62 54 37 59 32 99 16 85 52 31 90 33 13 89 64 51 94 35 72 56 75 68 19 23 36 30 69 5 40 1 44 17 84 14 42 55 28 43 50 22 41 57 74 9 93 49 7 6 20 26 
TEST 150 ARG:87 84 5 85 75 52 60 26 77 97 0 28 70 55 11 1 20 48 41 91 33 65 72 68 69 74 53 19 31 8 89 32 4 81 58 3 22 73 39 57 92 82 18 76 7 98 27 71 80 56 24 51 93 61 44 88 37 45 30 49 13 21 23 25 35 96 50 94 34 38 62 90 6 99 83 14 67 29 15 63 64 2 46 95 40 86 42 79 36 47 12 59 66 43 9 10 54 16 17 78 
TEST 151 ARG:18 98 51 84 26 36 39 67 45 24 12 76 28 37 85 7 77 50 47 62 2 65 1 15 74 78 3 27 53 61 30 58 17 16 31 4 92 41 95 40 94 75 66 6 21 42 87 80 14 5 34 32 97 72 19 60 81 83 88 59 64 91 82 0 93 25 8 44 48 20 9 69 22 71 99 55 35 43 86 89 13 57 56 54 38 29 10 23 33 70 11 73 52 46 90 49 96 79 63 68 
TEST 152 ARG:55 91 62 89 61 59 18 84 73 94 25 26 5 21 49 87 4 85 58 30 98 50 60 75 79 92 13 27 8 86 77 9 20 97 93 68 63 2 38 76 56 32 80 57 46 17 74 0 19 39 53 16 66 31 14 6 22 88 29 37 36 96 43 67 10 15 34 24 52 90 64 72 48 78 83 3 11 33 65 95 71 47 7 42 51 12 81 35 41 1 44 70 99 82 40 54 23 69 28 45 
TEST 153 ARG:53 27 40 77 23 81 19 89 61 96 9 85 99 87 18 10 21 7 91 13 79 3 29 38 24 94 32 2 57 69 73 74 42 70 33 68 14 37 26 15 59 80 22 98 71 20 88 55 60 82 0 46 92 63 64 93 25 30 31 6 86 4 5 90 58 17 43 95 48 65 45 76 49 47 83 84 41 34 78 39 50 67 75 12 72 51 56 8 28 11 35 66 54 1 62 52 97 16 44 36 
TEST 154 ARG:64 43 68 55 26 23 16 37 54 71 34 10 82 98 59 72 56 97 46 63 90 78 75 87 15 58 28 31 84 19 29 21 83 13 89 35 44 93 81 67 22 14 2 3 80 76 40 9 92 5 32 73 62 27 47 88 48 41 65 50 11 95 7 33 8 86 12 25 1 17 99 6 85 24 61 53 60 74 96 52 91 36 49 38 69 30 94 79 4 39 70 51 57 0 77 18 66 45 42 20 
TEST 155 ARG:58 23 60 86 90 49 15 46 10 69 72 27 12 93 66 11 99 64 51 89 67 92 38 24 78 82 76 4 96 94 77 36 57 53 33 35 97 47 34 85 37 45 75 61 32 28 41 50 79 9 7 56 22 14 20 17 98 16 62 29 21 13 83 65 71 31 73 8 48 43 52 44 88 55 2 70 39 30 6 3 19 59 5 87 63 80 26 81 0 18 74 25 91 40 1 68 84 42 95 54 
TEST 156 ARG:19 57 5 21 46 17 40 63 85 91 79 67 43 39 71 35 84 89 29 53 68 62 81 49 28 33 34 52 31 95 22 98 97 47 59 61 13 87 73 99 64 1 51 69 9 60 65 90 10 6 48 78 86 30 56 14 32 92 37 74 0 77 12 88 7 3 94 20 36 15 82 24 75 42 72 55 83 25 27 66 93 41 54 50 18 38 76 45 26 16 80 23 96 58 8 70 2 44 11 4 
TEST 157 ARG:96 60 62 71 23 7 28 64 74 76 97 4 0 22 37 13 69 46 91 56 24 52 78 38 87 31 9 1 26 42 14 93 94 18 57 85 29 79 2 11 66 35 58 61 75 30 5 98 80 83 17 84 34 59 54 39 92 49 40 21 95 99 27 77 25 82 63 89 32 3 12 44 36 72 48 20 86 15 67 43 41 70 19 73 8 68 53 33 65 47 50 81 51 16 45 90 6 55 88 10 
TEST 158 ARG:0 4 27 28 49 83 14 26 87 58 43 54 66 55 23 2 22 95 61 31 82 48 63 85 42 15 59 92 30 20 19 67 7 18 60 90 24 98 99 75 74 96 64 16 71 11 73 84 39 46 40 34 37 29 94 6 33 88 68 12 70 38 10 21 3 8 56 97 44 51 36 69 35 77 53 50 17 57 62 76 72 78 86 1 25 91 80 45 93 5 89 9 81 32 41 79 65 47 52 13 
TEST 159 ARG:22 81 84 94 36 18 7 23 67 93 30 29 62 4 68 66 2 12 24 72 69 40 96 77 11 15 52 41 71 54 57 32 9 88 51 0 98 59 91 28 76 73 46 82 90 74 89 79 33 86 34 55 53 8 13 43 10 45 58 48 60 16 61 37 78 26 64 25 83 19 95 85 80 39 63 5 31 70 6 87 17 56 50 47 35 20 92 97 65 75 38 49 27 99 1 21 3 44 14 42 
TEST 160 ARG:60 3 68 5 94 79 70 88 11 41 87 22 50 97 27 38 49 15 64 78 7 30 8 45 26 89 73 48 21 16 82 54 18 53 4 96 33 61 40 42 74 99 67 59 35 12 25 93 47 10 17 92 71 62 91 44 83 81 20 84 63 34 36 86 32 76 14 52 19 2 55 57 6 72 51 80 75 13 95 90 56 24 23 65 43 1 39 46 66 85 98 58 0 69 31 77 37 9 29 28 
TEST 161 ARG:48 59 95 84 9 53 52 82 5 68 27 19 58 94 17 65 41 0 14 1 49 56 32 30 78 20 57 61 75 64 89 37 97 2 7 24 35 12 45 39 47 76 43 44 31 6 36 54 21 72 71 51 70 11 22 16 91 80 25 10 40 85 3 33 74 8 77 60 28 90 88 67 4 18 96 66 29 13 46 73 63 50 38 98 83 99 69 87 92 26 86 79 34 42 23 55 62 93 15 81 
TEST 162 ARG:18 29 17 24 10 99 81 38 11 23 50 61 35 43 67 93 4 65 98 31 9 49 53 95 41 59 8 0 27 75 46 68 71 60 73 87 52 55 13 89 12 78 62 42 57 79 74 90 48 86 80 34 22 76 15 30 40 6 66 91 20 26 37 84 28 88 47 36 77 69 56 25 64 92 83 82 94 39 1 32 7 14 70 45 2 19 21 3 96 85 54 58 44 5 72 51 16 97 63 33 
TEST 163 ARG:22 41 28 97 72 66 39 78 56 55 99 21 31 4 11 9 19 51 71 67 63 18 13 86 5 12 74 59 26 38 75 27 65 68 70 14 64 10 77 43 6 35 45 47 53 49 69 52 50 80 20 57 33 79 76 3 15 54 96 82 48 61 7 83 36 94 98 37 90 2 17 46 85 58 0 73 23 84 40 62 91 34 25 93 60 44 8 88 42 87 24 16 95 32 1 92 29 30 89 81 
TEST 164 ARG:24 67 38 43 88 93 49 63 86 78 81 32 79 62 13 4 56 12 20 74 37 35 27 33 68 25 26 53 40 55 14 44 30 66 41 31 59 46 97 45 51 84 65 39 82 10 64 48 0 60 34 70 47 15 73 94 52 99 1 75 28 98 96 18 54 16 76 8 85 80 90 7 92 72 36 77 58 89 69 5 22 17 21 61 71 3 50 19 9 57 87 95 6 23 29 42 11 83 91 2 
TEST 165 ARG:36 14 10 4 55 83 51 30 79 84 77 50 38 31 17 24 9 11 66 6 47 90 64 71 1 28 80 35 56 23 34 67 8 85 97 48 57 2 95 41 86 52 25 68 82 5 73 91 59 62 92 58 29 3 96 44 16 74 94 78 98 20 54 7 27 93 87 63 42 43 53 89 99 72 37 0 46 26 81 19 15 33 18 49 39 60 88 21 61 40 65 70 69 32 45 13 12 76 22 75 
TEST 166 ARG:48 9 71 96 11 52 8 2 38 94 42 31 98 56 10 40 51 75 74 50 19 46 13 45 91 70 5 65 57 22 82 20 47 21 67 12 90 63 86 59 15 3 35 55 29 93 83 28 95 0 69 79 25 76 99 49 41 78 37 81 6 85 44 54 62 66 61 1 30 32 34 27 39 16 17 43 89 23 14 7 87 92 68 80 84 4 58 36 77 72 18 97 88 24 73 64 26 33 60 53 
TEST 167 ARG:2 34 7 49 55 45 21 74 57 17 9 47 67 97 15 14 12 27 90 24 41 23 36 44 85 60 95 33 54 5 50 79 64 42 43 65 53 89 88 58 25 75 31 38 96 72 87 46 48 66 13 37 29 10 26 52 93 6 40 18 71 63 92 82 80 3 70 1 56 32 99 22 28 83 0 19 8 39 69 77 11 98 20 62 86 81 51 94 30 91 16 84 68 76 35 78 59 4 61 73 
TEST 168 ARG:88 19 65 44 28 39 53 11 79 35 14 34 15 5 98 99 22 90 7 54 0 2 52 61 18 84 45 42 38 13 26 9 20 78 24 69 59 3 27 92 63 89 43 12 21 29 97 4 50 94 83 17 85 6 66 41 8 91 67 72 77 10 58 75 36 31 30 81 95 62 82 51 25 86 70 56 32 60 33 16 87 57 37 96 93 64 76 47 49 71 40 46 1 23 80 74 55 73 68 48 
TEST 169 ARG:55 43 59 3 5 76 54 44 19 14 66 84 67 49 95 85 46 35 56 48 78 69 64 37 1 11 89 41 70 21 23 93 42 79 17 33 80 86 13 6 50 28 30 32 15 60 52 73 96 27 36 0 18 58 63 74 57 65 98 29 94 87 68 92 45 72 91 62 51 25 40 22 7 24 97 16 12 71 81 31 26 75 20 4 2 61 90 88 82 9 77 99 53 8 39 83 38 10 47 34 
TEST 170 ARG:66 87 49 83 21 90 81 6 38 44 10 86 12 19 73 50 46 69 24 98 18 70 94 28 14 35 17 76 93 72 26 48 8 2 34 74 27 53 3 47 77 37 60 31 33 52 65 32 59 54 7 42 95 41 96 99 82 63 64 57 61 56 92 22 97 80 84 78 62 4 29 51 71 85 58 43 9 36 5 89 40 55 11 79 68 91 67 13 16 30 39 20 45 0 23 88 25 1 15 75 
TEST 171 ARG:0 70 94 49 66 92 88 93 46 62 45 96 78 17 23 56 57 95 59 38 50 43 37 4 39 91 76 89 7 15 27 3 32 68 73 98 31 67 53 18 12 22 72 36 20 85 55 77 21 13 6 11 86 29 74 33 48 25 71 97 81 79 65 52 5 61 60 24 44 83 41 69 99 35 42 82 34 9 58 84 16 90 26 30 10 14 75 40 87 8 1 51 80 28 54 63 64 2 47 19 
TEST 172 ARG:21 8 37 20 19 3 0 71 56 60 63 44 38 17 70 61 54 14 22 1 92 62 74 12 64 34 5 84 76 6 59 79 36 93 78 82 53 41 85 80 24 51 94 91 46 55 9 45 48 99 11 97 73 33 96 27 98 69 77 10 50 67 68 87 43 72 75 58 90 57 32 29 18 4 26 16 89 49 83 40 23 47 2 86 35 31 88 39 25 66 81 7 13 95 52 30 15 42 28 65 
TEST 173 ARG:51 23 94 4 1 7 34 64 5 52 37 28 61 36 90 15 91 30 95 78 41 35 11 40 12 14 66 2 19 76 0 69 81 10 56 50 31 84 73 93 25 96 45 49 63 42 97 89 39 98 26 80 13 20 92 87 8 18 29 3 75 55 77 21 70 24 83 16 33 79 74 54 67 22 38 65 32 57 88 72 62 71 99 85 60 48 9 47 86 27 82 6 44 46 53 17 68 43 58 59 
TEST 174 ARG:32 23 21 80 29 64 72 2 10 18 99 87 4 53 58 55 42 88 8 33 13 92 71 94 14 66 20 63 40 16 45 24 9 46 19 25 22 43 62 95 27 79 89 68 75 41 35 81 36 73 65 60 48 3 11 77 44 17 69 61 38 12 78 76 84 1 82 34 37 6 57 7 51 70 47 30 5 98 96 15 59 49 26 56 74 85 31 54 67 86 90 0 39 28 50 91 93 97 52 83 
TEST 175 ARG:41 74 63 73 80 68 90 96 69 62 64 84 31 1 82 8 22 45 46 38 59 23 61 78 28 42 76 15 94 71 55 37 24 9 66 18 85 93 98 51 7 16 92 43 11 72 48 27 54 57 12 14 26 87 34 91 35 83 19 3 5 52 75 47 17 25 33 58 39 0 56 20 77 2 10 95 29 97 40 44 67 70 4 50 6 53 81 99 13 36 86 30 49 89 88 65 60 32 79 21 
TEST 176 ARG:86 18 84 49 99 85 10 76 75 0 69 68 94 93 4 92 67 9 60 80 17 22 2 52 1 28 79 59 37 7 44 14 20 72 25 45 12 3 31 35 27 58 38 90 30 63 50 55 57 95 97 87 36 29 42 13 88 91 81 23 78 96 89 73 66 48 5 74 46 6 15 40 53 65 98 70 39 8 19 54 83 11 56 61 32 82 47 71 24 62 41 77 64 26 16 33 51 21 34 43 
TEST 177 ARG:50 30 1 47 87 20 8 85 91 52 73 93 82 2 69 88 13 37 57 22 81 21 25 62 74 86 76 9 40 34 49 23 98 75 79 53 56 17 77 29 44 96 10 42 72 46 99 12 94 43 89 14 39 78 38 95 90 68 28 15 11 35 26 59 18 70 71 7 45 3 0 65 54 6 41 32 27 58 5 19 61 84 31 16 36 83 92 48 60 64 67 80 97 63 55 66 33 51 4 24 
TEST 178 ARG:38 32 16 54 79 53 19 56 81 87 92 72 4 65 76 59 48 70 5 40 84 27 33 95 34 62 69 83 67 11 24 61 17 2 80 14 89 82 71 9 75 43 58 22 3 94 37 29 47 26 41 90 73 45 60 6 63 1 18 96 36 85 39 77 21 97 52 86 98 28 12 31 55 78 15 42 51 88 13 7 23 46 57 35 64 8 10 50 44 93 30 20 49 74 66 99 25 68 0 91 
TEST 179 ARG:56 25 54 81 23 94 0 87 69 17 40 63 5 6 2 65 79 66 28 4 3 99 53 31 33 9 1 46 20 32 89 70 72 71 73 11 27 84 68 91 93 18 12 19 74 61 7 16 24 49 29 37 10 83 30 44 47 45 41 78 67 39 43 80 60 22 36 95 42 96 86 88 97 55 15 48 59 62 26 77 8 52 21 51 13 90 76 50 85 82 38 14 92 58 34 98 35 57 75 64 
TEST 180 ARG:13 79 41 93 18 5 8 54 95 33 30 20 71 2 36 0 1 61 60 31 81 14 66 46 99 47 94 96 65 70 74 88 22 78 15 25 51 27 3 12 9 90 50 84 68 91 29 24 63 34 58 38 52 97 72 53 43 76 42 28 87 26 86 59 10 62 37 57 92 48 11 83 49 39 64 32 45 82 80 75 40 69 21 89 35 67 85 19 16 77 44 7 56 23 55 17 98 6 73 4 
TEST 181 ARG:28 20 36 14 5 15 63 9 81 55 39 80 46 70 89 50 42 1 43 51 2 94 38 35 10 73 0 96 34 77 53 87 33 12 44 27 25 24 86 13 82 6 97 16 49 58 7 60 99 4 3 72 76 17 48 75 71 41 56 61 8 69 67 22 54 40 90 68 37 29 95 83 93 21 23 31 66 57 74 52 88 32 18 65 11 79 91 78 45 85 64 62 26 30 92 98 47 19 84 59 
TEST 182 ARG:92 32 62 54 41 16 67 4 57 31 1 35 90 77 53 59 50 55 51 21 48 9 25 74 93 39 37 97 19 44 13 81 29 85 36 61 6 11 2 38 91 18 5 42 43 65 88 0 46 15 20 3 64 71 27 26 17 33 94 66 70 7 22 76 96 40 34 73 10 75 87 63 56 78 49 28 60 72 58 80 23 52 83 12 69 86 30 24 45 82 89 68 95 14 98 47 84 99 79 8 
TEST 183 ARG:69 46 82 74 12 45 20 90 78 40 67 63 62 36 76 16 77 60 75 52 37 24 80 28 68 6 23 8 29 65 81 14 53 61 39 43 59 86 71 54 83 44 50 31 15 27 4 11 56 42 1 72 92 35 47 57 19 34 49 87 93 55 9 18 3 33 13 97 0 64 98 7 89 22 10 58 30 25 21 96 51 5 94 84 2 91 79 88 48 38 32 85 66 99 17 41 26 70 73 95 
TEST 184 ARG:12 46 34 65 80 77 10 79 78 62 5 83 50 1 73 98 13 15 85 20 8 88 45 91 31 16 23 19 70 18 40 66 96 97 17 38 63 64 57 59 74 81 54 68 60 58 47 41 9 99 75 2 94 43 35 55 37 95 67 92 48 33 71 36 22 84 86 6 56 44 7 90 42 49 24 89 69 32 4 11 30 39 51 27 72 52 14 82 61 76 87 21 29 28 25 0 53 3 93 26 
TEST 185 ARG:10 5 14 16 33 24 37 92 61 51 94 80 88 2 59 62 46 39 43 41 86 3 47 19 52 75 20 7 13 31 22 74 17 63 54 50 65 1 11 44 34 79 0 77 21 67 84 95 28 8 38 91 23 29 32 76 25 60 98 72 73 18 83 57 30 85 71 26 48 64 68 82 58 12 90 66 78 87 99 89 96 35 56 97 40 9 27 42 69 93 15 55 70 53 6 4 81 36 49 45 
TEST 186 ARG:52 3 9 90 59 65 23 19 60 79 29 74 12 98 21 54 85 33 40 22 10 76 91 57 89 78 39 30 44 20 14 0 48 5 96 27 97 38 87 72 18 92 53 84 55 86 16 63 93 58 61 99 83 95 88 62 34 4 36 51 13 43 26 35 45 80 8 2 56 50 67 37 17 77 24 81 82 68 75 64 46 41 73 47 69 49 94 7 66 15 42 1 31 28 6 11 32 25 70 71 
TEST 187 ARG:62 96 94 13 90 73 43 51 46 37 98 89 69 93 31 33 74 58 85 95 23 16 67 26 92 5 32 68 3 41 59 36 39 35 17 57 63 21 99 20 55 1 84 8 54 97 24 65 10 40 52 15 72 4 48 38 50 12 7 75 27 19 60 88 79 34 77 80 6 61 2 56 18 11 42 91 47 0 44 71 49 64 83 30 86 22 87 28 78 9 45 14 81 66 29 53 25 76 82 70 
TEST 188 ARG:98 34 51 18 6 57 12 15 97 74 46 32 39 50 21 85 93 61 44 52 16 82 8 55 37 95 0 22 68 91 31 94 48 19 81 2 84 25 76 80 3 35 99 62 86 20 96 10 42 33 64 75 7 49 47 58 23 29 59 72 73 30 60 14 77 78 24 36 67 17 89 90 88 66 26 53 11 45 28 13 41 1 56 9 71 83 27 65 5 79 69 87 63 43 38 70 92 4 54 40 
TEST 189 ARG:93 80 79 65 23 2 48 11 6 77 98 71 12 58 86 8 88 44 70 56 64 54 92 96 85 41 28 99 31 97 21 50 63 68 7 60 95 9 49 74 43 76 61 3 82 84 24 18 47 39 83 17 51 27 34 14 45 22 20 55 10 1 72 66 89 30 5 78 29 25 42 75 32 13 16 38 19 53 35 57 62 26 81 33 69 15 73 0 91 94 52 37 59 36 67 87 4 46 40 90 
TEST 190 ARG:12 49 99 60 5 21 0 82 40 28 1 9 35 93 79 75 19 31 3 46 15 10 61 6 8 84 90 65 97 52 63 67 14 70 73 53 23 89 32 86 2 94 74 29 13 30 4 11 85 95 38 43 47 25 76 48 45 72 80 26 37 16 59 83 51 41 88 96 33 71 17 44 91 87 34 78 77 50 57 62 22 27 55 98 42 7 58 56 68 66 69 64 18 39 20 24 81 54 92 36 
TEST 191 ARG:48 71 4 98 99 16 57 66 45 60 54 96 61 69 1 24 33 89 65 40 20 58 21 59 92 83 79 44 49 95 62 0 3 26 37 85 36 63 97 52 7 42 9 75 70 15 94 25 31 5 73 28 6 56 43 88 84 77 87 90 12 27 17 18 81 41 47 50 46 39 67 86 76 35 93 78 32 82 22 2 8 30 53 68 72 29 11 19 91 64 38 74 23 13 80 51 10 14 55 34 
TEST 192 ARG:22 15 66 30 76 33 43 50 17 85 49 41 72 84 65 99 94 87 75 26 69 59 92 97 44 96 31 8 19 29 38 70 32 95 81 47 52 93 40 11 89 28 25 71 10 20 64 18 21 60 62 86 73 90 53 35 57 42 4 88 1 54 74 5 83 48 2 24 13 98 78 27 61 7 9 14 58 16 3 80 79 36 82 34 91 23 68 12 0 63 39 56 46 55 67 45 51 77 6 37 
TEST 193 ARG:5 61 9 29 17 19 80 67 70 77 73 40 63 36 41 53 6 98 50 89 46 27 93 16 71 13 42 54 57 69 76 20 31 65 25 47 4 39 55 12 84 49 82 22 51 78 56 90 44 30 23 64 91 8 24 35 11 97 75 86 92 95 14 60 10 66 88 96 43 33 99 52 21 59 34 87 18 26 37 3 45 85 79 15 81 94 48 0 7 38 1 32 62 58 83 28 2 72 74 68 
TEST 194 ARG:70 33 16 43 73 80 95 66 52 39 71 22 9 87 10 8 20 96 77 36 2 30 78 31 75 11 17 6 79 24 81 89 69 55 13 21 27 74 64 86 63 3 51 35 93 15 67 68 49 62 53 46 72 45 57 5 84 19 7 88 60 25 65 4 92 42 99 59 90 58 85 76 38 41 1 32 83 91 44 34 12 37 94 23 98 0 28 56 26 50 14 18 48 97 82 47 61 54 29 40 
TEST 195 ARG:62 76 61 13 35 58 36 0 12 98 42 60 31 90 51 6 87 22 88 50 79 15 83 48 92 10 8 99 44 5 97 63 70 32 57 45 17 47 72 91 23 7 11 18 27 82 46 34 40 65 54 25 81 93 71 39 30 26 56 49 64 55 75 94 37 74 77 68 9 21 3 19 2 67 95 73 20 43 14 33 38 66 53 86 16 1 59 84 4 89 52 96 78 28 29 85 69 24 41 80 
TEST 196 ARG:61 36 59 8 79 74 2 82 95 1 91 77 51 35 37 60 73 39 25 52 42 46 89 70 11 94 54 4 24 31 84 68 27 75 21 88 67 58 76 93 15 32 14 57 13 41 18 64 6 44 10 97 38 81 17 48 65 28 49 43 19 33 7 26 87 98 99 20 71 55 47 5 45 30 34 9 80 22 92 96 50 85 62 40 12 53 29 78 72 0 86 3 69 90 83 66 23 63 16 56 
TEST 197 ARG:20 31 3 68 54 92 15 39 12 83 5 67 85 32 56 84 80 19 13 38 48 86 93 99 41 87 96 53 42 98 58 89 26 25 34 60 10 4 18 43 17 88 55 37 79 51 64 97 2 35 49 65 90 33 74 8 75 94 91 59 14 70 27 24 52 40 82 61 69 16 62 7 9 71 46 11 0 95 50 72 47 77 30 6 73 76 45 21 44 23 1 63 29 81 22 57 36 66 78 28 
TEST 198 ARG:77 67 34 3 18 51 72 37 4 12 31 61 73 28 39 6 29 82 0 86 66 96 68 91 83 64 46 13 11 8 16 49 81 89 48 87 69 2 19 95 22 80 35 24 20 60 88 54 42 74 7 62 41 43 76 85 38 50 79 58 47 9 92 70 15 45 23 94 26 36 59 44 56 75 1 65 57 71 52 55 93 32 84 30 27 5 17 25 10 98 99 33 53 90 40 63 21 14 97 78 
TEST 199 ARG:41 97 60 68 35 64 93 31 72 26 89 43 95 42 92 3 28 4 38 78 47 48 21 67 54 25 63 19 59 90 20 99 79 80 0 23 36 52 83 70 34 8 71 14 51 57 94 13 46 69 55 75 73 40 77 76 17 12 74 29 7 39 30 11 15 6 66 9 45 87 88 53 49 81 10 96 18 91 82 84 33 2 85 50 24 58 86 44 16 32 5 27 56 65 98 62 1 61 22 37 
TEST 200 ARG:6 63 59 65 52 10 76 20 45 33 75 37 99 54 69 15 98 46 86 19 44 43 42 80 23 88 24 71 30 77 12 85 2 25 97 64 89 62 0 91 34 16 67 21 50 73 28 55 57 41 39 9 17 11 93 7 40 68 49 87 79 35 56 90 82 26 96 53 95 8 58 47 83 32 27 22 74 1 61 92 29 70 94 51 36 31 81 18 3 72 84 14 5 38 66 4 60 48 78 13 
TEST 201 ARG:61 73 17 27 10 49 44 63 84 22 4 13 16 97 69 31 14 33 51 79 93 64 6 18 99 82 70 42 59 8 88 53 57 35 25 56 55 96 87 28 60 9 23 46 86 43 20 75 78 71 7 39 12 32 68 52 50 3 1 90 30 74 15 19 45 94 89 83 36 85 26 77 21 2 34 38 91 92 95 80 98 41 65 72 54 62 11 81 29 37 40 0 24 47 5 76 48 67 66 58 
Multiple size <= 500
TEST 1 ARG:106 -1 -181 -122 54 -234 168 200 -100 91 146 211 23 115 147 152 165 227 173 188 -67 -20 206 11 52 -14 -56 16 195 78 99 -28 -129 77 -96 112 -76 -120 248 -239 -108 -237 220 -55 117 181 -16 101 132 60 -86 -31 -130 -15 27 114 197 -195 -135 84 -66 39 62 68 232 -109 -6 167 -22 -39 -182 243 213 175 119 -148 140 22 95 203 -240 -58 -178 -29 -192 -17 47 143 234 190 -112 204 19 247 -52 -65 151 239 75 202 110 -201 -186 26 177 -169 -4 185 229 109 116 -36 -119 40 85 161 96 -203 -142 -106 51 -98 30 -102 -243 -247 135 193 133 164 -233 -62 -219 -132 -173 -93 241 145 231 -196 92 -227 71 -147 -176 43 -113 -183 66 120 118 -162 154 121 82 -204 -57 87 76 -12 225 21 182 -208 -99 -145 -211 33 -72 20 222 46 246 -71 -197 -141 57 136 36 50 -97 -7 93 111 148 41 124 -59 -168 -159 29 -188 150 -63 123 144 -33 -210 126 -150 180 -149 149 -75 32 -24 64 -226 17 -82 63 2 -70 -207 -9 -222 -88 238 0 -153 228 -212 -187 158 -94 94 35 -123 -38 139 224 -144 186 -185 -248 -49 155 -61 -69 -3 -74 -179 -190 -205 3 -152 6 -206 -189 -115 72 -13 137 209 -198 53 -34 187 -170 233 18 67 -27 -127 -138 205 -125 235 -180 -175 -229 -164 -235 -241 -73 -225 -64 214 129 58 -10 -116 -18 61 242 178 -218 245 179 -215 -214 -171 184 160 -193 -245 81 -37 -118 -154 159 -128 -92 244 -121 -60 -78 13 44 -191 236 217 34 -202 -174 86 -161 -160 -101 208 -165 12 5 -114 -200 -220 -199 -25 171 -244 74 -172 -68 -21 10 -91 55 -242 -137 45 215 -194 172 37 212 198 -133 8 9 -143 142 -89 -228 49 -54 100 189 31 -47 -156 -232 48 141 127 88 1 -136 -53 -246 196 7 59 -111 -107 163 194 104 -50 -157 216 -8 97 105 221 162 -48 176 170 -26 -85 -167 24 249 4 -110 14 107 201 28 -83 83 108 56 -81 128 102 -184 138 -249 125 -105 103 192 -126 -32 -42 113 -41 -134 -146 210 90 -158 -236 -151 -44 -131 -155 38 130 -19 65 -140 174 -45 98 -230 42 -177 153 -95 69 166 191 -35 131 219 183 169 -117 -216 -79 70 -43 -213 -166 122 199 -163 218 -104 -23 223 -5 -90 -30 -51 25 -238 -2 79 157 80 89 156 -124 -139 -217 -77 230 240 -46 -221 -250 -103 15 -87 -209 226 237 134 -223 -84 -80 -231 73 -224 -11 207 -40 
TEST 2 ARG:104 -70 237 57 175 -186 -141 -103 173 -46 188 98 -182 94 -175 127 -248 133 -246 37 154 -150 -179 25 184 45 -134 -17 21 226 178 221 -174 -68 -227 238 -144 -66 -8 -197 -223 11 -224 32 -172 28 -173 112 117 -202 97 36 -225 230 212 -58 77 -231 61 134 -193 91 -198 55 -41 125 200 -161 210 -196 69 -129 -40 -84 17 -51 -142 110 105 -187 -74 -87 211 -210 179 -228 -112 -233 -166 -50 -185 -211 119 -92 -115 204 -9 223 -158 -104 201 40 -64 144 65 -15 222 -19 142 9 -217 -128 16 38 138 -152 -214 33 -219 236 -24 213 247 123 -90 -89 152 227 10 196 -65 -27 -183 -44 -221 232 -100 -143 -105 146 -190 -140 -229 -1 -59 60 -146 248 20 1 185 145 -48 102 -86 155 219 0 92 -244 82 115 197 -126 198 -4 41 46 -131 -180 -130 106 -205 183 171 -151 240 6 -10 90 -14 26 -31 120 -154 -160 13 99 -237 -78 -76 233 -85 167 -33 -62 103 186 150 137 75 141 182 47 -241 44 -213 181 53 58 -199 -35 -201 -208 54 -157 -218 -215 2 -212 -164 192 191 143 84 -114 242 80 -242 -102 -171 158 190 51 -204 50 -34 64 241 203 177 -18 168 245 -137 163 -145 -168 172 -122 136 -167 -53 -43 -247 43 113 -235 22 -38 -37 130 -20 -77 -88 220 209 -222 5 216 -226 218 243 -23 107 -3 159 -71 -54 56 -230 -133 86 -207 -188 194 66 71 -184 -216 -125 205 132 74 101 108 128 -243 -119 7 49 52 162 -194 249 225 135 -162 180 157 -250 -181 4 -139 -69 -120 89 -220 34 122 68 27 215 48 -116 234 100 -81 -121 -94 124 111 195 81 -109 -63 -118 160 24 -96 199 -47 87 -7 -80 18 -75 -177 78 -240 -232 176 -209 -82 217 59 -111 121 -39 -95 -138 148 -57 206 35 187 -113 -136 -169 42 -55 -170 30 -153 109 -45 114 -99 -28 -106 73 -135 15 246 118 231 3 -72 164 156 140 229 161 -203 -108 207 19 -107 131 -189 214 129 -147 -132 -124 -127 174 -192 228 -30 83 166 -22 -52 149 -12 151 -178 244 202 -21 95 169 -176 153 -110 170 88 -191 67 193 -234 -42 -123 -67 -163 29 23 -245 72 -29 224 85 -155 -239 79 -156 -165 -13 -97 -83 -238 208 126 -73 39 -195 -148 8 165 139 -49 63 -93 96 147 -5 12 -117 -2 -32 -6 -101 -60 14 -98 -149 -79 116 -56 -249 70 239 -61 -11 76 93 31 -16 235 -26 189 -159 -206 -236 -25 -91 -36 62 -200 
TEST 3 ARG:-117 245 -39 -199 -232 105 -21 -76 -105 -136 80 -142 79 -53 -141 166 8 202 -93 185 215 58 -192 0 -185 -73 -38 71 110 147 233 137 -166 174 130 34 -246 61 153 77 -240 -95 193 -27 42 -201 178 -66 168 170 -128 -145 -126 50 190 -208 200 -65 -2 -74 -9 -18 101 93 -153 43 31 171 -91 15 118 163 224 -207 -149 128 135 13 -4 158 -182 33 -87 205 112 -150 218 249 199 -250 -58 232 86 41 -158 149 -197 -211 230 -216 23 -107 -50 181 -179 -45 222 70 -61 -225 -84 -195 -14 92 136 88 -102 -229 -245 89 -127 -15 109 -160 56 -176 197 -237 -156 94 239 -238 39 18 -68 -77 -44 -104 -248 154 -19 -23 -135 29 -31 14 -125 -204 236 -1 243 -114 160 -116 -180 -234 7 60 -56 196 121 -213 -80 97 -121 -113 -6 -152 216 -94 115 -172 -72 -162 47 107 210 -54 -90 -28 -98 -22 133 211 227 176 68 -111 -108 -198 -112 198 -24 140 201 113 -64 -181 248 10 -92 -11 57 -29 142 240 85 -140 55 -81 -200 162 194 21 206 -215 228 -206 -37 -5 -202 69 -223 -196 -46 -168 52 -189 -70 -130 -20 -203 226 175 165 126 6 32 -89 -36 189 122 -171 180 1 20 -139 -169 -71 -173 -40 12 -26 237 -49 17 102 64 -101 235 -194 76 214 -13 212 167 -82 16 -239 150 131 -146 -167 -62 220 177 45 -222 234 5 -16 188 11 26 87 95 -154 99 49 -10 67 -241 127 151 -134 203 238 -69 40 -178 81 19 -57 152 -132 -41 231 63 244 -242 83 -97 98 164 -184 37 -186 -210 53 -170 2 59 -3 -220 -174 -212 -137 -221 -231 -122 106 -110 82 -60 138 -35 116 -228 35 -244 134 -161 156 225 24 -120 28 96 159 -75 51 -157 -51 91 74 -67 90 -233 -217 143 -12 145 117 9 -214 36 100 191 -187 -32 219 -235 -103 241 78 139 -243 104 -100 -147 -144 242 -151 -17 -205 247 -249 73 -34 -85 207 65 -163 192 25 132 22 221 187 -190 213 -227 229 -8 173 -129 -133 -230 146 141 -7 108 4 -96 -43 -118 -164 148 48 -247 -148 -219 -48 84 111 -165 -177 62 204 195 -99 125 44 120 124 -52 -59 -175 54 72 -42 217 -209 -79 123 223 114 179 -109 183 -47 129 208 169 182 38 103 -83 -78 -25 161 -138 209 -33 -119 -226 -106 -193 3 -191 46 246 -224 75 -131 155 -218 157 -86 -55 -159 144 -236 -124 30 -88 172 -188 -123 -63 -155 -183 184 -30 -115 186 66 119 -143 27 
TEST 4 ARG:-155 54 -138 -30 -80 -239 -9 -150 -188 -152 1 -72 248 -194 225 219 -231 13 -182 116 -187 -190 -125 172 58 40 -154 153 -108 138 -126 76 64 112 190 220 -168 -100 8 -107 -103 -69 212 -207 -204 -54 204 145 -236 -70 243 51 -101 -110 59 39 -191 216 175 156 -92 77 126 165 37 184 -203 238 -214 -211 143 -113 223 -134 71 -4 -165 -158 215 27 -246 195 167 -13 -68 -6 -172 207 161 134 -216 31 -5 121 105 36 67 -67 -59 90 -163 70 -124 -35 150 -139 -118 86 -153 -73 129 -11 -116 -178 -225 -185 -83 244 209 -230 107 -46 -31 -52 144 194 -228 180 -243 -85 -12 57 -197 -179 68 -220 100 224 -247 26 -121 -133 168 226 73 6 -77 197 118 -90 -102 2 -199 122 0 -86 88 -218 -244 -78 -180 217 -167 -238 21 203 -142 -74 -42 249 117 234 -27 -245 178 -82 23 -209 -16 -87 135 -177 -64 -23 213 108 80 66 182 -33 -221 -61 -55 63 -151 171 7 -40 -161 34 38 -114 157 229 101 169 50 -250 -210 -249 -19 46 119 -169 56 191 18 222 -222 -242 -196 -227 44 9 205 199 130 -115 170 111 102 -217 84 -232 30 48 -241 42 162 109 98 -76 103 202 -2 -206 -215 -17 -127 -122 -173 60 -63 -240 45 -146 41 140 -224 -105 113 -135 -45 28 -109 -34 72 -120 230 242 -112 -106 127 -89 49 -97 155 -183 221 201 -205 152 -48 -145 -131 -208 -44 200 93 -88 237 -75 91 -56 32 136 137 -198 -234 131 218 -193 147 -200 -132 55 43 -233 16 148 33 -1 -223 35 53 -213 17 139 149 141 -141 -160 158 235 -20 -137 -95 -21 -51 65 104 -14 -91 -237 52 192 125 -41 -147 -18 -65 4 198 92 97 236 -174 177 174 241 -129 -99 115 211 -29 -143 -248 -171 210 124 -93 246 -32 208 22 -15 -202 187 -62 245 120 -47 -60 179 69 25 110 133 173 14 159 -229 3 11 -186 -157 114 -123 -128 227 185 232 24 61 166 5 89 81 233 -166 -201 -7 83 193 106 -219 96 -184 -53 -159 123 163 78 99 -181 -195 -119 189 240 12 -140 19 -176 -37 -149 181 87 -94 -24 47 188 146 206 -144 -81 132 -96 -117 -164 -170 231 128 -28 29 74 -79 142 -39 -104 176 -84 -189 239 -71 20 75 94 -25 -162 247 -3 151 -26 -57 196 95 85 15 62 154 -22 -50 -36 -111 164 186 -156 10 -49 -58 -8 228 183 79 -136 -192 -43 -235 -98 -226 -10 -66 -148 160 -130 -212 -38 214 82 -175 
TEST 5 ARG:77 -147 194 48 179 30 27 167 -81 229 209 -31 -156 -160 78 -12 -23 122 79 -194 -191 -16 16 244 200 -65 -101 235 -105 -92 -215 218 -200 -159 -116 36 -114 41 97 -181 -180 237 185 86 187 136 -135 -202 -250 201 -231 212 -139 -58 83 -189 35 -8 92 154 -122 -204 -184 217 -121 -237 -87 -41 -72 -223 32 177 134 -113 -186 104 19 -64 150 -206 -236 18 82 114 123 -134 -124 145 -53 -126 9 -4 21 56 -37 102 -25 -129 -187 100 130 -54 -226 -227 93 -127 -2 -169 -162 246 -80 202 -73 205 -183 165 -164 -246 171 169 242 -195 96 58 74 -230 -44 -91 7 -20 -150 -239 -106 -172 -83 -21 -190 37 132 135 228 224 192 245 -178 -141 69 55 213 2 4 117 137 -59 106 29 225 25 -42 176 -62 144 85 109 -86 -219 238 -234 148 14 -112 -13 -240 174 -79 142 -100 -89 -61 159 221 40 44 -45 -192 -74 -176 126 -174 34 -161 -109 66 156 139 -36 -17 91 -216 81 152 -94 -67 3 129 -201 158 -95 -48 0 120 -151 184 203 215 47 175 232 -140 -207 -232 -84 -157 90 11 173 153 -35 -22 -119 64 -6 -199 107 147 -247 211 -43 39 80 -220 -108 155 -137 110 -131 62 -245 24 -242 240 94 -196 113 125 193 -225 198 -208 210 -205 143 162 195 43 76 239 5 17 -46 234 151 -102 186 222 -99 -120 49 63 183 -68 -63 172 -238 149 116 -47 89 -153 28 -30 88 -70 -152 -57 -29 249 -235 -33 -75 161 -228 -28 -185 115 -182 220 -71 248 -210 45 -82 236 -24 157 87 -10 118 206 -146 191 -168 -123 190 95 -170 -138 -241 223 -85 178 53 -179 65 -111 233 101 -229 -18 166 -32 -78 68 -27 -34 227 26 72 -132 105 -177 -90 188 -171 196 -198 -39 121 -76 -221 -203 23 22 -175 112 20 -50 52 199 12 216 -97 -213 50 -217 -188 -93 70 -49 -103 -40 -158 -173 208 219 54 10 128 -118 168 -209 61 -26 207 -55 164 138 -5 163 124 -144 -148 -165 119 98 182 189 73 -133 214 51 84 146 231 111 -15 6 -117 -130 -1 -248 241 226 -212 67 -115 59 170 42 -136 -11 8 -7 71 -51 243 141 -166 -77 -218 -193 -142 -9 -224 33 -98 15 -38 -145 -3 -107 57 46 31 -56 160 -155 -149 204 -14 -69 -52 230 -222 -104 75 -154 247 -249 -214 133 -96 -167 127 -128 -88 -244 197 -163 140 -19 -125 103 -60 99 38 60 -243 -110 13 180 -66 -143 108 131 181 -233 -211 -197 1 
TEST 6 ARG:-82 73 25 227 8 -135 -72 -215 -125 105 54 109 197 -61 49 230 -105 -114 40 165 -226 19 -31 -7 169 62 -89 33 -16 192 193 65 151 53 -96 87 226 149 106 183 -162 18 173 -68 -84 -137 218 -62 -71 27 -46 81 5 -3 -65 -195 -15 -152 26 -36 -132 207 90 154 2 85 43 205 -242 140 100 75 -25 -164 153 -191 55 -209 -157 150 216 -109 164 158 -88 131 -120 148 -225 -52 -220 61 95 -169 -144 -205 211 29 -176 128 -58 -184 -8 -45 -110 -196 130 -32 235 -28 125 -222 -30 -33 -134 120 -107 46 66 -123 194 -150 -27 247 -147 142 -181 134 135 -204 -41 167 -217 127 126 -44 -94 -59 70 -208 94 -10 -29 222 -210 174 102 214 98 103 -49 -140 0 196 185 124 156 -87 39 113 -80 -203 129 123 107 -95 101 136 -180 60 47 -113 115 74 -154 38 116 -246 -5 -167 6 133 93 -75 84 -117 -42 172 48 -50 -53 -247 -160 -69 104 117 35 12 184 -219 -121 -21 -126 223 244 191 138 -26 -240 198 234 -37 118 -93 178 224 -171 78 51 44 -51 -243 -43 11 199 76 -233 137 122 24 -149 139 -172 237 -97 -85 -202 16 -108 -66 -54 189 -229 -57 -100 -130 77 89 -139 241 -104 -24 108 -12 -98 -161 -133 64 -177 -192 -212 -74 -153 206 -67 -22 213 -227 -174 -63 17 -186 63 31 132 -230 50 -146 -211 -1 -86 -34 -245 -155 -35 69 14 -185 170 242 10 228 245 9 -206 -228 -39 -40 56 -198 -151 182 -20 -218 114 141 -166 210 7 188 1 79 144 -83 181 200 -145 4 236 159 168 -231 171 -163 155 -216 112 209 71 21 99 -6 201 -156 166 86 219 -99 146 -128 121 42 -238 -103 -56 -244 -70 -138 -168 52 -178 143 -124 -111 180 -241 -73 -9 20 -179 -102 203 -118 -48 -92 239 232 -190 -23 175 -183 23 215 238 202 -237 -143 57 152 111 32 -127 -64 -249 -13 -47 249 186 -119 -76 -91 -11 -194 246 -165 221 231 88 83 67 220 -77 -236 190 -129 -136 187 179 -188 -17 -221 -189 -148 -131 -200 176 37 -248 -197 -250 -223 147 -214 177 92 -158 96 -14 -141 -207 110 -142 -106 58 68 -112 -159 -60 161 -201 243 160 59 157 -2 217 145 -19 34 15 36 30 -232 -224 -115 91 -116 212 -55 28 3 -38 -175 -239 -90 -81 97 -170 195 240 82 -4 -213 229 -187 -79 163 -18 -193 -199 248 80 -173 -234 119 13 162 72 -235 225 22 204 -78 -122 45 -101 41 208 -182 233 
TEST 7 ARG:136 -85 -224 -88 180 -43 -28 -204 -20 -145 -122 -76 132 27 57 65 -143 -38 -187 226 -144 -56 138 -118 68 152 13 -246 -234 15 43 115 190 16 230 2 76 5 246 243 93 228 -91 -116 31 4 -21 -60 91 -25 -236 -184 -220 162 160 239 -207 30 61 -37 -191 144 17 -147 -11 -167 -212 -210 25 -227 164 53 -206 -78 78 3 -238 195 236 -225 -119 181 193 127 -112 218 159 14 249 -131 130 -87 -14 135 -160 117 19 124 -113 69 -41 -243 -58 -22 -124 -138 72 201 -194 -9 185 189 154 6 59 -4 -142 -241 -5 -157 -27 165 235 1 233 21 -149 -139 112 -232 40 -83 18 -77 -150 -136 186 -188 -129 -64 62 -240 140 118 106 33 -162 -186 47 -155 -233 -46 209 199 46 100 222 200 -197 -190 42 134 148 98 32 -63 -228 95 48 38 -36 -115 -30 -198 -189 204 82 35 -3 -174 9 -230 -39 -164 -12 -172 -183 -166 -181 -80 224 -221 -50 234 187 -242 108 -33 89 188 -100 -51 129 192 -209 -185 0 37 71 73 -34 221 -151 -105 -173 54 223 -214 -6 142 247 -57 102 -165 244 23 145 56 171 -108 104 173 -244 178 114 -146 -48 -208 -239 176 119 -125 242 -55 -26 28 -97 155 197 137 97 -148 -247 -175 -7 220 -171 -250 99 -18 -163 64 -217 179 -215 -199 -23 -35 87 -211 170 203 -111 -104 -180 -29 -82 -219 79 67 -72 -8 80 -249 217 -182 174 -218 161 -45 111 116 156 177 183 22 227 147 94 110 153 -168 77 66 74 84 -200 -84 210 -17 194 167 83 -231 -134 44 229 -61 -86 -42 191 213 208 96 -132 -68 -1 248 52 175 -205 -13 -73 -67 168 55 101 198 -101 -176 92 39 -117 149 58 -81 158 -169 -127 182 -110 -195 -137 -54 -32 212 -79 -141 -44 -126 -31 -223 -40 -216 85 60 -179 -98 -121 -170 121 -154 151 -89 11 -95 146 128 150 238 8 105 -213 -69 -156 -229 205 7 -49 103 123 26 126 34 143 133 -75 196 215 219 -203 163 49 -120 -128 -222 -96 -114 -24 -201 -248 -52 -226 166 237 109 -103 81 -159 -202 157 -152 -193 -158 63 45 -15 245 -16 -74 232 131 50 86 120 231 -192 -62 211 -99 12 214 29 88 90 141 139 -109 -123 -161 20 107 207 41 -66 -92 -196 -106 -93 -19 -90 113 -235 -10 -135 24 206 36 -107 -2 125 -237 -70 -59 184 169 -65 225 10 -140 240 241 216 51 -102 122 -130 -53 202 -133 75 172 -153 -94 -178 -47 70 -177 -71 -245 
TEST 8 ARG:51 179 47 -245 136 187 79 174 -232 -222 -131 -84 -43 228 -226 98 152 185 -217 108 -90 -223 8 129 -189 -166 14 -44 211 -138 -149 166 -170 239 45 230 56 -80 150 -66 243 33 180 -127 -12 -234 -14 -137 241 -200 -135 92 -75 -19 5 -105 -28 -65 249 -171 192 -83 216 139 137 -122 86 27 114 -38 -30 242 -238 -78 -1 -36 238 104 2 42 41 -150 -94 -202 -6 -192 -85 21 71 120 -89 -236 -231 30 -100 57 25 240 -27 94 101 -229 -109 -204 -119 49 6 218 -141 207 200 -180 -46 234 158 34 225 -76 29 -9 -173 -240 26 209 -53 -108 -167 -121 106 -11 -82 96 140 74 176 116 203 91 -64 -165 -110 -40 213 226 231 97 -193 -174 -154 75 173 204 -185 -116 -77 52 154 10 217 -56 194 1 -186 190 -233 -63 -79 -99 63 134 171 77 -102 69 -243 -113 -225 -133 -91 -32 126 -248 -114 20 -55 -199 -104 -220 -35 89 156 153 -2 -212 186 -179 -16 70 -215 19 36 64 24 -41 40 -207 246 -87 -210 -146 37 -172 -176 159 169 4 -97 -59 113 195 121 35 181 -206 229 -134 117 164 -147 191 119 15 130 12 -33 -128 7 -194 76 -70 -29 -126 -139 -219 -3 199 163 -221 39 -244 131 155 -142 -159 -155 -67 -71 172 -107 13 31 160 138 -156 -198 90 -42 193 -96 -153 182 -195 -92 -227 82 118 -228 -162 18 -242 128 -151 -125 133 149 22 111 46 43 135 23 236 85 61 -5 -73 110 -98 -74 161 -52 93 -93 -190 232 -132 -160 -124 -184 -118 127 -196 183 197 95 88 -218 205 -197 -209 44 212 0 -164 -61 222 -86 177 224 167 87 -163 -144 -130 -213 -211 -214 -72 102 142 -81 124 68 206 3 32 -23 -143 144 -216 215 107 146 141 202 -237 59 -103 223 9 125 -49 48 -187 -62 -8 -112 162 -249 109 -247 245 112 233 72 123 -18 147 -115 196 80 -169 -208 175 208 -111 -129 -152 -203 99 105 100 188 16 65 -50 -106 -191 -230 221 -120 -188 -26 67 78 84 58 -177 -48 -182 -205 189 53 81 -54 -24 248 17 -158 -47 -250 122 145 60 -136 -45 62 -58 235 66 184 -161 -17 132 -145 170 115 -181 -25 198 -22 -21 -148 -69 50 103 -34 54 219 -178 83 151 -241 -95 -168 -175 28 227 -20 -7 73 237 157 165 148 -37 143 -224 247 55 -51 -88 -13 38 -123 -235 214 244 11 -117 -10 -157 -246 -57 -31 201 -183 -60 168 -68 -39 178 -239 210 -101 220 -201 -15 -4 -140 
TEST 9 ARG:248 -127 -111 182 -174 116 61 186 188 244 -213 190 -145 226 157 -104 -198 159 -126 -166 -123 169 199 92 -154 49 -181 -69 0 -67 -109 -156 71 -144 202 -87 -168 -215 101 -71 -151 -177 15 -152 218 215 207 160 -150 -206 220 145 16 -245 126 75 -78 -139 10 -18 240 108 142 135 -110 149 -101 -74 -147 138 -77 107 86 161 73 26 -84 -226 105 -231 99 -185 -158 -250 162 -118 -171 -239 173 -114 143 57 -96 -202 -228 110 -238 9 -188 -9 13 -197 131 82 -14 -19 11 47 93 -23 140 -83 -37 -159 -34 -81 -88 -62 -133 62 102 -233 112 -244 -183 -6 146 -214 208 167 -10 124 -172 -89 216 -163 87 -155 200 178 -134 -232 -229 -13 -29 197 29 30 89 27 155 187 -194 32 44 -40 -49 -137 8 196 -117 -130 70 78 125 -61 33 -129 120 -97 -167 -59 168 -1 141 55 14 219 -39 -157 -136 118 -45 -58 -143 222 81 -248 -65 128 -106 -191 211 46 -199 -205 127 -204 -90 166 98 -217 80 17 -102 -170 103 77 185 -247 117 41 -138 -95 201 144 115 121 228 -31 -222 198 31 35 50 217 -44 64 59 224 -36 205 65 -21 -212 -179 -115 -103 203 223 1 -219 -112 249 -119 174 158 221 129 -200 165 -203 184 -28 -161 -120 58 -70 194 54 204 -42 22 181 -80 5 -56 -38 -208 242 -196 -246 -142 -30 -187 83 34 148 97 227 -162 -216 225 -180 66 -209 -43 -146 239 164 -79 231 153 156 -241 95 150 -173 -63 151 236 72 229 170 3 67 -192 -153 232 -160 40 212 69 -27 25 213 -54 235 -175 36 -91 -16 -11 -135 38 -242 6 -60 -94 191 114 -225 172 -8 -12 -26 122 -46 -193 -230 23 -50 -220 -195 -235 136 -125 113 -25 -122 -3 7 -236 96 209 -149 -48 177 52 -72 -75 111 42 -178 241 246 119 -218 -249 147 -176 4 -221 -141 12 123 63 45 88 100 179 -35 21 43 243 171 -68 137 -201 -223 -92 180 -140 -76 134 2 104 175 -66 189 -85 -53 -240 130 -73 -41 234 237 183 -98 152 -22 53 154 56 139 -4 -7 -107 -186 39 -99 85 -82 230 -190 106 76 90 -51 68 19 20 -5 -234 79 48 -24 -121 -93 18 60 -237 -182 -15 -243 210 206 -189 37 -131 163 193 -64 133 -169 -227 -211 -128 -108 -105 -52 94 195 51 -20 -2 -148 -55 -113 28 132 91 74 -100 -184 -132 247 -32 -165 192 -47 109 -116 238 -86 -164 -33 -224 214 -207 -210 176 233 -57 -17 -124 84 24 245 
TEST 10 ARG:-127 225 -52 207 -208 22 211 88 -145 -189 -38 -110 54 194 173 -182 50 112 93 -126 9 29 13 -86 -41 -205 47 212 -167 -102 -187 85 -97 177 -170 -142 -199 203 -177 101 181 214 -55 -245 84 -85 -246 -69 70 -24 -104 -112 -223 164 -139 -239 -36 -65 -146 119 -219 -143 81 235 243 68 -109 100 -225 -217 176 247 -99 129 160 -241 -3 -216 -176 222 -200 -4 -32 179 -218 83 185 -162 26 39 44 -33 125 48 -107 -230 -163 238 -10 167 -59 51 -21 157 -147 -169 116 -138 19 -132 17 58 121 -227 20 142 98 170 -172 74 -159 -106 -238 161 94 -19 -27 -185 -202 115 32 -228 162 -232 91 59 56 -173 21 -196 -113 206 -161 187 241 192 133 239 71 217 138 -226 -9 190 -96 -178 -247 131 -234 -207 -14 -209 -237 221 102 153 -57 220 246 197 -120 -101 -184 -158 73 -222 169 124 230 232 -149 -83 242 219 5 178 156 -248 132 -220 45 140 150 -18 -94 -166 136 -64 -78 -203 -194 172 33 135 -201 -98 168 144 -150 -12 -157 -71 -191 -30 228 25 -42 87 165 28 -63 -1 155 137 249 61 -15 113 -74 182 105 108 -67 -134 2 -103 209 66 248 106 -92 -160 92 -49 41 114 43 -60 -153 -204 -131 -88 152 191 97 -68 78 -70 -188 134 213 3 -72 -23 96 30 46 67 -89 -79 216 -6 -233 36 -48 -136 -45 -87 244 -2 -221 -118 62 -168 57 -242 171 -193 -236 4 215 -141 34 159 163 -128 14 10 -129 183 -122 -164 -171 -121 -181 -84 245 -61 -16 -7 -154 -43 -137 -26 15 -66 205 -44 -250 231 -249 148 -165 -206 -116 -179 -46 -130 -77 218 223 -195 -115 -90 -81 27 151 -197 95 -243 158 -17 -13 -54 -35 24 -31 79 -114 90 109 139 -76 0 42 40 7 12 -11 -22 -39 227 204 -80 202 38 237 126 86 -135 104 -214 130 147 63 189 -133 49 77 201 64 -75 -156 224 166 -224 123 -174 99 8 -53 -117 23 76 120 -62 -211 122 -183 174 89 128 -123 -215 -51 -231 -198 -20 55 -229 -25 -125 -155 233 -82 210 -144 186 111 80 175 72 -29 -148 199 -192 -5 -240 141 -111 145 103 193 -93 107 75 -151 127 149 -40 -213 -140 195 -58 184 52 -108 11 -105 -175 -47 198 -37 -190 117 -34 1 -100 -91 180 35 200 69 -235 82 240 60 6 65 53 31 -244 229 196 -56 18 37 154 188 -152 146 110 -50 -8 -210 143 -180 118 -95 -28 16 -119 236 234 226 -124 -73 208 -212 -186 
TEST 11 ARG:-50 103 -230 118 231 222 -132 -12 -144 7 152 248 -68 -194 -234 182 -129 -199 -97 -49 5 -77 11 -246 -33 23 236 180 226 151 -8 -145 22 183 -185 -108 58 54 -241 29 132 19 -188 224 -140 187 -229 90 -110 -42 115 -198 221 95 53 -44 -70 197 -13 209 -91 -171 -95 46 32 -5 141 -83 218 -211 3 66 -130 191 62 127 212 42 -69 -206 185 -72 119 -20 200 -239 -40 79 238 59 -104 38 -179 97 -103 -6 -224 -85 247 -168 140 12 -93 24 18 47 65 148 -53 -36 -203 -226 -131 -107 -223 -173 -154 104 -123 153 -120 239 -220 -236 -7 246 -90 -187 -46 34 14 203 -182 123 -200 -216 -16 74 -32 10 -98 -249 181 108 -27 194 116 52 163 85 -102 165 -247 176 -116 206 -58 -63 216 111 21 -86 -205 -94 129 166 -39 -81 60 -214 -176 -191 -161 135 -152 78 -105 -76 -43 136 -158 240 -48 -24 138 179 219 56 -31 -41 146 168 171 114 157 -37 -61 -59 144 -25 -38 93 49 -11 208 -232 -146 91 164 44 -128 39 8 -125 43 -133 -135 -175 -106 105 -9 128 -170 -57 -218 61 134 -225 195 50 -34 241 -148 -89 160 -174 235 -75 -208 230 25 -109 16 -196 -137 -66 -177 67 4 214 -47 -189 210 113 199 237 -250 -80 106 -82 177 245 -3 202 205 82 217 -54 228 89 215 -169 156 -193 -136 -227 107 -155 -231 -84 143 -74 -212 -244 174 87 120 -207 -217 243 -28 170 -111 -204 161 142 -156 -142 130 -64 126 -163 169 6 -237 -71 -127 2 -209 190 -183 213 -164 -118 159 33 69 196 -157 83 -67 -113 27 232 193 94 -160 186 -233 98 81 -121 -165 -10 147 63 -2 167 207 -181 -62 -150 70 220 20 99 249 -159 35 137 15 -18 77 121 -149 -15 244 57 -87 -30 102 -117 -151 175 125 26 109 -1 -56 86 -51 -248 1 75 68 149 227 -112 -178 201 -100 131 184 198 -219 -243 -242 242 -238 -124 112 -114 -143 73 31 64 -167 -19 192 -99 51 -197 -221 -134 13 -79 88 -202 133 101 -45 36 -201 -21 71 173 145 -126 -141 -172 -35 122 -26 92 -210 37 -180 48 -23 -60 -186 178 -147 17 124 -52 225 223 -190 96 139 -245 -213 -215 9 -4 -65 -184 -228 155 0 84 211 -138 40 -153 234 154 -78 110 172 -139 45 150 -101 -92 -96 -166 100 -192 162 -88 -115 204 -122 233 55 76 117 30 -162 189 28 229 158 -22 80 -55 -119 -195 -17 41 -222 -73 188 -29 -240 72 -235 -14 
TEST 12 ARG:48 -92 230 100 9 231 149 190 -26 -148 -2 167 16 -99 -183 -170 -42 -199 1 244 223 139 173 -117 159 -194 92 -182 -116 -201 -212 -218 -73 155 -146 34 82 -224 -121 125 75 -132 201 22 -110 229 -52 -33 -141 -47 -233 210 88 -72 194 33 -200 -167 182 91 101 36 -158 -6 -127 220 -168 -45 -34 83 -39 -186 107 106 -163 228 -214 202 -43 218 -164 -69 187 -126 -46 -83 -223 -196 -153 -19 113 -184 -239 65 -234 179 232 -137 55 -189 122 -174 115 -38 102 -31 -61 -36 -57 -131 158 -59 -243 81 -25 -96 -188 191 -244 -147 136 197 7 -197 -7 -13 134 206 -225 24 247 -44 222 123 -18 -10 -114 -80 -29 -17 -118 8 128 178 32 95 12 216 -192 -217 -173 31 29 -238 129 5 52 -228 -172 -20 -54 44 -237 37 -1 226 90 -161 -22 109 -115 -248 -3 126 -125 156 -241 -88 -159 -190 133 64 73 119 78 -136 108 -11 104 53 -107 -171 -97 -28 124 60 -84 76 15 -64 169 -209 234 -162 144 138 21 6 143 215 219 14 -151 -129 3 -24 103 -77 -210 -245 233 157 79 132 -226 -91 180 164 -95 -79 72 214 199 114 66 -240 185 -50 -9 -8 151 38 141 20 -229 -227 -222 -216 71 -62 200 -176 23 -70 -185 -119 13 137 -67 241 -198 135 205 131 -89 -124 174 221 249 -175 140 97 160 41 175 49 152 -213 196 -53 -123 80 -150 68 177 -138 -187 112 186 -66 -41 224 235 -16 30 240 213 127 -113 2 -215 238 -246 -111 -180 -177 18 -109 130 161 -106 28 35 99 208 -104 -191 -30 96 17 203 -152 67 -235 116 148 242 27 -128 212 -160 170 245 -242 -195 84 -193 -203 184 198 69 19 74 43 25 -219 -12 209 227 4 -78 145 146 -154 50 188 -207 171 0 120 -155 176 54 -178 89 -179 -63 -101 -202 -37 -112 -140 153 61 110 -94 40 -103 -55 58 -48 39 85 -220 63 -232 -76 147 248 62 225 -249 195 -139 150 117 -208 -32 -143 207 -75 -85 181 56 87 183 -15 57 -71 70 162 142 -231 -27 -58 154 -82 237 -133 -211 166 -65 217 -93 -206 246 -40 -102 236 -14 46 77 -35 -166 -86 86 204 -21 -120 -105 -221 -56 -250 192 163 -87 -181 -156 -90 -51 42 168 -236 193 105 98 -60 118 -98 -230 59 -247 211 -108 -205 -23 -149 -142 243 47 -5 -165 -100 111 239 -134 -49 94 -68 93 165 51 -74 -81 189 -145 -169 -157 172 -130 26 121 10 -4 -122 -144 -204 -135 11 45 
TEST 13 ARG:-41 15 -238 23 -58 7 186 123 -161 21 219 -215 -140 -84 18 115 -98 -179 58 -154 -222 -40 206 -160 99 -29 148 141 160 -101 211 239 222 125 126 -36 221 175 -186 -185 -195 -184 -7 -81 -139 -57 -133 64 52 210 153 179 205 227 -68 -85 161 73 -49 -70 145 84 17 -86 32 -108 -234 0 -32 97 -246 232 111 -125 -239 -207 20 121 135 -24 238 -236 103 -221 190 -25 -204 87 166 -55 -197 -223 174 -132 48 33 37 212 194 31 -14 -172 46 -137 172 -42 229 196 29 -113 -30 -65 132 -114 -180 70 -148 243 -193 198 -2 151 41 180 137 236 218 -76 -117 22 231 -131 -3 -210 193 136 -124 -34 -28 209 -17 155 -192 -150 -106 63 71 127 207 91 79 94 38 -73 -181 95 139 -64 -23 -91 -122 171 93 -79 -235 -116 189 -216 -143 202 -71 -20 72 -33 102 158 74 152 128 -203 108 -229 -219 131 -162 169 50 -46 -153 -11 40 67 96 -157 -119 -141 -12 -107 -245 124 149 -52 184 -231 -142 117 248 208 -156 -9 -104 92 -159 -226 214 -176 -175 224 150 223 11 162 226 -94 120 90 68 -230 -96 -209 -53 -21 164 192 146 247 -60 -16 -126 133 -249 -147 -88 -18 -128 83 156 183 -228 -187 113 98 213 24 -74 -232 245 -205 178 143 -138 -19 -127 185 -118 -200 54 -63 -120 13 112 45 -75 220 -97 -168 -202 -211 -105 -90 -194 177 -173 -212 191 44 -109 109 -182 12 -31 55 -163 -171 -170 -89 42 -134 -115 61 -45 147 110 -144 78 80 197 244 118 -158 28 -218 -99 -152 10 130 -174 -136 -4 -121 -1 201 -244 138 -250 -95 -243 82 144 -248 163 56 60 9 134 6 62 -177 8 35 -59 -15 104 -241 77 4 -87 188 182 -167 -199 -237 -227 119 230 -165 -189 249 -217 36 -151 203 -213 -166 114 140 -69 -100 -123 -220 -54 39 -44 1 -225 89 -92 -61 -169 34 -26 233 246 217 16 216 25 -240 -6 -178 106 88 -206 -129 -10 -72 -198 -149 14 159 75 -43 51 154 105 65 53 165 167 -188 234 85 -233 -78 -48 66 176 69 200 -51 100 -247 -191 -208 -135 59 -183 30 215 187 -110 43 -13 235 -66 142 -201 -130 -224 195 -38 -83 -47 -196 157 86 241 -35 49 -112 242 173 225 47 170 -190 -93 -103 -214 181 3 122 116 204 -102 -67 -111 -62 -82 -242 107 237 228 199 -155 -22 129 -164 -8 -50 76 -146 57 -77 -5 -39 27 -37 -56 101 26 2 168 81 19 -27 5 -80 -145 240 
TEST 14 ARG:-54 -17 -124 154 67 33 -75 136 73 61 134 -62 -226 -77 239 -245 -100 108 143 190 167 -162 -22 -215 -182 212 -7 87 72 161 71 141 -10 69 -179 218 138 123 226 -200 -160 185 -20 -30 -241 235 208 -186 232 -217 -67 -28 222 -218 245 95 -14 -5 -73 227 59 49 52 -34 -59 -57 109 -48 -128 189 43 231 201 -165 117 199 -64 151 -196 -201 191 -26 114 129 53 -43 203 -4 21 241 0 177 27 200 -210 -153 -204 -188 78 2 205 162 174 32 236 -69 -208 -236 102 3 55 8 -47 -63 -119 -183 157 -175 9 -125 156 228 13 -13 179 163 5 7 -232 26 -113 36 48 -205 -207 -72 79 -2 74 -9 121 93 -123 -61 -224 -190 -238 195 -33 130 -173 -111 -94 -76 176 -25 197 -99 -114 -231 113 186 111 158 -45 -242 -37 31 234 -221 172 64 -74 -65 103 -15 115 -120 86 -213 -21 -68 -228 -86 -235 -55 104 -163 217 -110 194 51 -117 131 -53 -168 -212 -101 56 170 -225 -209 -249 19 -130 44 -243 -219 -106 -42 209 -198 107 50 -240 47 187 -164 -184 -158 -108 238 -40 -230 28 213 125 -19 188 240 23 -206 81 -89 -185 14 77 -222 -155 97 -199 -135 -177 63 75 219 -84 -96 -143 83 198 146 210 99 18 94 178 -131 173 -107 -126 -105 220 183 100 -32 -197 37 -161 -98 160 1 -70 -83 -147 147 193 -151 -246 233 -91 -66 -27 135 -174 30 -87 166 4 96 -187 -181 -118 171 6 65 54 -229 -244 -141 -35 -12 -237 -148 211 216 15 132 -58 -167 -23 91 -132 -250 118 153 -169 -24 -194 -90 -150 16 133 180 164 175 -85 110 40 -127 -79 58 62 17 -170 127 -122 57 10 82 247 242 181 85 -41 -227 152 24 -214 -166 215 -146 225 -38 25 229 243 29 -140 68 -93 -149 -50 -137 202 -88 -133 144 105 169 39 249 -193 -6 -82 45 -203 84 -3 149 -176 -115 -142 -157 -39 -18 98 76 214 126 -44 148 -95 -60 80 150 -29 -56 112 35 -36 -51 11 -145 139 248 246 -80 -180 12 -46 224 -112 -248 -171 -71 221 -223 137 -144 90 -189 -8 206 -121 -159 230 142 204 38 66 159 34 -81 119 -11 237 -16 196 122 106 -129 -172 70 -1 145 -216 -52 20 207 -234 46 184 60 -116 -191 -31 -202 140 -192 89 165 -178 -136 -134 244 128 41 -211 42 116 124 120 -102 88 -154 -49 182 -138 -156 168 22 -220 -152 223 -233 -97 -195 155 -247 -139 92 101 -78 -109 -103 -239 -92 192 -104 
TEST 15 ARG:-158 -82 112 33 -63 -148 -216 97 -89 78 -127 193 173 58 -190 -143 -122 106 82 -101 81 134 -170 -95 110 166 -66 98 55 -242 224 -118 -10 31 103 -81 190 -103 -199 -22 -94 227 242 -184 101 114 -39 -75 -198 -33 150 -224 -34 203 -123 -217 235 174 -183 -24 228 -138 -232 60 189 -168 3 57 -247 111 139 118 -219 -195 1 -25 100 18 91 -80 210 41 141 -112 -202 49 233 61 -91 -188 159 -156 -116 -45 -102 74 -192 222 164 -221 -11 45 -204 -223 154 -181 -76 147 -236 -54 -35 0 11 28 102 -49 -169 187 -27 -249 -243 -196 -100 -145 -36 143 -141 -85 115 -84 -166 129 153 -229 10 80 -64 -71 -115 -130 205 -44 -177 -92 167 138 -65 170 13 231 -29 -237 183 52 109 -129 35 85 29 79 130 68 -134 -222 -41 226 -114 -228 191 -133 92 214 76 220 -57 -60 95 -56 36 -117 -178 131 51 -23 -220 -31 -47 162 -3 32 -52 27 20 8 -160 -50 -119 -155 -207 -161 -164 132 -162 -250 83 113 116 -99 218 178 96 5 75 39 230 -128 -18 -194 237 124 -135 -234 -87 -106 -9 171 89 209 -79 -58 -109 165 -167 -137 17 151 -140 30 99 -83 -19 48 -182 169 -210 121 -62 157 -239 207 211 -17 186 241 -227 -131 87 239 53 217 -40 -43 -97 -46 -185 90 200 -55 -231 -172 -96 15 94 -59 197 156 -110 88 -98 -233 247 -69 22 246 14 -235 -73 185 163 249 219 -163 -246 -197 -67 23 148 -205 215 -191 234 -104 -72 24 2 -154 225 -171 208 -157 180 -28 59 -37 21 -245 161 168 206 6 -126 -32 50 -15 -51 223 34 236 248 -193 -90 216 -215 -240 -208 -226 -149 -180 137 -211 -13 7 -2 104 46 64 63 144 -70 160 244 72 62 -241 44 -88 -68 -150 -8 175 26 136 -61 155 4 120 38 -26 37 176 122 -214 71 198 -142 -21 245 69 -4 -206 -93 142 67 -159 117 -186 54 -225 66 93 -244 221 188 -175 77 196 -238 201 -213 199 73 -153 -20 -200 -53 -230 -165 -38 -187 -12 108 177 -107 -74 -132 65 -189 42 194 172 12 123 -147 47 -203 -174 -124 128 127 213 -144 179 19 -1 145 -173 -86 238 140 43 86 135 -105 202 243 -111 -113 -78 240 -125 -48 195 232 181 -151 -248 -146 149 152 146 204 133 40 -108 -139 -212 -209 70 -201 192 105 229 84 -120 -7 158 -179 212 -77 -121 -218 -136 16 -16 119 -5 25 -42 -6 -176 -14 -30 9 125 107 126 -152 56 182 184 
TEST 16 ARG:46 -150 55 72 -191 244 31 135 -186 -17 -135 -155 57 248 -82 -92 -174 -63 174 39 -230 164 -171 -29 76 -185 -193 -86 111 130 241 131 -11 -179 -19 117 -51 -4 -216 167 120 212 -199 4 220 105 68 -101 -14 -100 -207 -67 183 201 189 -119 233 -172 -219 112 156 -20 208 -236 -58 -69 -200 186 41 195 -228 148 109 177 -222 -77 162 20 176 -39 -45 106 23 -120 43 87 206 -32 -110 -189 33 -195 -184 71 15 12 124 -203 -143 -188 7 -217 -231 128 45 -163 -235 238 -212 143 243 35 -76 -83 234 -128 180 16 -68 67 -75 139 -74 151 137 -160 -234 -113 97 -99 6 -218 -108 -177 110 216 -85 -151 -197 247 -25 184 246 -246 -133 -7 -44 -154 -158 60 10 192 -221 226 5 -145 -237 175 53 30 -165 -124 -36 26 113 217 -168 -38 -166 -34 83 -21 64 -208 -115 205 -224 -149 215 82 -13 -139 229 -90 -79 102 187 22 -220 136 236 170 -130 47 94 -89 -46 54 -170 209 40 144 -33 -59 161 -105 -202 -42 -226 -153 173 -64 -209 -125 70 -56 -103 -241 108 203 -91 25 -114 81 190 -111 -134 -31 -242 153 -225 -23 119 150 -223 228 18 -106 182 -176 62 104 -95 21 -141 37 11 -180 -5 245 -109 166 17 159 204 69 127 8 -78 95 -140 242 -148 -30 -183 -233 -71 -146 -147 210 -65 79 -250 -12 129 -164 185 90 103 140 133 -240 149 -169 -104 99 -1 56 101 -144 -41 163 -204 91 29 191 -161 -96 63 -48 197 100 202 -245 77 199 -181 -94 -66 -97 223 154 138 -35 27 152 -98 -142 158 -84 -214 9 -247 2 -107 84 142 122 116 -47 114 218 -122 -192 -229 211 200 230 -121 -2 65 160 -210 -27 231 -37 -201 36 -54 -28 172 98 -206 141 24 145 213 -198 -50 -131 239 -227 168 -211 -187 14 -238 -244 227 38 224 198 171 -40 32 196 80 58 -22 73 -26 -6 -117 88 -70 85 115 -116 -178 155 -243 59 125 -24 -175 194 61 -81 34 -136 50 -232 132 219 -8 -49 51 -173 -93 52 179 -137 107 -156 118 -132 19 188 -159 -182 165 42 96 0 -3 237 -123 92 78 207 -57 -126 121 -61 -215 -18 -88 -60 -43 -10 169 126 -162 44 48 240 -152 -213 -112 157 123 -157 -194 -167 -118 249 3 232 -72 -80 -87 75 -190 86 74 -138 -129 -16 -15 1 -55 -62 -102 134 181 -249 49 89 214 193 93 -239 235 -196 -205 178 225 146 -73 222 -127 -52 13 -9 28 -248 66 147 221 -53 
TEST 17 ARG:111 210 85 -99 -113 -240 182 61 -177 11 148 -43 -57 -63 173 86 131 184 -51 -232 -8 -118 169 68 -212 -136 36 92 163 -92 -150 -185 89 98 31 183 3 196 56 -62 126 -95 51 -4 143 -120 96 221 -108 209 -157 129 -114 -128 55 8 122 226 -237 37 93 40 78 -24 -89 -81 145 -94 133 193 161 215 -190 45 1 244 72 176 212 -82 -26 -129 -70 158 -102 157 -199 142 -126 47 181 109 60 -159 67 139 -213 -166 -208 -195 -23 -100 -131 76 149 -214 91 105 154 -244 213 186 75 150 -249 35 -52 -48 -34 -105 -73 2 65 151 -248 -218 -168 -25 -107 30 -83 237 194 -162 -41 201 -217 13 -65 16 -86 53 190 39 187 87 -158 -97 26 -74 219 -236 5 -188 20 -226 141 -241 -67 135 175 33 195 43 230 -39 179 206 114 -202 191 -117 -152 -184 -15 -59 -61 18 238 -123 242 -243 -235 203 248 -38 -155 81 -6 -66 -42 46 32 -80 162 -194 -209 -119 216 71 -91 208 200 117 172 -164 118 -13 -193 -96 -180 -211 155 228 15 -110 -93 136 -167 101 -46 106 -27 232 177 -69 -142 -76 52 -221 -127 217 132 14 4 236 -71 -222 199 70 -198 -227 -55 -181 152 -19 -148 245 -187 170 -224 188 -104 24 229 123 -176 -171 -109 -5 -50 -115 144 120 -31 108 -132 -141 10 100 103 -210 -146 -233 174 50 82 -165 -225 168 -207 22 110 -161 164 137 -246 -206 -9 -112 218 239 -234 234 -139 -54 -40 -205 -230 -20 167 48 -137 197 66 235 -163 220 -228 -133 7 77 -58 102 -204 -250 -196 23 -178 -28 -245 12 -134 90 -197 -160 -103 -143 -124 -101 28 25 138 -90 -200 -16 121 -151 -125 -223 -147 -116 -45 115 -98 -37 34 -12 42 -231 246 147 104 -229 -1 128 63 97 -242 -121 -215 17 -138 80 41 -153 -7 -47 83 -182 -78 214 -11 -154 198 146 79 -183 99 107 -30 57 116 -87 -60 -149 -3 74 29 58 -75 -174 49 -239 119 166 95 -53 69 233 -156 -106 -85 227 73 21 160 125 88 156 -88 59 -144 -219 -140 9 -111 -135 153 54 189 -10 62 130 223 -238 185 84 165 64 202 192 -77 231 225 -201 -203 224 -192 247 -44 -18 171 -175 38 19 -79 -33 -189 134 -170 44 222 159 -56 249 207 -21 -130 140 0 -49 180 -220 -64 -247 -2 6 27 243 127 -29 178 -169 94 204 -191 -72 -17 -32 -122 211 -22 -145 113 -179 240 -14 -68 -172 124 -186 -36 -216 -35 241 205 -84 -173 112 
TEST 18 ARG:85 24 106 186 216 -231 -131 -150 -98 -245 -164 249 241 234 -6 121 -237 -180 -208 -122 99 -213 -60 53 72 -49 207 -199 -94 -182 -196 199 17 -13 -115 98 -88 203 158 -141 -173 -130 243 -59 245 -4 242 210 -209 -249 -133 61 -230 169 -77 190 -110 136 -83 140 -181 195 -197 192 -174 36 -36 -167 -241 246 101 178 -116 28 46 168 -101 187 219 171 29 -33 31 191 -206 -105 137 -74 -112 130 200 -76 161 -107 -155 174 11 183 -70 134 8 -1 167 151 152 -53 194 3 -39 224 -9 105 -38 -34 -20 -191 -203 -15 -221 -79 79 -170 32 -45 -67 -215 -51 -54 221 235 -138 -134 -129 -17 65 -56 239 202 26 -151 56 109 139 -135 -238 -219 108 44 -165 -41 -145 -178 -137 19 51 129 -184 82 100 145 -27 -40 -149 -3 -243 -205 -114 -239 33 -118 -23 -240 27 215 122 73 89 54 18 175 150 -50 227 -148 -75 -14 248 237 127 -28 59 118 205 83 -169 52 -147 -47 -58 -73 64 -246 -210 -185 -80 -153 155 -81 184 209 222 244 116 149 231 162 201 -18 -21 -95 88 -204 133 189 208 -102 -192 62 176 156 126 -225 -136 163 111 -26 -16 -90 -228 -194 115 104 66 131 102 -222 -144 -62 -142 84 -190 55 -218 -66 -64 -154 -226 -234 -8 193 -87 -124 112 218 179 -250 37 23 214 9 -229 236 77 -72 -125 -57 39 -119 78 -52 40 138 58 -106 20 -179 -160 60 160 -2 -100 -158 76 -111 -42 132 117 -69 -7 170 -200 -104 -223 -30 188 -31 -132 63 147 35 -48 177 30 -198 120 233 110 -177 223 -152 71 -193 -126 -163 172 -96 230 142 135 81 123 -25 -242 48 -85 -157 16 -10 212 87 -207 -11 213 95 -214 -128 15 197 74 -188 12 96 103 -32 86 198 -89 7 1 -123 -156 -232 119 -195 13 -189 4 159 75 42 -92 14 -108 180 -22 41 -19 -55 -211 164 -217 -5 232 57 226 2 173 -168 92 -176 -202 225 143 25 -201 -29 -161 -93 69 94 90 6 -12 -44 182 228 -97 -172 -113 -216 -120 -91 -146 -224 113 -63 50 -61 5 -175 229 67 185 -143 124 144 91 -86 -103 204 125 -187 93 181 -235 -84 -248 148 -244 0 -127 -46 -71 114 206 -109 -236 -78 141 -24 -166 22 154 47 -82 43 157 -233 217 247 165 -186 -227 211 -247 70 107 146 -162 153 21 -37 166 -117 -99 34 45 38 -65 49 196 240 -212 220 10 -43 97 238 -139 -183 -171 80 -220 -68 -140 68 -121 -35 -159 128 
TEST 19 ARG:194 236 123 114 205 -36 35 -214 155 -71 61 -224 23 -69 -238 76 -249 7 192 66 -216 -129 -231 -241 -155 -4 216 -228 -102 -55 64 -122 27 115 -176 134 83 153 151 31 75 -142 -99 -93 79 165 18 150 -9 215 -94 95 71 99 -88 6 111 152 138 -111 128 -85 -51 247 -159 -32 203 -10 234 -250 187 -227 -25 -74 32 107 -247 156 248 204 74 240 -226 -222 -87 68 -112 -152 -177 183 67 -16 147 -24 94 -56 -237 131 -128 -6 206 84 220 -210 -108 -92 -144 -221 -190 146 91 -5 180 -121 -196 -14 189 243 -81 -213 232 -164 -96 103 -21 230 -141 -220 -118 93 -133 59 214 60 -53 127 175 24 239 -137 105 -171 90 -20 9 -232 246 242 70 -67 -18 -131 141 33 78 190 -166 238 -240 92 -38 -34 -95 51 221 -160 58 40 235 222 -212 38 227 -189 -8 198 196 135 -40 -97 -13 -192 -203 112 -194 -125 -52 -225 -68 -59 -83 69 41 136 233 197 85 -183 96 -78 116 -7 -174 -105 -60 -149 50 -161 82 65 -188 -132 -75 102 -82 132 63 -130 14 2 174 -63 -115 -156 -100 126 30 195 219 -86 163 -209 -198 182 -182 207 157 20 42 -186 101 122 81 231 0 36 119 -127 167 212 164 -70 -211 -193 106 -2 -230 -205 -134 -200 -12 143 125 -76 -49 -64 169 -126 -151 160 161 -1 -91 -61 -65 225 -173 142 89 -66 -116 -47 -202 -104 -223 -195 -58 -31 166 -165 -139 -158 49 208 -26 44 211 10 130 -80 -181 -147 129 56 -37 148 186 -19 -244 -106 245 -117 55 109 173 121 53 179 237 172 62 -148 54 72 -239 217 149 -79 -50 185 88 -233 -178 -15 -204 -35 191 139 -119 -124 -48 -30 181 145 -163 -172 -77 -187 199 -197 -113 -243 -150 46 -84 13 -41 16 229 -215 -138 -162 -154 -169 118 202 -229 -217 -39 224 120 -167 5 -143 -27 226 -218 48 104 177 -199 228 37 -184 17 -235 171 -17 213 201 -73 -28 137 19 -29 12 -22 -120 -170 117 -57 -89 43 26 158 209 162 241 1 97 -42 -107 -201 39 45 -135 -191 249 -242 -207 -54 100 -62 3 184 -98 -157 -101 -72 -246 22 188 -245 124 -175 25 178 168 34 -46 200 -179 -123 176 98 108 -185 -103 193 -234 73 210 -206 244 218 -146 -136 -90 -23 52 -140 15 57 223 113 144 -145 -236 8 -109 -3 86 110 -248 -43 170 140 -11 -153 -44 -110 87 4 154 -208 -180 47 -219 11 -168 133 80 77 29 28 21 -114 -45 159 -33 
TEST 20 ARG:-119 -140 138 -153 -47 5 -6 -98 157 182 -183 -207 13 -157 106 -100 32 223 -97 100 69 219 75 -189 91 247 174 -40 105 -49 -77 208 147 -33 144 212 222 237 2 -239 244 -150 26 -46 -110 -176 109 96 -88 -250 -53 135 -71 -143 51 206 -174 -56 64 29 -26 133 -218 -50 -107 -27 -13 193 110 170 -108 -109 -194 -231 245 143 -20 -235 18 211 -164 226 122 4 -9 76 104 207 20 145 -135 -48 11 -163 225 184 -31 231 192 166 -54 -1 -44 -11 185 38 -15 227 181 -162 -81 28 -170 66 -196 -229 197 45 -8 148 -161 -202 232 71 -75 -137 7 -120 -233 146 -175 -181 241 -216 -87 -210 30 -178 -184 94 0 25 -188 -245 210 -83 179 -249 62 9 -142 57 -203 -136 137 -122 -236 142 125 -5 -172 200 246 119 154 213 203 139 98 -152 -185 -166 -230 132 -197 -223 -79 186 15 -248 230 99 -82 -45 -112 151 -65 -226 74 199 -237 93 190 198 -156 180 -244 189 -220 -86 -219 36 16 228 163 70 -105 127 112 -242 60 -113 215 173 -67 -169 -29 -24 -193 -42 -238 176 -76 -241 -91 46 240 117 153 233 -211 -227 88 -14 -17 -41 172 164 202 -180 -138 136 65 -190 171 -151 -73 -16 -66 242 50 -146 -225 195 -224 -64 -247 -139 77 -101 52 -148 -206 80 -179 39 -214 -155 67 -149 -187 -23 -93 59 124 217 130 -200 24 -198 167 152 -89 114 224 79 -34 -4 140 111 -144 40 -123 -221 -63 61 63 23 149 -228 1 -69 -168 235 134 -173 -132 8 -25 183 -68 -177 6 -212 -78 -7 187 92 -10 53 -191 214 56 150 -70 -134 103 102 107 -121 -21 83 108 -51 -94 -18 10 -22 -28 -103 85 -30 116 -192 72 201 169 191 -38 -147 -96 129 43 -104 -215 33 31 165 -182 177 -57 -154 205 -90 41 87 -43 73 -95 -234 161 -59 196 194 188 -171 -2 162 118 158 220 84 160 14 -129 120 47 -84 -74 -117 95 -39 -60 17 -102 55 -133 -19 168 238 -165 -145 -240 -116 -124 -55 123 -159 243 -126 -99 141 128 126 236 221 -80 -125 37 -61 159 -128 54 27 44 -32 -92 -118 -106 19 81 78 -12 58 156 -205 216 86 218 115 -186 113 -131 -195 -232 155 -111 -37 -115 239 21 3 204 -3 90 -246 -62 82 -217 121 248 -85 -127 35 -141 -209 -130 -160 -114 -222 -199 34 -35 12 -52 -201 -208 89 -58 131 178 68 229 48 42 -213 -72 97 209 234 -243 175 -204 49 22 249 -36 -158 -167 101 
TEST 21 ARG:129 -206 -117 218 -155 16 -4 64 -115 37 -68 67 -231 15 -91 222 -223 -133 168 -178 232 -45 229 110 178 52 -102 9 -170 105 187 30 0 -213 -240 -147 196 -156 -74 19 221 -96 -71 -16 -35 -174 -126 108 101 199 -149 203 -249 -46 17 -5 202 38 -165 -207 -201 188 208 -1 -87 -226 58 -132 219 -80 103 8 -124 -184 169 78 -14 -47 -119 44 137 240 192 163 70 205 148 113 -13 -111 -244 145 24 -23 -76 -153 121 86 76 -167 -217 -100 -182 124 96 -83 141 -143 -192 94 -77 -246 -130 -187 -233 -235 -81 -56 -104 -169 245 186 -20 -160 -105 -65 167 -58 201 -228 -230 -97 226 128 -154 213 -245 -222 -202 119 246 -106 132 34 -53 79 -203 234 136 193 49 -72 -190 -33 120 40 -161 47 236 -64 126 -69 29 -236 27 228 41 -3 -152 -88 157 -241 -137 57 -41 23 -54 -50 82 -57 60 -82 -138 95 59 -107 -135 21 239 185 220 75 -84 51 -52 -146 161 -234 155 -44 62 -39 238 98 174 198 -94 3 -121 81 -250 -114 13 166 200 53 -180 31 235 -248 127 117 -92 -62 122 -134 109 133 140 33 -85 -9 10 -70 -197 71 -40 190 -48 -176 -90 217 125 -191 248 176 43 -55 -101 249 150 -37 -86 -67 171 -215 -24 88 84 56 -73 -66 -188 173 -103 83 -10 156 162 87 -185 -79 214 68 -214 138 -93 -208 99 80 147 177 -243 -212 -116 158 -2 65 -32 -136 -98 -118 184 14 195 -229 139 -227 77 -199 -42 93 223 -158 45 -237 -129 -28 -166 -34 28 227 -60 204 36 73 -21 -31 224 164 48 97 12 -198 63 159 131 -12 -159 209 182 -36 -89 -204 -172 -163 -209 -6 -175 152 -194 -139 5 212 92 -125 118 -141 89 32 233 -51 -200 -211 -99 -113 -168 215 216 106 170 -218 -112 -108 165 143 -150 74 -195 237 26 -29 -15 -26 134 206 172 210 -183 42 -30 211 -196 4 -19 244 111 -59 116 144 114 90 160 72 102 -7 146 115 -43 135 -164 -242 -171 -173 -247 6 -110 -109 -145 -162 -225 -179 18 -63 149 -238 -239 -18 175 104 130 -131 -216 -127 39 231 -75 55 207 -38 -142 -95 11 107 -205 242 191 91 50 85 183 243 123 -219 1 180 61 -122 -49 181 -210 25 230 153 -144 2 -193 -120 179 66 -22 -140 -17 54 -151 -157 154 -25 -232 100 -189 -220 247 189 142 69 22 -224 194 -181 -61 -128 197 35 225 -177 151 -221 -123 20 241 -148 7 -78 -186 -8 -11 112 46 -27 
TEST 22 ARG:-230 -160 236 52 111 -218 -85 134 -30 49 38 -244 -210 -100 -103 -153 -215 32 -207 231 -45 -81 -114 208 58 -95 78 -64 91 124 149 75 84 145 167 31 51 142 147 176 -52 146 -182 158 7 -83 -7 39 76 -208 44 118 104 -16 -91 117 -237 -90 -235 25 20 -150 165 195 -15 47 103 -17 87 100 -172 144 -222 -243 -56 -179 188 196 -225 187 79 14 80 -119 -53 22 223 245 136 175 4 59 64 98 -51 -48 -155 -1 -23 -89 62 -41 201 55 -233 -46 185 -147 11 33 94 -66 155 157 -224 169 63 207 166 -240 -49 -223 116 -96 115 -62 235 17 2 242 -239 -94 -57 119 183 10 -232 184 -3 121 129 -22 -174 -140 -141 -162 133 42 -25 228 137 227 -202 -169 69 203 143 -249 -87 214 -18 128 -102 178 -137 -101 -136 -192 159 217 -146 -109 48 29 172 -195 -28 -24 -188 154 215 -176 -106 229 -128 234 73 -6 -65 -37 -98 191 199 -68 -229 -168 -112 237 5 1 -14 -19 -216 130 35 249 -47 -5 -31 -171 -197 -245 230 -116 151 -199 -178 -54 -133 -138 89 171 -124 -9 -111 3 -164 86 -126 -55 -72 180 -61 192 -181 61 -84 244 -26 -93 123 -63 -212 -198 -97 70 82 211 67 -173 -226 28 16 106 8 -50 26 93 0 -217 -180 238 125 -241 181 60 162 -142 122 -107 36 19 132 96 -82 6 -211 140 72 -175 -250 -209 -246 -8 9 222 56 204 12 -11 -184 109 -203 105 -71 246 179 -43 -40 -69 68 213 -77 -158 -110 101 170 107 210 -29 114 46 -247 -129 163 45 30 -127 -201 -242 34 232 -92 -206 -39 -248 219 240 239 41 200 -118 150 226 65 205 99 -58 220 -74 -148 -163 112 -205 131 -170 -73 -149 126 -13 -190 -166 -27 24 -186 233 225 97 -227 27 -121 92 -135 -156 177 -86 156 -236 190 -183 248 224 -238 -130 13 85 152 241 -67 243 -2 -105 -21 194 -35 193 -10 -115 135 71 202 102 -159 139 -80 148 83 -20 -108 95 37 -152 21 53 141 -33 164 -99 -143 -177 160 88 206 197 189 -165 182 77 -161 -4 -131 -204 161 -36 186 120 113 74 -139 -113 153 -220 -76 -44 -234 40 15 173 127 81 -123 43 -200 -120 -104 221 -42 -88 -38 -213 -214 -70 -132 212 216 -117 -60 66 247 -187 90 108 -196 110 -12 -167 -34 -228 168 -134 -191 -154 -145 138 -185 -144 218 18 57 -32 174 -194 -221 198 -151 -59 -122 54 50 -157 -125 -78 -79 -193 23 -75 -189 -231 209 -219 
TEST 23 ARG:-23 32 -27 -62 -71 123 -224 22 -223 -38 -138 -121 -155 -34 106 26 -20 37 -228 -115 63 49 -208 -177 -210 239 88 -245 -140 -106 -144 -86 5 -231 -35 -170 243 -149 47 170 30 -147 24 74 183 -195 241 -183 -14 181 -242 -109 116 4 83 -69 -46 -164 68 -200 -8 29 102 113 146 -156 -29 -78 -5 213 136 -9 -98 -206 -167 121 138 -175 25 -116 -142 33 98 -55 -125 192 66 184 58 -179 160 224 -162 119 203 -222 109 -111 108 -199 189 96 40 -192 -211 -202 54 238 -42 -25 89 28 -213 79 60 -212 235 244 -91 -204 182 -7 174 -126 -226 56 -52 122 -153 8 169 -44 19 9 -246 -225 85 143 111 -236 172 -45 -243 101 -250 -188 -165 -90 212 -178 159 -244 -166 -108 -1 -184 -37 211 -56 207 -50 -152 -39 115 103 -239 -87 -234 -77 97 -117 148 210 -3 81 137 65 99 232 107 62 228 21 -232 -182 -4 120 154 48 17 -80 -57 179 -47 -92 -201 -209 204 77 -214 195 -171 234 173 177 -132 155 90 227 142 125 70 191 118 128 -99 -127 104 163 229 -145 -68 130 93 -133 -83 222 -238 -73 -70 -76 10 94 -60 -158 15 140 11 -58 -85 249 193 100 -180 -137 246 198 -207 131 76 44 -172 -248 -10 -221 -31 52 3 -13 129 -88 -218 208 -101 110 -40 -130 -103 45 -28 -141 220 -219 188 124 2 194 -197 247 87 43 51 -185 -247 -22 35 -15 153 -26 92 -198 -196 -65 -118 -160 175 -24 -161 199 -233 225 -30 151 196 -72 16 -122 -150 91 -102 -124 141 -2 -174 178 147 -100 -241 202 64 80 139 -16 -131 84 86 -205 132 12 0 -193 105 -217 18 149 -96 -168 -235 -249 150 171 -54 -163 -41 46 -89 -104 61 -146 -120 -151 -33 -6 221 205 -220 161 -119 1 117 31 -181 75 38 -187 -18 126 -194 42 -143 72 -21 -67 -11 165 237 185 200 -154 167 -93 82 -36 135 13 -240 -51 -215 145 186 -173 -48 242 114 217 240 -169 190 -128 127 -82 41 50 -63 216 69 201 36 -112 -74 -61 156 215 248 -136 176 78 -59 -105 55 -79 206 219 -12 180 -95 187 71 -110 -94 -157 53 231 233 20 -53 -81 152 6 158 -84 -64 39 67 166 -129 73 162 -43 112 59 -107 34 -49 -135 -75 230 -230 -32 245 -19 -139 27 -97 -176 226 -148 -66 236 -229 -191 -186 197 7 209 -134 95 57 218 157 -203 23 -237 -113 134 -114 144 214 -17 164 133 -123 -190 14 -227 223 -216 -159 168 -189 
TEST 24 ARG:-249 15 212 57 202 197 -110 207 -33 16 111 172 -188 249 233 215 -21 76 -106 87 49 110 -227 155 -129 113 42 213 146 -137 -2 10 206 -59 80 -4 152 225 -150 205 -48 -190 134 -65 -152 160 2 -1 79 -185 44 -42 147 222 -53 -180 -18 -15 -38 96 153 -54 -247 -219 27 151 201 -238 86 170 -12 -189 101 11 -61 243 -77 53 59 -40 209 -248 -9 229 -136 198 120 -154 226 129 -5 -89 -140 -175 221 -151 -246 -216 237 18 -162 -71 -166 -57 -147 -41 -218 -27 -118 247 90 -232 -231 138 9 74 -196 -213 -172 180 -191 244 -70 -173 1 -222 208 -193 91 4 -96 169 97 -220 227 89 -105 128 242 199 -26 116 -78 -24 -93 -119 224 -186 -90 126 -50 -94 -91 -197 184 163 83 40 -215 -159 156 119 137 56 -63 166 -11 -81 135 -103 154 -158 145 183 51 -207 -157 -83 -167 -183 -47 -52 -169 118 -133 158 167 47 -155 -80 240 131 -72 68 124 -243 -58 -200 -17 -125 107 64 -86 -139 -208 -214 54 178 37 223 6 -13 114 -174 230 -206 -44 -221 62 189 175 -43 -87 -29 8 122 99 144 188 -187 121 -126 -46 193 -146 -100 117 186 140 50 -240 -123 241 71 -104 238 -163 -134 81 93 32 -113 41 182 143 -16 73 -73 -209 -45 34 0 -228 185 -49 102 190 -31 -67 -161 -236 -244 132 -56 94 84 -211 -138 -39 211 -170 115 -178 52 -92 165 70 -120 123 164 -82 -194 -68 139 -64 14 108 -99 -76 -32 82 46 -224 36 -165 150 -233 217 176 39 162 -128 -199 -35 -235 -6 -179 -69 -55 -102 -84 235 -148 -117 228 33 17 -36 43 -114 -176 -241 -62 -79 24 -212 -226 45 -225 23 236 245 -171 -8 191 136 177 19 130 26 3 210 239 -75 203 -142 -217 106 248 7 157 72 -135 21 -141 -182 -112 -101 194 -223 100 -168 109 -74 -177 -210 148 218 220 214 -160 77 -28 246 -34 75 103 -239 231 67 -229 28 -198 219 168 -85 69 196 -242 216 -3 55 -153 181 204 30 -19 -37 -115 149 -108 35 65 -237 98 142 -109 -51 -60 -156 -121 -98 171 58 31 -7 -164 -23 -245 -14 -25 -204 127 -124 25 105 -230 -10 161 -22 95 179 78 -184 -250 -122 -143 -205 48 104 -131 -144 63 -149 5 192 60 187 141 -130 20 -132 61 -195 66 29 -107 -203 92 200 -145 234 232 174 133 88 -88 -111 195 -234 22 125 -202 -20 -95 12 -116 159 -201 -30 38 -127 -192 -66 112 -97 173 -181 85 13 
TEST 25 ARG:168 -71 24 -119 69 154 48 -184 -110 -197 142 33 131 17 -183 -67 -23 -143 -193 89 -3 157 -36 -126 -201 -96 163 100 6 -48 217 -139 22 -58 -42 -238 -50 137 9 12 132 -1 -26 -245 -167 -98 169 -103 231 -77 11 -17 -124 104 -80 138 170 5 -204 -60 31 -46 4 -162 244 187 63 49 -90 97 153 99 -54 1 -173 185 -87 -171 -174 -208 186 -221 -220 238 3 -10 47 68 -105 -115 155 -228 -199 -179 105 -117 94 129 74 -134 88 -153 126 78 -215 -97 -222 159 -242 36 -75 -49 -159 -45 219 -166 -151 174 233 -5 -232 119 -19 145 125 -74 -163 202 139 173 -231 -244 -229 149 112 -182 225 -102 209 -59 7 -129 -61 -177 197 214 243 -101 44 -157 -93 -20 59 220 92 -112 -142 -214 221 144 245 -15 -192 -250 -40 167 62 26 -185 -35 -196 -79 39 -205 194 -84 41 191 -118 85 -217 211 81 -248 -249 -147 -175 -241 -39 -4 -207 -24 134 67 -53 -113 123 71 206 -7 101 -148 182 55 38 -104 46 -120 -213 212 -210 -234 -22 -41 -78 -70 201 -223 136 124 192 143 -195 83 43 -165 -131 50 95 -92 -237 166 90 91 -51 10 -152 -64 195 -95 181 -144 -145 15 42 150 160 215 -111 -68 -203 -128 -240 96 -209 177 -160 193 -38 116 203 -12 -138 -200 8 164 135 -158 114 -146 35 64 115 248 133 -37 45 -65 -85 -16 66 56 -107 -154 -73 23 210 -186 -135 -168 -11 -243 246 -181 110 -227 156 -216 21 57 180 -239 -52 -62 75 232 28 -123 30 117 25 235 -172 -76 -176 -109 -114 -190 -86 146 19 60 -133 175 208 -189 -150 -31 -99 -66 61 -57 -88 32 236 -169 240 27 -188 16 -55 -69 2 84 118 127 171 58 -233 122 228 120 73 218 109 249 -72 226 -236 -125 77 -180 151 18 148 190 239 -33 184 107 -8 200 76 111 79 121 -82 106 147 242 -18 196 102 -218 -100 213 158 103 80 40 -170 14 234 -235 205 -202 -198 -30 -156 198 -247 152 -91 51 54 188 -13 230 -47 -25 204 -161 237 227 247 172 -127 229 176 -219 130 -246 -224 189 -81 113 70 -43 -137 -32 -191 108 -141 179 93 161 -2 53 -164 34 82 -94 -155 216 98 -230 -226 65 224 -121 165 -21 -194 241 207 -212 -187 -9 178 -28 199 20 -132 -149 -14 -136 52 -106 -140 -89 141 0 29 -206 -116 87 222 -178 -130 86 -34 -29 -6 -27 -211 13 -44 72 -122 140 -56 -108 128 -225 162 37 183 223 -83 -63 
TEST 26 ARG:-69 61 114 41 243 24 -56 94 182 -141 115 111 -111 69 -7 66 -43 121 136 244 -42 202 -17 27 -248 -47 -242 -214 -27 106 -33 242 8 -86 -250 215 210 184 205 -51 77 126 -140 -186 137 234 -9 62 102 139 -24 217 48 146 -249 72 -120 -103 25 17 -31 80 43 -198 -113 160 -22 235 0 -247 -222 -229 -147 -190 -64 -23 -129 188 118 -194 70 -75 -154 249 -32 209 247 -153 228 195 -35 -37 -226 -152 159 -54 83 97 34 -205 -122 -81 -204 -241 -63 -207 178 -208 229 241 -40 98 92 -15 -82 -3 -200 -106 151 -179 168 -44 -136 120 -62 -244 236 -212 51 166 141 -124 84 172 176 208 -29 212 -191 163 -16 179 -61 -73 -104 85 26 32 -138 -165 -128 218 -46 124 200 227 76 143 189 -215 -210 44 30 22 240 -209 -105 -34 207 42 -52 -223 -4 -107 -12 -144 -156 -131 138 1 170 -146 -121 86 19 35 -96 192 12 21 46 -246 -157 -150 -70 -74 135 89 93 73 185 -149 75 109 -6 -76 187 53 -114 167 222 -137 -67 127 -170 -237 -239 -57 191 -188 246 33 239 -180 -30 -116 -85 -130 65 142 9 -109 203 -72 -95 16 -197 -26 186 -66 -83 119 -155 11 -168 155 96 245 -110 -216 -21 -39 130 -60 -243 -102 -94 128 180 15 -189 78 -213 103 -58 140 223 -231 201 -195 231 -10 -19 36 -134 -173 -108 50 -99 248 -171 117 -202 -36 101 39 -117 196 -221 38 144 -87 -50 221 174 211 -228 198 95 156 -160 -203 -151 -235 -233 -115 -139 -181 -48 123 -218 100 -199 145 -185 -201 -206 49 -211 -219 157 71 67 113 -55 183 -184 -98 153 31 -11 -1 6 150 90 -25 -125 -78 110 -79 -230 -18 60 -145 107 -158 -234 204 194 -127 -2 5 -5 -159 -236 190 74 -174 125 171 -28 68 2 -163 -68 -183 -175 -178 -126 220 79 105 -166 57 64 -182 -187 -162 122 216 56 230 152 54 158 52 -176 -89 45 82 -14 28 4 -245 3 -112 237 -142 148 132 165 226 -88 -84 -227 133 -148 233 20 -193 -118 232 -38 -101 -80 -192 -123 169 -20 181 213 214 -132 -143 -177 -77 175 162 -93 -224 -196 225 -172 238 59 91 -53 199 -225 154 206 88 -240 -119 161 129 -135 -71 -49 -220 164 -217 -169 -91 112 147 -13 193 -164 -232 -161 -41 29 -167 47 -65 173 37 149 81 -100 13 219 -45 197 -92 99 -133 134 224 104 14 23 108 -97 -238 116 55 177 7 -59 58 40 63 87 131 -8 18 -90 10 
TEST 27 ARG:61 165 17 -225 -166 138 218 216 136 152 -203 -179 -63 89 -240 -46 -174 166 -76 181 -53 83 -220 -184 110 209 186 91 -107 -171 199 -40 220 168 -126 -113 112 85 -198 215 -5 -127 141 -55 -23 -30 67 18 -154 -125 -223 51 13 -60 144 -13 8 127 86 201 163 -235 -89 -54 1 -92 -149 56 -21 -164 115 151 -90 -131 -153 150 -114 160 73 14 -110 9 204 123 62 -135 103 43 -142 -155 -81 -185 184 167 135 -71 179 -230 -106 -97 87 117 22 24 221 -242 44 118 -239 231 224 27 159 -20 -65 -204 -33 187 -105 -195 -25 -118 -190 -199 -82 132 -238 -193 -138 -202 84 -188 -248 -50 198 173 -222 30 50 -4 210 146 -70 46 42 -217 80 101 105 96 -218 76 81 -205 217 54 104 193 245 29 -2 63 -144 -176 37 174 169 -170 206 -68 194 -116 212 170 -157 41 6 122 -245 182 -229 148 208 94 120 -247 -38 -69 48 140 3 176 -237 125 -183 171 149 -94 -152 -32 114 236 188 -192 98 -219 -10 36 -137 108 -146 47 106 -216 203 -91 -228 139 -39 -181 -43 66 197 -37 -139 -3 -117 -121 131 -100 88 4 21 99 -59 40 130 -27 58 246 93 -140 -66 -206 158 -226 211 -162 -241 126 33 20 -7 234 240 -212 142 -80 -26 -177 -41 -231 78 74 -93 -112 60 -75 -250 191 -9 75 -44 -151 70 100 25 232 7 19 177 156 219 -22 32 -150 -14 5 -119 -87 -77 -74 64 -111 172 129 230 249 237 -28 23 175 92 -165 -244 235 72 45 -78 -227 247 77 -196 178 133 226 69 -47 241 205 248 227 154 -36 -167 128 -1 82 -208 -84 -35 53 28 200 239 116 -83 97 -17 -178 -103 196 79 -58 -67 -145 -130 -101 -159 162 31 -51 95 -175 -48 225 -129 -115 -72 -141 12 -85 -148 -95 -64 -132 -187 -86 -62 -120 -210 -189 243 57 -128 -18 -201 109 -123 -180 49 147 -45 213 -213 153 242 -31 -168 -249 -8 16 202 -161 107 214 -156 -56 -133 102 2 -61 -200 0 145 -99 -143 -16 -158 -169 134 185 -232 222 90 -211 -109 155 -104 137 -207 -234 207 161 55 -194 -191 52 -42 -6 157 59 -12 -108 -214 -136 244 180 39 -215 71 -221 38 189 -197 10 233 -236 -19 -147 -98 -15 -186 192 -88 -122 -102 -29 15 -11 223 -124 143 124 65 164 -182 68 -209 -79 228 -134 190 -52 -173 183 -233 113 34 -246 26 195 11 111 238 -163 -49 35 -160 -57 119 -24 121 -224 -34 229 -73 -96 -243 -172 
TEST 28 ARG:1 -233 -28 -203 -120 127 -218 -193 -22 -191 -224 -96 -227 197 146 -8 -33 63 141 241 -143 -175 245 210 -29 110 105 -231 131 -172 -69 -200 157 -20 38 49 9 -55 -196 -149 223 -128 -201 169 -14 -133 188 224 -241 -64 -181 -206 150 -85 -189 -159 -174 -148 64 206 83 -95 -223 227 160 16 233 -188 -40 -62 -114 60 118 203 198 -127 41 152 -5 -169 -211 -162 -215 61 119 222 85 -90 -228 217 -192 -102 121 -76 179 -48 79 103 220 -111 19 88 190 211 74 99 -18 -57 55 -152 -204 -161 -195 232 -84 248 4 -153 155 -232 149 124 132 45 58 24 194 126 90 42 -42 -93 -115 -158 -82 47 -70 -45 -213 117 -207 -240 -61 -51 -178 -167 175 -151 239 -49 -248 -2 46 -1 176 205 37 -170 -100 -250 -74 66 -168 144 181 65 -77 -16 25 -155 -145 -117 76 52 238 12 -60 2 172 -247 -11 158 -116 170 -182 -244 -217 243 13 130 -13 -160 231 -91 10 5 215 -59 20 36 39 173 -67 86 138 -107 107 -126 187 -50 122 89 164 156 -9 44 54 242 -184 -32 -243 123 136 -31 213 -239 30 21 -3 67 -53 111 237 137 -71 35 235 -176 -157 147 -47 -246 73 77 82 -118 -156 -123 -109 -197 196 -235 236 -25 -94 219 48 182 -112 178 95 -121 -23 84 -24 180 234 22 57 -97 212 87 -171 -119 43 184 214 199 177 -81 247 -58 135 -173 228 -7 26 33 -199 -39 -129 -72 128 -177 18 71 56 -4 -99 -166 139 -222 27 -34 -135 72 -183 -242 62 11 -150 193 -17 -165 246 91 -147 -194 -103 -238 -212 207 183 68 78 163 189 134 240 209 -221 40 195 125 249 -73 -125 -230 229 -54 -234 -106 -164 -83 -190 34 -108 -140 -134 59 -226 6 50 167 226 -202 -137 192 133 23 17 165 -210 -92 -154 -88 -19 -52 143 166 113 216 -104 204 108 -86 142 69 -179 -105 -185 115 -245 -26 -46 -78 129 15 200 208 174 -6 -89 -187 -65 -15 106 96 104 -141 153 3 80 230 -110 0 201 -198 94 -139 112 -225 202 14 -146 171 154 -21 -10 185 81 -216 -75 -209 -237 -236 -35 148 98 -229 -79 -41 186 -38 -80 116 109 -130 28 -63 -87 221 75 -131 31 97 -220 93 -142 -214 225 244 70 -136 145 -138 140 -124 -208 120 53 161 -101 162 -219 -36 -144 -44 191 -205 -98 7 8 32 101 51 -27 -68 -66 102 -122 -132 -37 29 151 -56 -180 -113 159 100 -12 -249 -30 -186 114 92 -43 -163 168 218 
TEST 29 ARG:13 -174 -24 -6 228 -80 -162 -63 224 115 -224 -124 -155 -203 169 -57 -28 -210 221 -161 133 19 -142 153 116 217 -212 -36 132 166 -244 -73 131 -42 128 21 -188 -164 136 -139 -7 125 -181 -236 178 65 72 -215 79 162 57 -90 144 -32 190 52 -121 -12 111 -31 232 -238 -165 91 -231 15 119 -48 -116 -3 63 -112 -107 154 84 -226 215 230 -52 195 81 -71 -55 180 -202 -196 -147 93 -88 -242 -67 200 92 -68 -138 235 -191 34 227 28 210 -108 -99 -246 -132 -2 100 240 -16 -62 -33 -153 110 24 184 223 -150 197 243 165 -27 237 120 167 -170 -10 -127 246 198 206 -144 191 212 122 -8 60 56 -157 -60 68 -102 238 -118 -151 -134 157 -120 58 202 189 -186 77 -239 -15 124 44 -61 -98 -9 -105 203 -123 -25 76 -194 185 123 -228 53 -17 -177 226 51 135 -72 -14 18 106 25 -40 218 -211 7 138 104 164 101 183 -82 241 -192 -87 -106 222 -77 -84 42 12 85 -111 177 37 -160 103 147 -176 41 14 188 -163 176 161 -149 233 94 225 -38 35 -225 196 102 40 46 216 -18 163 -125 141 -79 0 -76 39 -201 -13 43 121 90 -126 108 -64 -137 117 149 -49 11 -56 89 -220 -75 -156 236 54 205 126 -29 -22 -53 229 -46 -216 5 55 -89 -91 181 207 199 -243 8 -93 -136 -204 -54 -5 -143 23 -86 -146 1 48 -185 247 -198 -103 -135 -133 193 214 150 -172 211 50 137 31 27 -45 4 -182 -175 -250 220 -205 -148 168 83 10 -11 -131 155 64 59 130 -20 -195 -95 156 -217 -209 95 29 -23 186 -59 -141 -234 86 159 -214 192 62 -190 -21 239 194 -221 140 -247 -193 87 -41 17 88 -70 -184 6 -44 45 187 145 78 49 -122 112 -232 -178 99 -101 -240 -110 61 -159 -115 16 -206 -109 80 171 -171 33 174 148 -173 -81 -140 -199 201 -245 146 -179 -100 -218 -168 134 -119 139 -207 -30 -39 142 -183 -229 -1 -65 209 -189 158 -113 182 -230 2 69 143 -154 -69 67 -47 -4 74 -85 118 26 73 -130 -241 152 -34 -248 -213 127 75 -117 97 9 66 -222 160 -235 -35 36 47 32 -249 -37 -83 231 172 179 173 -152 234 244 -227 107 -97 -96 -50 -78 -223 -169 213 -43 20 175 204 -187 -166 -158 113 -104 -66 114 3 38 109 -19 -74 129 -233 245 -58 -219 -114 219 -94 208 170 242 22 105 151 -197 -237 -208 248 -145 70 -128 -92 -180 96 -26 249 -51 30 82 71 -167 98 -129 -200 
TEST 30 ARG:165 126 203 -214 193 -99 -75 -133 5 -125 -81 78 51 140 -52 10 -161 157 -102 98 184 175 -91 -132 -1 -128 231 -42 -86 -226 73 63 168 -36 239 133 25 -159 148 120 41 207 -11 -131 -83 124 -31 234 -117 -198 -101 -248 -19 205 -158 -192 -151 -207 176 -58 -72 -247 12 151 52 229 236 -69 -59 90 156 -112 211 -216 226 86 44 -79 -179 -85 83 122 91 -160 -98 216 178 96 -228 62 -93 39 -184 -9 247 82 202 30 196 -130 183 -205 -39 43 215 192 38 4 171 -137 212 85 -224 -96 80 190 154 45 81 54 245 -29 125 71 -110 31 117 228 79 -109 70 153 243 249 76 -53 -64 -23 -234 97 2 -82 206 244 219 66 187 -7 131 182 -219 33 16 87 204 -138 -164 3 50 -123 -122 -232 -185 -204 136 109 -171 -113 213 -136 99 -124 -186 19 -140 -220 94 -206 -126 68 -77 185 167 -76 113 -182 -196 -15 174 24 186 104 72 -194 -100 -147 164 75 -33 -34 -57 15 221 -235 149 -16 -43 -60 65 146 -243 -119 179 -88 -250 -150 -78 161 -51 -211 210 84 214 -170 123 118 169 -193 8 218 103 240 -89 92 -178 -2 246 -189 105 93 -223 134 26 -155 -106 -173 7 155 53 177 -70 49 -153 -239 235 -18 -22 23 220 -200 198 -84 -47 -202 -166 102 -227 -14 29 -201 241 -118 -35 1 -27 -49 -135 -222 -12 69 -61 -221 -121 -154 -63 141 100 -149 -90 -17 -246 114 144 -120 209 222 248 -208 40 208 -6 -195 36 37 195 -37 152 56 111 -66 -218 48 89 -225 0 -236 -40 95 67 172 -139 -21 138 116 -187 -145 -148 -74 -190 -127 -104 197 -48 181 145 -240 -188 -134 -5 201 -28 -32 128 20 -56 -129 188 106 47 166 112 -217 -44 108 101 -115 237 -162 -24 -163 -237 -197 -50 -242 -141 -174 -3 121 233 17 -249 -143 137 -65 107 -213 217 -156 -107 -62 162 34 -10 -26 59 -55 127 -199 132 170 -230 -233 129 191 -108 150 -67 194 -54 88 -116 -167 -172 139 74 147 -146 11 21 -4 -177 -92 -68 -38 -210 -181 27 110 -157 -238 -80 238 -71 -168 -25 14 32 -165 -46 -212 55 -13 -45 61 -142 -152 28 -191 42 -183 -176 -20 -209 22 199 180 -97 64 9 160 35 -169 -244 227 159 -94 230 77 6 163 46 -175 115 189 232 -144 -87 130 200 -231 -229 143 119 -103 18 -8 242 -41 -30 58 -114 225 -241 135 -180 -105 -203 158 -215 -111 -95 -73 173 13 57 223 -245 224 60 142 
TEST 31 ARG:172 218 102 -62 -39 57 201 -191 -135 157 188 121 224 -64 -234 -136 136 -190 240 248 -139 -198 -119 52 -31 -236 243 -42 -18 -84 -103 84 150 43 63 67 -2 239 -57 165 199 -247 -47 -180 -186 -173 -53 -160 -212 -3 109 92 122 238 -134 -133 -124 -52 237 -230 -11 29 177 113 103 -33 61 -131 141 171 -1 -166 -27 -13 -105 -36 -100 153 71 -203 -43 147 -221 -240 5 192 -182 -146 -15 -249 193 27 131 -176 -178 -51 164 190 75 -225 215 209 58 23 -229 66 135 0 -76 82 -183 227 151 195 168 -95 106 -92 53 115 198 -163 -45 -102 169 212 129 180 -142 -188 184 -129 110 25 197 -70 176 -118 119 -143 -189 -199 -126 154 -218 -214 -54 144 230 79 -194 -46 231 31 -244 -220 186 -114 126 -169 55 111 -125 -144 139 -241 -204 -147 88 114 -172 86 95 -156 -99 35 -87 87 112 162 -196 40 -77 94 127 -170 -195 174 3 142 242 -29 -206 -109 185 78 -209 -44 -120 -78 -97 -243 85 247 7 233 200 -200 -37 93 14 -141 -158 -250 -201 133 225 -85 -248 117 161 -216 91 123 -94 -246 229 -26 137 196 149 -19 -207 46 155 206 -202 -159 132 -8 -208 -14 99 -66 -107 183 -233 -41 -75 -185 -123 -205 -60 189 -179 -193 -83 148 125 -210 -153 -88 178 -40 -121 24 -91 -16 -38 138 -155 191 156 -80 145 116 246 -227 73 68 72 18 -90 -245 4 17 -96 -177 62 -164 -86 -226 -174 -117 81 -113 98 207 220 140 101 -89 16 97 -116 -68 -81 6 -127 -56 -152 83 -55 -58 -168 69 -9 -192 51 -215 -149 181 -73 221 33 214 -10 175 -71 26 -7 -115 90 15 -223 -24 146 30 41 105 -79 -35 173 107 163 235 -25 241 74 232 -101 -32 130 59 -104 158 64 -217 167 -239 -23 -211 234 -175 152 70 32 245 -20 -110 34 49 12 80 39 166 19 219 -213 -148 -235 216 -65 -132 56 -112 -137 13 124 38 170 -106 -111 208 -17 202 -231 -22 60 244 -74 104 179 -197 134 -140 77 -98 48 236 -48 76 -157 -6 -50 50 -21 211 -63 37 9 118 -224 8 47 -49 160 2 -242 -187 -219 54 100 -82 -232 226 22 -5 -122 -108 205 96 213 108 -154 -222 42 -181 210 194 89 128 -161 -238 -167 -151 120 -28 -4 182 159 -61 -165 36 -228 65 -171 -128 -150 -130 11 1 217 -162 -12 21 -30 -145 223 -237 187 -67 228 -72 222 45 -93 10 203 28 -69 143 249 20 -138 -184 204 44 -59 -34 
TEST 32 ARG:-70 -19 142 -94 249 -66 13 172 -211 -92 -73 -32 -235 97 -12 170 -219 -26 -58 166 1 -153 -248 -29 -106 27 234 -60 -227 -18 -52 -31 95 -168 184 130 227 228 -126 -132 5 -128 10 40 88 148 245 165 -171 177 -27 -13 102 125 -34 -6 135 225 145 -45 90 82 68 -170 237 -77 28 -226 -199 243 -93 -118 48 147 222 146 36 -25 120 19 174 -197 224 189 -237 -89 -179 -238 116 -242 -105 -236 53 220 72 153 38 45 34 93 77 -206 -103 248 211 235 114 -193 122 2 183 -115 -110 -107 -167 -159 -119 54 113 230 -147 -201 150 51 168 70 119 -57 162 69 202 -225 -74 178 -243 -10 59 -150 -7 182 -65 238 -154 -46 193 185 -155 -39 -2 123 -21 12 -136 137 -15 -183 175 -200 -68 67 187 -129 -59 -181 -221 35 104 0 205 -85 -151 197 -139 23 3 155 47 207 -79 -63 -165 75 -164 -76 -16 109 -149 20 -24 83 -232 180 -189 -36 -185 86 58 241 115 -33 99 -210 -222 216 78 -247 -216 171 -234 18 240 -102 -109 132 194 21 -220 -180 -113 81 -156 91 169 -245 -14 -55 196 -17 -186 -148 -229 -120 163 -209 246 121 -96 112 198 157 9 -202 33 127 -49 43 -112 32 -131 37 117 -86 -72 247 -157 188 -214 -124 -35 -203 201 106 -83 -47 -160 42 199 -4 84 -50 6 -143 31 8 191 118 -174 -194 -141 214 11 65 -43 124 46 -44 -22 49 107 71 -80 -207 206 -161 26 96 126 -144 176 136 -240 154 200 -246 -56 221 -213 -169 -191 -20 209 -51 215 -97 212 30 -142 15 -3 -98 229 41 -78 -88 128 134 -224 217 -41 76 -100 92 73 160 105 -239 -250 -146 -23 14 -230 -208 -188 -67 85 60 -62 -69 179 -84 62 195 -99 -101 140 156 151 141 94 -137 -5 25 -184 219 -205 50 98 -152 138 -127 -204 -162 231 -37 -121 17 152 -8 -187 -195 -104 -134 190 -40 173 -166 -231 -11 -182 -125 -145 -228 80 -71 79 -30 232 -217 -114 -1 -42 63 236 100 22 7 16 -140 204 61 -123 -116 -163 208 186 -87 -212 144 56 210 -117 139 -75 -178 -244 89 -48 242 192 -190 -218 -108 164 -176 29 -54 133 87 -111 52 239 -215 -173 149 -95 -133 39 161 -249 103 -130 -138 223 -172 -158 -28 -198 -38 226 111 -177 57 158 -82 4 55 -223 218 110 -9 -196 -91 74 -233 167 101 131 159 -192 108 143 129 -61 24 -81 -122 213 244 -135 44 -175 66 -90 233 181 64 -53 -64 -241 203 
TEST 33 ARG:-190 -220 49 205 122 -199 91 132 -39 56 -6 216 123 184 70 -46 135 112 111 88 -54 187 -138 69 -120 19 109 114 -228 105 -114 172 -144 0 51 210 7 169 248 -65 86 124 -74 163 200 -56 106 -8 -181 -45 -68 -171 -118 -150 -132 170 -52 -232 -234 218 229 -31 -29 -217 53 219 -149 21 -127 176 -193 148 -24 -211 -162 47 196 -180 74 -38 -173 -139 -72 174 -5 -18 -58 -42 221 168 167 -98 -248 4 -203 17 -101 -206 128 120 -239 -63 159 24 182 212 43 -179 -59 220 207 -27 -22 -13 39 -155 -89 -209 75 -151 16 -70 185 80 -25 -222 62 -175 141 119 44 186 90 95 -135 -19 217 100 -237 -143 -165 77 232 20 -41 223 -191 61 -33 164 -122 -160 -107 -34 -86 -187 -240 -40 -4 -223 99 -95 -102 -141 -198 199 8 136 -14 -214 165 -212 -83 194 13 143 134 -80 -247 -116 15 -10 146 213 -128 94 -51 71 -81 -242 67 -100 -96 -176 243 54 101 5 -49 188 30 10 -82 -166 144 -249 -125 -195 -134 110 215 181 233 -159 118 -36 3 -169 -177 -152 93 29 14 -205 -108 -53 126 41 42 227 241 102 -103 239 -129 -97 -154 -219 59 -140 -12 87 209 -183 -182 -210 -225 -124 139 72 -184 -188 55 162 -224 -71 189 12 18 -168 -164 -3 22 -28 -136 244 203 -117 115 236 -158 45 155 121 78 -153 -94 26 -93 240 204 64 -15 -115 96 153 -69 -50 -88 84 -60 -163 -119 129 142 -92 -104 103 -21 -77 145 48 -230 -196 -157 -61 -11 130 97 -137 -44 -221 -66 154 -231 150 158 82 183 92 27 201 246 138 108 179 -226 85 190 117 40 195 -111 -126 133 65 -48 31 247 81 226 50 -17 237 -172 208 245 222 -200 -174 -185 238 -64 193 -131 -110 173 224 11 83 149 -229 25 46 -113 -76 131 -62 -85 235 6 -192 156 -186 -167 -84 63 -20 -43 -241 -109 -197 23 -246 -73 147 58 242 -23 -216 2 202 -57 152 -106 -208 98 -194 -87 211 171 151 197 -91 -201 52 107 -236 -7 225 -47 125 -78 -227 180 -9 -250 175 160 57 -1 32 -146 137 -35 -79 9 -32 -142 37 161 -215 -90 -170 234 -130 -178 249 36 231 -148 177 206 -55 35 -233 28 157 -99 -213 89 -105 -112 76 192 -123 -30 -218 -202 -244 -204 -145 60 -133 140 38 214 -207 -67 127 -245 -37 -121 -2 -75 34 230 -189 73 191 -156 116 -238 166 79 -243 68 -161 228 113 66 -235 33 -26 178 1 -16 -147 104 198 
TEST 34 ARG:197 48 -108 160 107 -128 164 -164 18 -13 110 -132 230 8 165 -166 -145 195 -110 -118 -20 31 -100 -138 -240 -158 -149 -68 -155 206 62 85 236 -18 216 -114 4 128 93 204 -234 170 -222 202 68 -8 242 -6 -188 184 -88 71 25 200 180 -218 -142 -151 -76 -34 179 -175 -207 -48 -215 -69 113 -29 -123 -46 -111 67 -191 14 217 -135 133 -176 118 131 -230 -32 109 178 151 -211 40 -126 201 -101 194 -85 -84 150 -94 158 -228 52 -5 -243 209 -131 81 -30 146 19 229 -134 -199 185 246 -4 182 32 142 -17 -125 -2 -16 83 -204 177 5 73 3 87 -15 36 135 -148 95 124 153 -152 -237 -147 104 -77 1 -247 137 -105 -66 114 -227 -53 44 69 215 -99 172 -193 231 167 79 -197 -209 76 90 0 -43 -51 82 27 -31 -14 245 -238 192 39 -98 240 -177 221 63 29 6 -59 91 38 66 115 -221 -67 80 -202 -189 -156 244 161 -1 53 -58 -186 -196 189 45 17 210 -174 47 -187 -62 -219 125 -201 218 227 64 98 100 213 203 -184 -182 -179 239 -106 243 157 -214 176 -55 -83 140 -103 -226 -165 -117 -121 43 -7 -119 111 -173 -154 148 139 -161 70 26 238 138 -60 11 60 -150 56 -133 -231 171 22 -198 -74 154 105 156 -141 -115 233 16 126 248 144 -139 -130 -162 -33 -224 -168 -137 116 -239 -90 132 108 237 -236 -23 -190 -54 225 214 -49 234 -89 119 166 84 -220 212 169 -246 228 -12 15 37 -144 143 130 -80 129 117 134 -24 -25 -97 -78 159 59 51 -10 -233 219 -27 145 -208 -73 241 112 -136 7 -169 -249 -40 -11 -172 174 186 -200 -213 199 -178 -38 55 -122 149 78 -107 -72 -116 20 -185 96 -35 -41 101 -217 -120 65 -71 -70 -241 147 211 -232 152 222 24 -159 -52 122 173 -82 224 181 -9 41 75 -21 162 -229 -212 -167 92 -109 13 -87 -81 -235 -57 226 -22 46 205 -113 -47 198 136 23 -250 -194 193 -248 28 -39 -45 -37 -192 141 86 188 -65 -170 -61 -146 -92 30 191 102 207 -93 121 -181 168 9 61 88 127 2 -216 74 -50 -160 196 220 -56 232 -124 163 208 -75 187 155 -44 -183 94 50 -171 89 -242 -225 -104 58 -223 -140 -28 106 -245 -180 99 57 223 249 103 -195 183 72 10 235 -79 175 -102 -210 21 35 49 -157 -63 -129 190 97 -206 -19 123 34 -203 -163 42 -36 -86 120 77 -96 -91 -153 -3 -64 54 -26 12 -143 -95 247 -127 -205 -112 -244 33 -42 
TEST 35 ARG:70 198 -236 220 41 -124 -19 -151 164 235 98 -10 113 147 -86 242 -237 160 133 -97 -11 -228 190 192 39 -157 -115 -176 241 11 -50 -177 44 111 -234 -29 144 181 208 116 89 -24 16 204 155 129 -110 86 -149 -193 -70 40 206 -163 -171 -170 -85 145 -13 172 -190 71 -226 -7 -62 -242 246 207 -27 -188 -160 -9 -34 213 -162 -116 151 119 117 214 -8 17 201 182 226 77 132 110 -130 -120 78 -64 -146 -194 -80 -245 -59 120 53 179 48 -41 3 -40 -217 -178 175 22 26 -135 29 247 -105 -153 -76 178 -69 227 103 -148 32 240 -17 -23 199 170 -3 244 93 142 -159 -2 50 232 231 203 -39 -221 -181 195 -96 -60 -219 -180 -222 -4 -138 -182 -71 -101 -66 -31 -75 6 176 45 -224 -244 -210 68 248 216 37 21 -83 -100 184 -108 -147 -1 81 -137 -198 210 -165 -214 33 -89 51 131 63 153 -117 -184 -156 -58 -118 87 43 149 -248 223 -114 -209 -173 99 -150 -161 123 222 169 46 -67 -204 75 -52 202 229 212 -5 154 -125 91 -215 -235 177 100 137 80 233 57 79 166 34 10 -54 -202 38 130 -28 15 83 2 128 -32 -239 -164 -26 64 36 139 -183 163 47 -82 -16 141 -92 114 156 -158 -129 -111 -211 167 -223 73 84 -6 -141 -84 -63 -143 106 -36 62 -208 121 -131 -230 -46 -119 97 -81 118 215 82 219 -233 -139 -205 -240 19 74 104 69 -227 245 -225 122 -87 65 -99 115 58 -102 109 23 30 -212 200 127 85 -199 -169 -127 25 24 1 66 238 -20 -33 138 20 124 -191 -95 -197 -56 -93 -241 0 -88 225 -201 134 -68 -57 -122 -207 -136 -152 171 -140 -78 150 108 180 -132 173 194 193 -189 -45 168 -192 -175 -21 54 221 -25 105 211 186 140 -18 107 218 -73 126 234 249 -51 159 49 191 -185 -42 31 -22 -250 -172 -213 -134 -44 72 5 143 224 -206 92 146 -53 -106 -155 -168 -220 14 -47 -90 197 230 7 59 27 96 -14 101 243 -144 -72 183 88 -216 161 187 -91 -55 -231 -104 -121 52 112 12 -247 -38 209 28 -30 -79 60 -103 -123 125 148 185 -15 -249 -94 -179 158 -126 135 157 -154 13 -187 8 165 -133 136 35 -109 95 -238 -186 67 61 189 -113 -49 162 -128 -74 18 -166 -243 217 -200 188 -203 76 9 228 196 -107 -195 -196 -37 -145 -112 -48 205 -142 55 239 -98 -12 -35 94 237 42 -43 -246 236 152 -232 -167 -65 90 174 -77 4 56 -174 -218 -61 -229 102 
TEST 36 ARG:186 -61 221 185 -149 -217 -36 164 227 239 41 31 235 -159 -72 -37 210 125 106 70 -40 13 -5 -207 -25 183 92 -219 194 167 180 244 -77 -14 -55 -198 -19 18 -60 -199 145 -107 58 112 -1 181 8 24 188 -227 -158 -121 201 37 95 -106 75 -186 71 -7 -213 9 94 238 127 -163 166 150 -84 17 242 -225 74 101 3 156 236 16 119 -123 -171 65 80 -43 105 -145 44 -248 29 -21 26 152 -132 174 -114 87 -57 176 -22 128 159 -169 -88 -162 157 5 -102 -153 172 240 99 -168 -191 -241 -249 -208 182 -10 61 -74 -193 55 248 -15 39 249 -59 -224 -178 67 133 -229 14 -188 146 -64 -112 -124 -205 -38 -115 -173 216 -235 -81 -109 178 2 -122 -104 223 -83 237 132 -76 208 160 124 -79 25 -239 -94 -45 -206 -96 63 62 144 190 51 -135 -98 136 122 123 -152 130 -243 38 168 -62 -23 -200 -78 36 131 -232 -117 -179 52 219 158 191 215 -156 -8 81 0 20 27 212 202 -236 161 153 -65 69 198 -34 -160 -238 108 7 192 98 -164 -189 147 222 10 -68 -226 30 -9 149 184 -119 -18 -113 -6 -50 -63 -134 54 66 -214 -204 77 -48 -89 19 170 15 -103 72 -247 -161 -244 -196 -27 -116 246 220 -157 226 -234 -218 -31 207 -165 129 -93 137 224 -26 32 85 113 -177 -111 228 -17 -185 -54 140 203 -182 -146 -202 206 -127 103 -24 -246 -143 96 -3 49 173 195 107 189 -150 111 -110 -167 35 116 -131 -49 -154 -181 -211 -30 -2 -230 -41 -215 6 245 21 -71 -129 -237 50 46 -240 -100 43 -209 115 177 165 -151 -233 -197 90 45 243 -66 171 28 187 -194 76 214 138 104 88 -155 -46 22 179 139 12 225 -51 -221 -212 42 73 -35 -69 -12 241 199 -148 -231 -58 34 -91 169 196 -220 -166 -126 -137 -67 -190 -92 -172 56 230 -80 218 -16 89 -118 48 217 -44 -28 134 232 -53 -47 -75 -187 -184 -32 -13 162 -56 -245 4 -90 231 205 11 33 40 211 86 -228 -250 -29 109 -82 79 -125 -120 -210 82 163 -223 -242 -130 -99 -101 68 -133 57 141 -86 204 -11 -147 -195 -136 -4 -180 84 -108 -222 175 -139 -128 118 -203 -20 -216 -85 213 110 -95 -39 -144 209 1 117 91 -175 120 -170 23 47 53 100 -33 -97 229 102 197 151 60 -183 234 93 -176 -141 155 121 -52 64 59 193 -42 247 -174 -201 83 -73 135 -87 114 148 200 -138 -70 233 143 154 -142 -140 -105 97 126 -192 142 78 
TEST 37 ARG:6 -165 -24 -244 -50 52 157 -131 169 133 14 119 -48 -61 104 -31 -91 88 90 65 232 -16 173 42 124 182 3 -6 -180 -94 -209 -127 145 46 107 -210 34 -70 222 -54 -124 -243 -83 164 -87 135 56 101 136 -136 -7 66 -96 -102 234 201 -107 -140 127 -32 -228 221 244 -119 -159 60 146 -192 -162 -134 132 -106 117 170 -181 223 37 242 -187 50 165 -148 -146 -245 184 183 -144 227 -185 192 -128 -27 -193 -5 -141 -169 76 -11 -150 -1 -171 7 -222 156 -231 84 163 -60 190 -14 -68 -155 -242 -129 9 216 69 -238 81 5 -121 159 212 151 13 166 39 48 214 112 -218 -152 -21 47 -36 10 53 -15 40 0 110 93 -78 -249 -74 -65 109 220 -198 -217 243 -130 148 -189 -147 78 195 -72 247 134 102 30 -53 2 204 188 -28 167 63 191 62 -19 -51 186 -199 26 -191 1 -58 4 -41 178 79 35 -52 -145 -221 171 175 -98 229 -190 -90 115 143 -89 21 -20 -234 -211 209 -3 89 -156 44 -186 -137 -46 241 160 -208 -93 142 70 -105 -116 12 71 99 200 176 -178 -59 29 177 -240 -229 172 108 38 -197 114 139 -112 225 -166 219 -233 -161 57 -202 -76 -35 -188 -49 -230 -10 11 -33 -201 237 18 -120 -13 54 -168 -39 196 -82 -40 87 -123 -176 105 -77 55 189 -69 -126 130 -42 246 -225 -158 161 -12 203 194 27 -250 -85 152 73 -154 23 -43 118 -79 217 249 -172 131 58 -97 -113 -204 -57 -88 -108 -212 -157 -241 125 68 -206 235 -194 -207 -86 158 111 64 -34 -151 -81 198 -160 75 174 -170 -246 -101 113 -62 -248 245 238 162 -135 233 -177 92 -110 -139 168 85 -163 -239 -103 61 199 80 51 22 -75 138 17 41 215 -174 8 -235 25 -205 -164 122 187 -142 180 16 153 -30 116 -67 -56 -122 -215 -99 -220 72 15 32 205 96 94 -203 -9 31 210 86 -8 -213 100 207 -167 -18 -84 -109 -66 -183 -247 -226 -63 240 -153 -219 -115 77 -100 -149 -55 91 -118 -227 106 -200 -117 211 -47 213 82 144 -179 97 -2 -182 19 -92 141 -4 67 -80 98 129 150 -237 228 218 -214 -216 -71 36 179 -73 -132 155 -37 -26 126 20 123 -111 45 231 83 -195 -173 206 120 128 -175 239 -114 33 185 95 149 -95 -133 -45 -223 -232 -64 147 103 -196 140 -236 230 208 137 197 181 -184 -44 -23 -25 -29 -143 -138 -22 -224 224 -104 -125 24 59 193 74 -17 49 43 226 28 248 202 121 154 236 -38 
TEST 38 ARG:-123 -180 -33 141 -116 -14 221 173 -210 -31 -156 150 -161 39 14 -100 76 98 67 133 18 -4 -106 -91 91 29 -219 -149 208 -60 -97 21 -53 -122 44 157 48 -95 -146 -22 87 -101 85 197 216 227 -41 112 41 -82 -197 -243 -76 196 95 -89 105 26 -165 -152 79 96 -155 -168 75 -85 128 142 -179 176 38 165 -160 46 -186 -92 -70 239 31 192 81 -75 -238 82 155 156 56 182 24 16 -196 74 135 -124 179 -21 34 -215 90 -34 42 -93 -2 226 -96 151 147 -250 -44 0 187 242 -164 152 -200 -171 -235 -3 -81 -118 53 -49 -80 -246 69 -151 -185 -19 -190 -104 -202 162 59 50 136 -24 -20 -213 -172 -72 215 213 185 212 123 -183 -169 47 131 202 161 -163 58 -71 209 -39 132 -144 -192 -231 -188 108 204 -46 -37 247 -9 36 -138 62 -195 -77 -247 99 -56 183 88 -26 170 -6 235 77 -139 43 35 137 84 -239 116 25 49 -103 -114 -134 231 -61 8 -127 57 181 -216 -52 -25 -206 -204 -162 -147 -47 214 27 86 -154 -244 -223 -212 -230 -35 -65 -220 -211 138 238 -199 -73 -84 17 -5 66 83 -119 71 -12 -11 148 -145 184 -68 119 1 -227 198 139 -166 236 153 103 -174 -242 189 -143 211 -23 -201 3 -175 97 -98 -214 -59 -40 32 51 -129 -177 -181 127 6 -209 -167 225 -55 63 149 -187 249 -94 -140 -79 164 -184 11 223 -203 10 -110 -42 -234 -237 178 -120 237 -226 -225 -115 -148 -67 -1 -43 -133 64 -109 -17 101 -236 30 -54 -66 118 -102 186 188 40 7 19 -142 -18 222 -27 -10 126 168 134 23 246 114 167 -45 -16 28 80 -205 -170 -36 160 104 199 125 -86 -112 110 -130 -13 -198 145 52 243 224 121 -233 89 -28 -136 109 207 12 191 72 68 233 -113 -64 -207 -228 5 232 -58 -108 -32 -241 107 -173 140 180 22 4 -217 -221 -121 -176 -105 9 -249 -125 -153 -29 78 -218 -182 -159 -74 190 -158 -69 -135 -111 154 -88 241 229 -7 -240 -245 111 171 210 102 60 120 73 -193 92 20 159 248 205 -224 -78 -189 -248 -51 -191 -87 -30 -62 117 146 217 194 172 124 93 -128 201 106 -141 193 61 -222 158 163 240 203 129 143 -50 -126 15 -90 54 219 228 175 -15 245 200 45 -150 113 169 218 -178 -117 234 174 -8 65 -107 70 -131 177 206 33 -194 100 -137 13 244 55 -99 195 144 122 230 -83 -232 2 -63 166 -157 -132 -57 37 -38 -48 -208 220 94 -229 130 115 
TEST 39 ARG:82 147 -142 202 36 11 -197 -17 -45 15 61 -205 -47 60 -95 91 -210 124 -120 137 -91 -180 9 -241 70 122 53 -136 178 -7 -143 -125 160 -123 -246 123 103 131 95 238 -174 136 -55 1 120 -158 -250 50 78 -114 138 -43 -171 83 -62 135 -122 -110 -4 214 58 166 204 -239 75 193 150 207 -228 163 229 69 -63 152 16 -244 -92 205 -5 121 -21 64 210 -146 -16 10 29 -38 233 176 169 -10 -141 -196 -129 -12 144 174 246 -81 45 -134 -217 182 48 155 4 179 -27 -163 149 158 56 -49 145 134 -194 225 -24 -225 -222 241 173 -183 -111 -190 21 -57 -226 -124 -173 -127 -147 -100 -202 194 41 19 240 -36 126 -77 -167 -65 -32 183 203 65 200 -140 162 215 201 -165 -58 226 97 -236 -79 -107 -68 67 -135 -232 171 74 222 0 197 220 -99 -229 -26 68 213 -64 -61 -157 -242 -245 113 -112 6 161 116 143 -159 -66 -31 -78 -19 141 -148 -193 -69 242 63 156 100 -155 -131 107 -40 -204 35 227 -46 -227 104 -54 -93 190 -83 -105 228 -35 -149 54 99 148 -106 46 40 110 -113 -184 17 105 8 52 3 146 -133 92 -191 84 167 -139 159 153 -130 111 175 112 42 24 -189 93 -248 -209 140 26 -188 -160 -161 -215 76 117 191 37 -145 101 245 129 -230 -22 73 -90 44 77 81 -52 5 231 -121 55 23 184 -9 -240 118 49 -221 181 47 -29 -51 -235 154 -168 248 -11 -85 94 180 -218 106 -164 128 51 72 -60 211 -214 -23 -33 -50 -48 130 20 198 -170 -101 38 27 177 -74 168 199 89 206 14 -231 188 -28 114 -185 224 96 13 98 -94 -187 102 71 -199 -118 164 -208 -117 244 -3 243 -75 -102 85 -97 -178 -14 -109 -84 -30 132 125 -96 -224 -203 -88 151 90 -153 119 2 165 -37 212 -201 -18 -162 109 88 195 -115 12 -2 -20 -220 18 -86 -175 -181 30 28 -72 -154 32 -150 -233 249 -200 -138 133 217 216 -34 -56 -87 -249 219 -116 -82 139 62 221 -192 -216 -137 223 127 -156 86 -166 185 66 33 -108 59 -104 142 186 -128 -195 -151 79 -212 192 22 -198 7 -53 -144 -8 234 -132 -41 230 -223 -247 -213 187 157 -211 34 -39 -238 -15 -219 -80 172 -179 235 -25 -234 -207 -169 208 -186 -152 -13 87 -67 196 -237 -76 -6 108 39 80 -1 -176 -71 247 -182 -89 170 -172 218 -177 43 -98 209 232 189 -44 -103 115 25 -206 -70 -42 -59 236 -243 57 31 -73 237 239 -119 -126 
TEST 40 ARG:13 114 -57 -184 -83 -145 -17 142 -247 -229 -82 173 58 -178 50 -59 -88 -66 109 138 230 3 -98 126 207 -49 -204 -193 83 -241 154 148 -76 -155 -119 -248 -144 -166 234 59 -173 232 -161 -60 171 -154 208 -175 108 56 -107 -106 -103 85 -236 -77 161 249 68 -14 -148 -10 -109 -222 -70 2 -186 -141 -99 -218 -52 17 -111 -22 -201 -55 -40 -235 23 -45 156 -205 1 -130 218 45 -182 86 -211 -138 -157 210 116 76 -37 66 34 164 53 -142 -240 240 28 -117 -73 52 -163 243 160 -197 -210 -213 -206 72 74 -79 209 140 200 98 187 115 112 -68 63 136 -185 174 -243 145 192 194 -2 151 236 121 178 -15 -187 -150 134 -53 -179 131 -227 166 -242 120 214 184 195 -216 -207 246 -3 190 -202 -91 29 90 89 -44 175 55 -75 91 107 -81 -118 137 -84 100 81 -112 -140 197 21 -131 -87 75 -39 -36 185 165 -198 147 176 -5 5 -51 87 224 46 -171 -24 -183 44 60 238 -220 69 228 -121 80 119 -223 -80 -174 -152 -100 242 -94 -129 67 -133 159 125 -110 -164 -92 -65 182 -102 181 16 -108 -199 -62 239 221 247 -203 172 -215 -21 -192 215 96 -159 130 167 177 -85 128 -237 170 -249 191 -29 -156 -189 105 104 -176 92 233 -226 -195 -151 -18 -224 47 -127 -180 -23 -54 225 -35 31 -208 183 135 -41 -132 -30 -33 84 158 38 -168 205 144 -137 -61 152 162 -147 -1 220 -158 -134 -48 25 -9 217 -28 57 -78 -86 -209 -191 -231 -101 32 8 -96 153 244 -38 -12 -26 -27 -105 -16 245 -20 43 157 -188 198 4 -221 -25 99 118 -234 -233 -162 -50 186 -58 -47 106 -128 196 -31 -19 -72 -225 -90 24 77 -114 -34 211 70 227 88 216 -63 231 -97 -11 101 -196 219 223 229 51 -246 122 139 168 163 -245 212 129 -167 146 143 26 95 179 -232 -6 -113 -219 -122 12 -120 199 79 -32 235 -64 -230 202 -212 41 150 -172 -123 -126 -4 123 -93 149 180 -8 -69 204 102 155 -7 94 117 6 -67 71 73 -95 39 15 20 248 -170 -146 61 213 -89 124 -139 141 27 -71 -165 35 -42 132 226 11 18 54 -13 93 111 103 -238 -46 -177 82 188 -214 -104 201 -244 48 -169 113 37 -153 -124 22 10 -56 64 -143 -194 206 7 78 -115 62 -181 -74 30 -217 -135 193 36 110 241 -116 19 -239 42 -200 65 237 189 49 169 133 -125 -160 -250 203 -43 -136 97 -190 0 127 33 -149 222 -228 14 40 9 
TEST 41 ARG:129 225 140 -55 -71 -241 -68 -118 221 29 -108 220 -95 -210 92 53 -69 191 -226 -161 -236 -78 -114 119 44 236 142 136 -211 -124 -215 -50 87 246 248 115 -112 143 -41 88 -27 203 157 -239 -200 70 240 141 -189 130 -192 224 243 192 22 -172 -219 173 200 166 228 83 79 -140 201 106 27 -233 194 81 242 -42 63 -100 -17 -209 -133 -31 -66 232 -218 52 77 65 149 98 5 181 -235 15 -44 -113 -149 -213 124 169 -39 -103 -6 -53 100 193 -138 -221 105 9 182 93 18 -154 -142 -37 -165 -191 164 -29 -60 178 -2 6 152 -175 -162 -182 234 113 37 161 120 204 144 -65 -247 0 -167 -59 12 4 148 17 138 -15 -36 -150 -157 76 -152 23 -48 -173 -56 -54 58 -88 114 139 86 -46 61 241 212 -111 -224 198 -79 -63 -106 235 135 132 171 -5 7 -248 207 183 217 -156 -35 -110 -201 170 137 206 151 -169 11 167 177 -160 122 28 195 -143 126 -225 -199 227 176 -131 -130 -145 56 -220 -190 -229 245 48 185 -203 -77 -43 41 -128 91 30 -47 -11 89 -119 -115 196 -80 -109 -33 -194 94 230 208 -141 -214 247 -155 -166 -168 38 49 -121 -92 219 -240 -144 -212 -132 8 -163 163 121 189 71 197 244 -51 -179 39 36 31 13 95 205 69 -122 73 159 62 -99 -97 -197 -62 99 47 46 -181 102 214 -90 -9 -117 -57 60 -205 -126 -193 -85 -185 -230 -129 168 -83 101 107 -10 -94 112 -158 -244 134 -127 -19 78 -81 20 -123 54 160 80 -137 -104 162 24 33 -217 -116 -20 66 175 -234 16 -91 42 -151 -8 -102 3 -164 184 -206 32 -58 -180 213 -227 -222 -74 233 -12 -84 26 -73 82 68 239 14 -171 -96 -26 174 125 145 35 -216 -49 34 84 -1 -237 202 131 -184 154 -187 -232 -3 96 -245 218 146 -28 45 -89 -34 57 40 188 -178 -174 51 -120 110 237 -136 -67 -202 -86 -40 -70 -204 -159 222 -134 74 -64 -52 -208 59 117 -170 199 -75 165 -183 -176 -249 -105 153 -24 72 -4 21 -87 10 -38 75 238 155 -23 116 223 -125 -107 -177 -148 147 -195 85 226 -21 -147 -135 104 103 127 -188 187 231 64 -196 111 -22 -139 128 -242 -61 123 172 -30 19 -223 -238 229 -14 118 -146 25 -228 109 -7 -18 -72 -198 -246 67 -153 97 -231 -32 -25 211 -98 108 -76 43 216 -250 -186 1 55 249 -16 210 -101 2 158 -93 133 -82 209 190 50 90 156 180 -207 -13 186 150 -243 179 -45 215 
TEST 42 ARG:-160 15 -183 195 219 108 -17 89 152 196 -96 -144 217 -181 111 -122 193 154 -174 40 67 100 -148 -185 -133 237 -58 -1 -105 166 -77 68 169 66 -101 36 -236 63 88 172 -23 214 -196 -151 -10 -44 139 -25 -228 62 65 225 -218 209 54 -80 -222 130 146 -178 -154 -153 -240 9 69 147 140 164 114 -70 -4 -27 19 -47 -45 -202 118 25 -235 -191 -29 -32 216 7 56 64 -193 -225 234 247 -221 -48 28 -138 -163 -139 242 -67 224 -246 -86 112 98 163 198 -54 53 134 77 -99 -92 2 -142 213 173 -87 -6 -12 -124 109 127 -30 75 71 -35 96 110 104 31 -59 231 201 -109 -120 57 -39 -93 200 82 -43 -241 -206 122 190 -115 70 -106 -21 -175 221 -37 -136 46 153 -169 21 -177 -11 185 -234 49 148 84 -111 245 150 177 59 -114 125 -8 85 -195 241 74 -239 194 91 11 248 60 -180 -170 138 -13 123 -134 93 176 -64 179 -108 -55 157 -121 -143 -100 137 -213 79 -125 -34 -233 -60 -116 -182 -238 -42 -41 44 50 -197 239 103 165 20 -145 149 182 -52 -152 32 128 115 -65 -217 207 119 -194 -76 -245 181 52 5 236 94 129 233 80 -81 -20 202 141 -172 223 -129 -232 133 -199 -220 -85 -89 -204 83 -244 113 47 -211 38 205 -146 106 16 -165 -167 -33 210 -224 33 -126 156 170 -53 180 95 178 -51 -159 51 -242 -209 230 -247 188 -243 -26 -173 142 -192 26 4 218 6 -137 -97 191 238 -91 -155 184 -119 -63 197 58 97 -68 -78 -150 27 -49 -161 240 30 17 101 189 1 187 -207 -147 -82 -131 -231 -107 -98 -40 -15 23 -132 -158 -157 126 -130 171 -18 -176 132 -200 81 35 -50 45 90 124 211 -208 72 -14 -230 -61 24 8 10 -229 131 -71 34 -123 -166 175 3 135 -36 22 -94 13 186 -140 232 162 -24 -46 -69 39 76 226 168 199 -57 -205 55 -201 -164 -75 116 -72 99 -83 203 -250 -16 -38 155 120 -187 -179 183 143 -216 -95 -112 136 61 -189 -186 -74 121 -248 -149 -128 -237 -2 -103 -110 158 227 86 159 -210 -7 117 105 -141 229 -162 -117 -22 -219 -214 215 -118 -90 43 -84 206 -188 -184 -171 18 78 246 -226 -127 107 87 37 220 -31 174 -135 243 145 -249 48 222 -66 244 41 249 102 -79 -5 0 12 -198 -168 -113 144 -223 92 228 -56 204 -9 212 151 -88 160 -203 -215 -73 -156 14 73 161 -62 42 192 29 -3 -28 167 -227 208 235 -102 -212 -104 -190 -19 
TEST 43 ARG:-114 -53 119 35 -194 63 187 -76 -18 -150 29 167 -124 85 206 -90 -165 245 -157 222 189 184 68 -29 242 240 248 -41 -58 -204 -71 108 -89 207 -127 -49 22 -191 48 -130 224 102 -52 -51 -239 -196 -12 -26 -120 8 140 180 175 -15 182 27 70 61 -119 131 -17 -27 -4 -236 -16 -152 -148 -107 81 79 -70 -34 5 -171 101 -241 217 -188 -60 42 -48 36 100 185 92 154 168 -185 -155 -125 -153 57 -228 -213 -11 -144 -164 -123 -118 21 239 -187 73 132 -81 -232 -3 -229 -159 -31 -44 -38 -67 -40 150 229 221 -184 -246 -186 76 -216 201 -240 -113 72 113 208 -33 -244 -112 -95 -142 -178 115 -177 15 -13 209 105 110 -203 195 -79 -23 -126 -72 95 99 -136 50 9 -22 13 -50 32 219 -193 -249 -190 225 210 153 -247 126 96 -98 145 223 -223 -225 215 124 65 149 -30 188 -173 183 -75 7 122 178 -109 -158 -108 -57 -176 77 138 -87 82 6 49 152 -245 80 238 -6 -35 -230 107 109 3 -84 -65 233 127 -55 -183 -5 197 123 30 -104 -160 -61 17 128 -45 11 0 -217 -68 -237 -201 214 204 -198 44 -86 -133 190 -47 -192 -110 -99 230 87 94 -215 -202 -32 -226 -25 211 139 -56 19 31 -122 -2 -141 231 78 163 -163 194 23 236 226 227 118 2 52 136 199 133 -174 58 1 -9 -227 -209 75 -137 -175 244 -73 38 -250 130 -101 -210 121 -63 60 -132 144 -42 218 -111 -180 69 -28 88 10 -78 -82 -115 141 -149 51 -220 193 198 129 39 -219 -235 -182 -195 120 -170 -96 -140 -189 46 -106 114 -234 -221 62 146 -135 -54 -92 -179 -19 43 186 147 216 -199 90 25 74 -206 104 166 -69 -138 -212 125 243 -93 220 -146 -145 -147 232 -14 249 18 142 83 237 -224 4 -162 174 26 205 -154 97 -139 -88 91 -80 -151 -103 155 67 234 -233 246 151 84 164 213 -243 28 -39 -129 -222 33 -97 191 -36 169 40 158 170 -134 -143 -242 -100 -116 12 16 37 -156 173 -1 -117 -181 172 116 -91 71 -205 161 160 -21 181 -8 -200 66 -24 203 -20 -161 64 -105 -218 -94 -167 -172 45 14 156 59 137 192 -197 212 157 112 -7 -168 56 -102 -66 177 196 -121 -128 -211 202 55 143 241 34 98 228 200 -37 134 106 -208 159 117 -62 -231 -59 20 171 -166 47 176 -169 -77 -238 -74 162 103 179 41 53 148 89 -248 247 86 235 -43 -10 24 54 -214 135 165 111 -85 -207 -131 93 -83 -46 -64 
TEST 44 ARG:29 92 84 10 242 72 174 196 -34 139 -188 188 235 -219 -184 -113 -100 -110 -221 103 -137 204 -149 -38 62 143 89 155 133 -53 197 3 131 -193 65 -28 -155 111 -109 -81 -120 -144 -62 -49 -7 -55 136 -65 42 -145 178 132 -150 -121 -118 195 230 -232 73 -19 28 -43 -247 57 -225 244 -216 8 163 15 -115 -72 -130 -148 93 -96 -6 -175 27 50 5 -131 144 150 -228 -75 245 39 -22 -97 -117 -231 -14 71 97 -181 -133 85 24 -111 191 -164 -90 -91 31 -18 -95 -69 -59 107 159 -243 -41 94 189 99 -178 -203 129 224 219 -106 241 59 113 90 52 134 -171 -239 168 248 217 -32 115 38 -104 192 232 -229 -134 -89 41 106 -101 -169 -93 -44 2 206 -92 19 -217 173 -13 170 79 172 13 -58 246 223 63 182 108 -207 -20 82 51 -23 56 -201 -224 124 -124 -123 -29 -77 -26 -160 -248 53 128 -126 36 137 -102 116 -5 -186 184 81 -138 141 -132 -86 -168 -33 123 47 -70 218 -128 75 -71 -183 91 214 44 -66 243 227 -141 33 -190 110 -112 -205 32 -167 48 -209 -56 -234 -249 -215 181 26 167 210 -172 228 183 -213 149 -238 125 -40 -198 17 55 -12 -233 104 46 176 -4 9 11 -230 114 -42 -80 -9 157 225 -159 -241 -143 -204 -147 216 -158 76 140 20 120 119 61 78 118 101 -105 0 165 -156 69 95 6 198 87 7 -3 -195 80 -76 54 67 -223 -60 247 -165 220 -36 -182 66 187 -31 14 -140 100 -235 60 -179 25 -94 30 -192 18 -21 68 -84 147 236 201 194 238 -85 -116 202 -180 -211 237 161 166 179 21 -30 -152 -108 -35 234 -25 164 -16 64 226 222 -227 -79 -218 138 40 35 -50 -210 12 -11 -107 221 -47 16 207 -10 121 -173 154 -208 -162 -214 117 45 -68 -82 -74 -151 34 -226 -154 122 240 203 -220 -250 126 151 -48 -146 -153 152 185 -103 -161 -122 193 162 -2 -174 205 -114 180 -88 -78 98 233 -51 112 213 -87 88 -176 70 -170 -57 -212 -244 4 -191 135 -27 43 -8 -39 37 -73 -206 -52 -242 153 23 -135 102 177 -177 -187 -45 160 -46 -129 -83 209 86 -163 -139 74 -54 -237 -24 -200 -185 200 -240 231 -1 130 -119 -166 158 96 186 -246 175 -63 -125 211 -245 -199 105 229 -189 171 -98 -142 -15 1 83 -37 145 -236 169 77 212 -67 -202 199 -222 -17 -196 -197 109 -99 -127 -64 142 -136 -61 -194 146 22 49 249 239 -157 127 148 215 156 190 208 58 
TEST 45 ARG:47 48 -229 -61 -82 43 73 45 -108 -156 -111 -198 -209 -216 -20 -18 119 -191 -140 81 -241 -115 44 165 -211 67 0 -129 -17 -31 228 128 -200 -243 192 24 -204 158 231 12 76 201 133 -182 168 212 101 -217 91 199 129 -71 -37 154 196 132 178 135 98 59 -50 150 -132 -146 -94 -89 56 218 88 42 175 -153 -14 -51 198 -120 112 58 239 107 -21 2 140 -116 -32 -70 -90 207 -179 -195 -150 -5 149 -149 -175 -202 185 65 122 1 20 29 -19 -78 240 143 108 -92 74 -55 -2 188 245 161 111 55 -98 181 -197 142 41 -235 221 -43 -186 202 -163 18 139 71 -247 -44 -227 79 -10 186 -22 105 -79 -201 -188 244 -57 -3 -157 -158 -232 172 53 -187 164 214 75 -194 -138 96 -226 -81 39 -173 -66 -86 -220 -224 114 174 -123 -87 153 144 8 27 77 15 -237 34 -170 106 -88 -63 -119 109 -12 216 -59 -238 170 -234 -165 -185 171 -203 -114 57 -142 54 -172 -113 -49 176 -221 -208 93 209 103 7 -228 224 23 115 94 208 249 242 95 -25 9 -171 232 -213 225 120 -106 113 184 125 -225 195 204 -80 -215 14 187 190 217 148 -65 152 131 160 233 50 -152 -177 -189 -6 -126 -223 213 -130 234 -69 -84 -196 92 177 40 210 -42 37 -161 -109 5 223 32 -117 -45 64 -245 -35 183 155 89 203 145 121 49 -181 84 -13 116 -30 87 -27 -164 21 -248 -190 -23 31 69 -249 -236 -222 -93 182 -166 -118 -102 -174 51 -135 166 151 191 -40 16 -139 -167 35 26 99 -134 118 -233 169 237 -64 -131 146 82 -56 -212 -95 127 -36 -143 137 -176 -105 -168 167 226 180 -193 141 -7 38 -54 193 241 -76 -137 -206 60 -246 83 -169 11 -11 -103 104 243 130 -207 126 -110 28 -180 -147 206 162 147 179 25 156 117 163 66 -34 3 -136 -68 100 -231 -48 -128 4 -47 -91 222 -75 -145 -240 -52 -141 189 62 -160 63 -218 72 197 86 138 235 -219 -192 -29 -214 -58 -230 -15 -96 -73 -124 247 -101 -184 230 -151 97 -62 -210 -178 19 -125 -24 -60 6 10 -127 205 200 22 211 194 -104 -53 157 -8 102 134 -38 124 238 52 159 90 -133 -159 -199 17 -183 248 33 123 61 80 -121 110 -72 -26 -74 -85 -4 -155 -154 219 227 -46 -244 -67 215 -97 13 -33 -28 173 -100 -1 -162 -239 36 -205 220 229 -112 -9 -122 -107 68 -39 -41 -242 246 -83 46 136 78 -144 -99 85 -77 -250 30 236 -16 70 -148 
TEST 46 ARG:197 108 -125 52 -201 206 241 -14 -121 158 -2 -44 -5 212 103 -165 -147 -32 -130 -75 106 -126 219 222 -197 -51 111 122 91 -41 46 -35 -168 218 -34 -216 -109 156 237 -49 100 -23 184 80 -17 -194 -236 202 208 -86 34 -151 163 59 -53 -114 -170 165 -142 -37 54 -153 -244 -181 69 228 -120 -48 67 144 51 -123 -146 134 217 -100 58 141 148 109 203 -161 -141 -164 -189 70 128 14 233 -58 -56 -213 159 94 -33 132 -231 -92 -239 143 -190 20 168 93 154 -220 -144 125 102 -185 239 -87 193 5 105 -111 -8 -61 173 23 -163 -196 -113 247 -104 -183 135 -74 -212 8 12 -124 -210 221 -221 48 -218 10 236 -228 -19 16 -89 -24 -115 -83 120 45 -202 89 121 -96 182 -204 71 -233 -243 -225 -191 124 -55 -79 204 205 -167 232 99 -67 76 -26 -208 -84 -222 78 104 11 -177 3 198 7 15 195 -88 29 0 -247 -171 21 -136 -80 -21 214 -20 -28 -182 -235 169 -178 211 -127 172 116 -155 60 -13 -188 -12 -73 -29 -249 -11 157 -57 -39 170 -179 171 92 -232 166 -138 226 77 88 131 -60 -195 -223 -250 72 -85 174 74 -78 161 63 84 240 -240 183 113 -47 -211 35 -18 -90 119 210 -4 -63 160 -108 98 126 216 64 -198 -145 -10 -215 37 -229 -110 199 162 61 146 142 -205 73 -54 223 53 231 -93 185 47 179 -234 -227 187 -149 -1 -230 82 -154 97 -166 127 201 -206 66 209 136 33 -174 -66 43 151 -112 81 238 167 153 55 -42 -77 90 -139 178 188 -22 -173 181 32 224 50 -71 200 213 13 164 175 249 -187 75 -98 -76 -106 -101 40 96 -6 -97 -128 86 -117 31 -91 110 -169 17 176 -9 -64 25 87 117 -192 39 -119 -150 -193 207 6 42 -246 -140 -226 190 -162 244 155 -36 145 -217 -237 112 227 -248 245 -81 -95 -69 -135 -118 192 36 -52 139 234 -103 -30 -15 -31 -99 83 -152 -94 -199 196 -43 -137 56 -38 -107 30 -3 101 215 -132 26 189 118 -242 18 246 -70 225 -133 -172 -175 -207 22 -72 -224 235 -105 229 -159 2 180 130 -180 114 -203 -209 -143 -62 57 177 -148 -214 -68 107 -65 -16 79 242 -184 186 62 41 19 95 -102 -40 -238 -45 -134 220 85 27 194 -25 115 24 -50 -200 230 133 -27 243 49 248 9 -157 -82 -7 150 191 138 44 -160 -131 129 147 4 38 -158 -156 -129 -46 68 149 28 140 152 -241 -116 1 -219 65 -186 -176 -122 137 -245 -59 123 
TEST 47 ARG:-108 9 190 240 247 192 -200 101 150 -238 39 206 -190 -189 235 126 -165 -87 143 -43 77 -141 137 -187 -248 239 -156 -215 26 34 215 141 -173 49 -192 -89 -46 123 -157 -184 -64 -175 50 70 -126 -17 73 22 -130 -225 -158 84 -110 -166 199 -81 -105 112 249 177 5 -71 -172 -230 -171 19 187 -247 69 -240 -118 -131 -103 237 -243 -12 -22 -162 108 -177 -146 -239 220 96 -232 -222 209 174 229 201 27 -69 -185 -107 129 -111 -246 16 -86 188 107 116 120 -36 130 -129 -233 -55 63 233 194 -179 7 243 2 207 145 59 -82 105 176 161 114 -178 29 -169 52 -2 30 -95 231 186 -24 71 -4 159 91 204 122 -128 81 -116 -122 -62 157 -97 109 -135 -9 89 -44 -159 -217 -168 221 158 213 97 214 111 56 125 -237 -53 -18 -155 -60 -125 3 20 51 124 14 93 66 246 153 33 23 151 -73 225 -139 -142 149 -8 -206 -148 -33 210 -140 -204 -84 79 -147 57 178 -37 -214 -28 155 142 60 -88 -137 -196 -241 238 -40 -219 -149 219 -236 80 -221 74 -91 -228 117 -101 -20 -5 226 -223 154 241 -32 4 -120 -143 -106 -79 163 28 -210 11 208 102 12 43 -42 86 98 99 -10 -45 18 115 -26 -145 202 31 46 -245 244 -208 -174 -92 61 179 -198 -78 144 168 -182 195 -25 196 44 198 -11 -227 45 140 -117 -136 -66 193 -104 87 -249 -14 -134 171 118 -74 152 156 242 146 -191 -61 175 234 172 184 212 228 -164 170 -244 53 -58 211 -41 -226 232 -167 106 95 132 -138 -96 227 0 113 162 217 21 -197 -121 -57 32 236 -127 55 -68 -49 100 -21 -195 -1 47 42 205 -52 94 -59 -154 75 13 58 -183 -161 216 -29 -27 -7 134 -16 8 10 147 -153 -75 -19 230 85 -15 203 78 88 181 -3 -176 -205 -51 92 182 -216 148 165 40 -67 -99 35 -212 41 -132 -112 54 38 65 -194 67 110 -113 -65 -48 -202 -188 -54 -98 180 62 131 -209 173 -85 139 -70 136 -220 185 72 127 121 160 -203 -144 -6 -242 -151 -102 -30 -80 -34 169 -94 248 -180 24 48 166 -90 83 -150 82 138 -218 -35 -23 197 6 -39 -31 15 -119 -109 191 245 -76 -235 -63 -114 -93 -181 224 -163 -50 37 167 -201 64 103 222 119 104 1 -83 -72 -250 -213 -186 -152 164 -224 36 189 -38 -123 -231 -115 -77 -56 -100 -124 25 -211 128 -133 133 90 -170 -234 -13 223 -47 -193 135 -199 17 68 -160 -229 200 -207 183 76 218 
TEST 48 ARG:-75 -120 130 226 -66 -6 56 30 -220 235 -198 249 156 4 8 85 -51 164 -245 -5 160 9 67 -7 -149 108 117 133 173 27 118 -20 -73 189 92 -88 188 -30 -176 221 225 158 -249 22 -13 126 224 -207 21 106 82 -238 114 -181 194 169 19 -107 42 -196 -156 7 -14 239 -137 122 150 69 212 -89 6 49 -71 -93 -8 -40 195 -90 193 84 97 -22 208 -232 165 -157 -167 -27 112 196 238 25 -221 211 105 -222 155 -62 -136 76 -244 -3 86 -138 -173 16 57 -37 -65 74 104 66 227 -21 241 -63 18 -76 -229 -159 -192 -218 -38 -242 -140 192 -15 -142 171 -239 184 206 -195 146 157 -118 -185 -121 -150 129 242 -105 -1 -39 -158 60 -77 -165 -23 -12 -31 46 -231 -81 -4 -248 -10 134 198 128 145 2 -60 -190 103 93 68 -144 41 -226 95 210 218 -209 -214 -57 -211 236 162 -180 43 -56 -36 -228 -102 144 -97 187 180 229 142 116 5 -59 217 -225 121 111 248 51 131 94 -47 90 -201 -146 -111 247 -174 -103 20 -179 -67 -2 -127 40 161 -212 -42 140 0 -126 -163 -54 203 61 -210 -182 219 135 26 115 -237 230 53 54 -143 -184 -33 17 -55 -241 96 -152 234 -133 -240 152 81 119 -219 -119 87 -28 -25 213 231 176 183 83 35 -50 232 -161 72 -188 -153 65 33 172 -250 -79 243 204 127 148 -170 -64 88 -72 -223 -160 -175 -113 185 178 -74 245 80 63 -106 205 23 197 -171 -49 10 -235 44 -34 -134 -197 -247 -96 215 200 -112 107 141 149 -203 177 50 -132 -11 151 -147 -32 181 -101 -86 -68 102 -148 -17 -217 -46 174 -187 -16 -92 38 -193 47 -128 -41 -183 -114 244 71 -139 -58 -124 120 -26 -199 -29 139 -154 220 -70 -125 -177 -208 -99 12 -205 138 -91 -204 -155 -194 100 -243 75 170 -200 -108 -130 -53 214 34 37 -216 98 207 199 233 -52 216 -224 52 -109 125 240 -191 77 113 -87 73 166 209 -246 -24 -18 -116 228 109 -206 39 -95 -227 13 -82 -230 -45 31 123 91 159 -85 15 -19 167 175 59 79 -234 64 -35 -122 202 48 55 -213 3 -104 99 -141 -135 -202 36 -117 -162 -78 -94 222 110 -131 246 28 136 -186 163 58 -169 -189 -98 29 179 -83 -84 -129 190 191 124 201 24 -48 168 137 -115 11 -145 -215 -69 132 182 45 -168 -151 -178 -44 14 70 154 62 -43 -236 78 -61 -164 237 -166 -80 -233 -123 -110 101 147 -172 143 -100 186 32 -9 1 153 223 89 
TEST 49 ARG:-185 -231 -168 -131 150 63 170 -98 101 39 41 -120 211 -18 -88 110 153 -176 -34 -116 -3 -67 -79 -170 207 -200 67 29 -240 86 -2 184 -178 -15 133 -118 -230 -65 113 198 -39 -1 81 -72 -114 225 69 -152 -12 -55 -143 -166 217 -181 48 199 135 151 -242 62 171 79 -227 59 32 -27 -11 68 -121 109 20 -149 58 -153 131 175 23 98 128 -193 245 9 -186 1 214 -201 -92 -93 55 161 -4 5 -189 -100 -225 36 218 -44 -42 33 89 -22 -78 -45 -75 -68 66 -53 196 -182 7 219 -141 -117 226 -164 111 90 146 -196 -102 -184 -238 -23 -43 50 -32 228 107 -90 73 220 229 49 185 139 -125 -97 116 203 -6 30 -76 -249 -128 40 -233 -46 183 140 234 -214 105 -115 -19 -135 177 -51 -208 106 -21 -113 138 157 145 -199 195 -234 -159 -235 -70 -222 164 201 -194 99 181 -187 -130 -96 -104 188 -49 -212 53 -175 -195 -124 27 118 190 92 142 -133 -245 -82 -8 213 -95 34 -156 54 216 22 102 126 149 -202 237 74 209 60 -107 -226 -190 143 13 -60 82 -126 193 -20 -74 197 -10 227 194 -209 -57 -108 -139 247 -83 -232 -171 -94 -140 159 -59 -148 -173 206 42 -144 -136 15 51 -80 -29 -160 56 18 -129 11 115 21 166 93 -157 100 95 -158 12 -147 -203 238 -101 192 -174 -111 6 -35 114 -237 241 173 57 61 -26 117 -56 147 72 -103 45 -13 104 -151 71 155 -167 -5 28 -110 -236 160 -183 -24 77 -41 -62 -81 94 -197 103 80 -239 163 215 14 148 156 -169 -250 -215 -216 -127 136 239 -219 96 -64 26 -91 154 186 122 38 -30 224 -73 -99 174 182 -105 -192 -16 232 35 97 -47 167 -86 244 212 158 210 123 -228 -132 121 -205 -123 52 -198 31 -69 -48 -179 204 240 46 -106 191 119 8 -71 -119 -89 17 152 -243 -84 64 91 -223 -134 -204 202 -138 189 248 44 221 -177 -7 178 -31 2 134 -54 3 -112 -40 -66 -229 65 75 124 -248 -155 -63 -142 -220 -17 -163 169 -247 -146 47 132 249 242 -246 -28 84 70 24 -85 -191 -211 88 223 85 43 -224 -14 168 -122 19 120 25 -218 -58 233 -165 222 -217 -150 108 -244 208 -206 87 -109 -188 125 230 162 180 231 -52 -33 236 -180 -9 -50 127 -77 37 112 -25 165 176 -241 172 205 4 -161 -154 10 -207 -162 -36 187 235 -210 -61 137 76 16 -221 78 179 0 -87 -213 141 200 -137 -38 -37 144 129 83 -172 246 130 -145 243 
TEST 50 ARG:-150 -75 -171 -36 -172 -28 187 144 69 -8 -16 83 -66 -94 79 -224 -140 -95 -175 -107 163 126 218 -25 -119 146 -183 170 165 208 33 -144 112 124 22 37 -167 61 -157 129 -229 -153 175 -186 -71 -141 136 186 -9 40 -102 85 231 59 -63 100 28 119 -49 101 -193 -58 -160 243 -219 226 -152 -89 45 -96 19 111 -18 -110 -79 133 237 62 -67 193 72 -250 164 -218 -143 57 241 -10 92 -161 -22 182 -148 -12 53 -149 222 -184 54 -177 -109 82 -52 153 167 94 -233 91 178 55 -164 142 137 44 80 -223 201 105 -105 65 212 -68 -43 7 -131 66 -57 87 -48 -45 236 211 217 196 -50 191 223 -104 12 -162 154 -225 -176 60 -17 -118 46 -60 25 199 -185 173 246 -114 184 -137 -73 -241 -97 -128 -169 151 -168 -121 -194 -14 -130 14 239 -198 67 -53 -7 -217 64 -231 9 -37 232 207 143 -195 156 -56 -108 26 98 -227 -82 233 123 81 176 155 -98 203 97 209 -69 -146 183 -237 -242 3 -3 -156 -38 159 160 31 -202 48 29 -129 169 2 -228 -220 -116 114 -27 216 -213 -30 -178 -5 -204 128 -113 84 -173 -222 -85 -147 -47 102 -77 -189 -19 104 96 -115 86 -203 88 -187 118 -192 -23 -4 -170 244 -240 -101 23 -20 -51 -232 -46 -165 75 161 -112 5 221 -207 248 -103 -40 -33 -126 185 68 76 -106 -41 71 172 -132 11 13 56 227 131 108 189 -42 20 -206 78 36 -72 139 -111 -35 6 -120 130 230 70 42 -90 -163 -154 -2 135 -13 -182 117 -64 150 -83 -221 17 205 -134 -34 162 213 240 -26 -1 171 206 181 190 -174 -181 -211 -230 -215 -124 -65 138 -127 249 -191 -234 -59 89 120 -87 224 168 174 -151 121 235 -80 -238 -201 -61 228 141 39 179 -158 10 -166 -159 152 158 34 188 -11 -180 -100 -239 -76 180 43 -243 -248 225 200 -135 -244 51 -245 140 122 109 247 -216 149 -74 -226 -122 -247 32 -70 95 41 -209 127 234 107 -212 -88 -190 -93 229 4 49 -117 192 -92 -133 -55 115 103 47 157 -99 -29 -125 -145 -32 73 113 -84 242 99 27 63 -208 148 -197 -200 145 220 93 194 18 -196 -78 21 -39 -179 -249 132 125 -188 52 -142 -236 214 147 24 35 -24 197 -136 245 -54 -44 15 16 204 -31 166 -210 -91 202 -205 134 177 106 195 -6 77 -235 58 -139 30 -155 -15 -214 219 116 -62 74 -21 238 210 50 -138 -199 110 198 -123 0 90 215 -86 -246 -81 38 8 1 
TEST 51 ARG:-250 -2 173 103 -224 55 -59 -223 -201 -170 -103 -233 216 185 -106 19 -40 -72 -220 0 -5 100 91 209 188 -166 -11 29 59 -77 -38 -51 53 -26 191 115 -154 79 203 148 -202 125 64 123 126 124 155 -122 72 -231 208 -31 -244 107 -125 240 -169 204 130 22 137 82 179 205 132 46 -247 -76 221 -240 -21 92 60 161 117 -241 -180 -217 -85 54 -130 -44 57 -150 102 -129 -23 -162 48 -70 -112 -84 -190 -82 113 -4 190 11 138 106 -177 -35 -86 -214 21 -39 62 -116 226 4 -101 99 -183 20 139 230 136 231 -78 248 -145 43 -227 7 202 -47 44 31 222 58 9 127 76 149 -238 90 184 -37 -148 200 34 -33 -20 63 -204 -61 -115 -195 -81 -120 183 -100 -172 131 -142 245 -200 23 77 -93 -168 -185 228 142 -159 26 -179 122 218 -236 110 -213 -165 -194 -1 95 -225 -71 -7 6 -186 25 234 -211 -135 -222 -210 -92 -146 -193 169 56 -151 157 -29 86 -188 177 -63 -181 -114 -25 40 -32 -196 225 15 -109 112 -64 -182 -50 104 -123 -56 116 -97 237 108 -215 -99 68 -164 165 198 -89 -17 -96 -126 220 -242 49 197 -36 229 -167 -155 162 -16 178 -173 -12 74 -68 -157 156 -10 171 -87 144 -139 174 109 -43 28 94 151 -192 -58 36 158 193 93 -57 -113 84 -147 -205 67 -102 -88 88 -221 145 -54 196 247 186 150 -229 24 -53 244 51 -191 5 -158 241 119 -110 -118 80 -18 -199 -52 -49 -175 147 166 133 -131 75 -228 215 50 213 101 -13 -203 -24 195 -95 -232 -3 154 -140 83 -65 -143 -128 246 47 39 18 167 98 35 1 -197 78 201 -237 238 -246 -6 -41 -249 -152 -117 233 -174 -22 160 97 -209 153 140 16 181 121 236 232 13 219 -212 -234 239 -136 242 182 -141 105 -14 -132 52 -161 -28 152 217 -69 -67 -45 159 -105 81 -30 -121 42 175 114 65 224 -119 -138 -8 194 -91 -42 -207 210 227 -156 -9 -94 -48 164 168 214 17 -198 -133 176 146 -235 -19 45 -15 135 134 -216 -245 12 -248 187 27 30 85 -46 199 118 141 -73 212 87 33 223 129 -171 -243 235 172 -149 -176 -124 -55 70 -219 120 -134 -239 -187 170 61 249 71 -184 -226 207 -230 -208 89 8 -62 -75 192 -79 163 -189 -111 66 -60 211 -163 -98 -27 206 14 -34 -107 243 128 -206 -160 143 -80 -90 69 37 -66 -153 -127 -178 10 189 111 -108 32 38 -83 73 3 -218 -104 2 -137 -74 180 41 96 -144 
TEST 52 ARG:26 153 -28 187 25 231 133 -240 -186 -51 37 -58 40 -197 -59 17 35 -42 -144 119 7 -61 -142 181 -155 196 -130 175 101 75 36 -74 -181 -68 107 -63 -205 -12 -84 167 109 156 114 150 -19 -219 -49 203 166 -179 -107 -134 213 108 -189 -44 -1 93 -164 162 -210 -231 136 -47 39 -8 -106 -169 179 110 -245 -119 158 120 23 -185 209 -178 -171 230 56 -117 84 -90 53 -132 241 242 -235 227 236 121 58 82 185 -187 -99 18 -192 -7 147 -4 -82 -25 -212 -202 73 -156 65 62 9 198 205 -36 5 -46 31 -143 115 87 0 223 -39 -247 -163 -89 -76 -112 146 24 220 -128 -149 -136 -83 151 -55 -79 238 -43 224 221 -70 -239 245 -208 47 -158 -2 63 -150 74 -30 239 -201 19 85 -237 168 248 60 38 2 -102 138 -97 -75 22 165 195 71 67 129 144 52 -32 249 96 14 -203 48 -126 -167 112 200 -175 77 -176 -96 -238 -40 178 169 -183 21 -191 -14 190 86 -65 32 -71 -209 122 -146 3 -177 49 -35 -127 -180 81 130 90 -157 226 68 -86 106 61 -100 -218 206 4 -204 -173 -56 -110 -118 -139 -18 123 -41 -225 -228 89 -15 225 246 127 216 143 92 -211 -236 -92 113 -9 98 -248 57 140 102 -222 78 -199 -182 -207 64 215 -250 -159 6 69 103 -152 -98 51 160 -184 -22 -224 -31 -20 -121 -165 142 186 218 88 126 -87 -234 -37 -233 194 -190 -249 29 199 202 149 -77 34 208 33 -111 -108 -69 -206 -95 66 -193 -137 -166 13 182 -162 135 -135 104 -103 -161 41 54 10 -64 233 -67 -244 -33 15 155 -53 -80 -120 192 -101 79 -174 -168 1 176 99 240 148 -60 -188 8 -114 201 -215 -194 189 193 128 -23 -226 -38 -198 -230 124 222 214 164 -141 -221 145 188 244 83 -115 -200 12 197 -66 180 11 118 -124 -21 59 -195 -81 -122 157 131 163 -216 184 -29 -93 95 -140 191 -13 -78 -232 -243 -109 -54 247 177 -229 -94 232 -5 -147 217 50 55 -88 -223 -45 30 -26 105 -113 100 -62 111 16 210 -151 212 152 91 -91 228 159 243 -24 -241 94 -242 173 154 -104 -3 -6 -133 -125 -227 235 -246 -160 -153 141 80 116 -131 72 -220 -27 -48 -57 76 -34 237 27 44 -16 117 183 -11 207 174 137 171 -196 42 70 20 43 -214 219 28 45 -85 161 -50 -217 -10 204 132 125 -172 170 97 -213 234 229 172 -129 -52 139 211 46 -17 -154 -145 134 -73 -72 -138 -170 -105 -148 -123 -116 
TEST 53 ARG:145 -134 -238 -218 -183 161 213 201 -244 44 -137 -87 97 151 -57 -39 115 18 -136 -5 182 -130 -86 150 102 247 207 -72 152 -52 224 -95 59 -131 177 160 131 -58 113 243 -212 -147 -210 223 -138 245 -88 124 220 -111 179 -81 6 -62 -14 100 -9 -155 83 90 -96 -211 42 -243 26 35 -108 112 107 174 -32 -64 47 -141 99 109 -175 30 41 -105 -42 -173 73 194 57 -171 -122 22 -94 2 4 -30 -152 80 28 181 -41 185 -116 -245 -110 215 135 193 -36 -229 -178 -102 -199 -160 232 -20 94 212 -223 -144 -4 -126 -206 -82 10 72 64 89 119 0 -190 -33 -169 188 -49 -217 197 -68 -228 52 126 192 -182 -16 -50 29 93 -180 -205 240 168 -25 -135 -8 32 19 -90 14 -198 -247 70 -227 -216 167 -133 -186 123 136 157 -78 -132 -48 162 -179 199 -222 -73 68 -185 203 76 225 -148 144 156 -207 -6 81 153 -214 9 226 -109 -98 65 -188 -249 -176 -194 -56 98 -117 -149 209 146 178 3 210 139 84 -233 122 7 106 58 198 36 -220 -77 -240 78 218 110 -35 190 187 117 95 -74 154 -139 147 -224 -75 -54 87 169 132 -12 -225 242 -231 -24 -192 -181 -38 -196 -209 21 39 69 -3 -37 27 140 -219 -123 128 13 -70 -112 -65 249 -164 -242 38 116 46 -165 175 -204 71 -234 49 61 -236 -235 133 -80 -83 88 33 66 -97 -66 -13 51 54 11 60 62 235 -21 241 85 191 -193 67 158 79 172 -241 92 104 -115 -45 -1 -18 -140 -163 -150 31 -195 -125 228 -118 173 -2 -143 155 -84 -7 227 -226 189 163 25 202 -187 183 -154 -40 176 -120 82 17 50 -167 180 114 -60 -119 -85 -121 141 233 74 -127 -28 246 230 -104 -100 -202 -92 34 170 -215 196 8 -61 118 222 -128 137 -51 -170 -145 -59 -101 -200 56 75 -184 -201 55 142 20 -248 143 12 -153 -15 164 -99 -151 -172 244 24 45 138 -22 -161 134 -103 120 186 -46 -17 216 -124 111 -168 16 -106 -23 125 -230 37 -177 -63 238 205 -43 -11 -158 1 130 -246 43 -174 103 -197 -129 -69 206 -93 229 195 -189 208 -29 -89 -157 -31 15 234 -203 166 -44 -26 77 -146 -71 -107 236 -27 -166 184 -76 200 171 204 121 -162 -237 127 214 129 149 -19 -159 -250 -232 91 -79 -113 63 239 217 101 248 -91 219 165 211 5 -114 159 -34 -55 -213 -221 -208 -156 -239 148 -67 105 -142 86 237 48 231 96 -191 53 23 -10 108 40 221 -47 -53 
TEST 54 ARG:-229 198 -65 -132 -1 -220 -161 -25 -37 -237 1 91 -79 -201 242 -56 126 232 49 180 -199 88 80 -188 160 -182 -143 -183 -169 -224 -156 219 4 -145 -41 97 -78 -213 0 -235 131 55 -59 -177 -167 23 -98 116 244 -159 54 5 -239 90 171 -136 -153 -67 -174 38 -99 -242 95 63 148 -116 -15 216 199 -27 128 118 -77 68 -9 -217 231 -130 -192 165 249 -74 143 93 -212 28 19 -36 72 -210 206 122 207 138 142 245 -231 -170 -144 -113 140 -190 159 115 -97 -215 -94 -82 158 124 197 173 -115 -246 9 189 134 -114 172 -249 -84 -35 73 123 -158 184 -26 -129 -5 -117 43 -90 127 147 223 44 -60 185 -64 129 194 149 39 37 -100 -30 224 166 190 195 11 248 -19 -218 32 168 64 -4 58 -89 -118 -179 -221 -180 -133 56 52 -121 -178 102 -32 22 -141 -108 70 -120 -225 -53 61 51 107 18 -232 -186 -50 -17 -216 132 -72 -124 106 -58 133 -102 92 187 -165 -189 41 -228 20 42 -106 177 -146 60 76 -109 -154 86 -150 164 10 238 -244 -122 -157 -149 -236 246 145 -18 236 151 53 -110 230 -148 -140 78 -196 -16 74 12 -172 -111 -162 226 8 -92 67 27 -48 25 -193 -103 215 -38 15 111 -52 34 225 47 222 -187 220 -127 45 26 14 -107 -203 50 -125 200 163 -62 103 30 -207 239 -245 141 -13 85 196 109 -21 75 -166 -68 96 -55 -205 204 113 -73 208 201 112 193 48 227 89 -70 241 36 150 156 -6 247 -238 -22 -234 -248 161 -104 -95 237 202 136 -80 -86 77 -163 186 -71 -81 -45 -142 -105 179 84 217 -123 -10 -222 175 -3 -184 155 -44 -33 -230 -175 211 137 101 59 -34 -134 -151 -160 -181 35 -204 210 174 -8 -39 114 -31 -247 110 240 153 157 -57 -69 205 -47 -209 -43 21 152 -83 -173 -61 -223 -112 181 -164 170 99 -176 -211 -12 -226 -137 -185 -66 -240 -14 13 -119 176 -197 -241 144 -128 130 105 178 6 -194 -87 -11 66 -29 -23 -101 233 -208 229 100 234 82 135 212 209 214 7 -227 -54 57 -191 31 235 -7 191 120 -91 213 125 3 -152 -20 -131 -200 -88 69 -93 -24 -42 -168 -46 94 -214 79 108 -202 -51 -233 162 -76 154 83 2 -126 46 17 87 -135 16 24 -96 -198 -75 62 40 218 -155 203 117 -85 -49 228 -171 121 -195 29 81 221 -28 -219 188 183 167 -40 98 139 -243 169 -147 -206 119 -2 243 71 146 65 -63 -138 -250 182 33 -139 104 192 
TEST 55 ARG:-31 -231 247 -53 188 149 106 50 -41 -191 168 -115 -129 249 -11 -76 -55 -3 31 -40 198 41 -100 33 -239 -48 -147 -219 -190 -57 -45 34 -139 190 -59 24 -205 -86 -32 165 68 59 196 -118 -164 197 -233 129 237 83 0 -69 88 66 222 -195 84 -119 -66 -198 30 -172 -106 208 112 -72 -33 -197 -81 -211 -216 195 -18 -130 -50 9 -168 67 133 119 16 205 -210 45 -98 124 -113 -145 8 180 -79 11 77 217 -29 -95 55 60 220 183 232 -140 -171 -17 -7 132 -67 146 160 -174 239 105 -244 -176 -111 -94 -229 -133 242 -224 108 240 -246 -46 201 -127 -22 -112 148 92 -102 51 -220 182 -243 89 -149 138 -21 150 206 159 170 -183 -194 19 -221 52 -249 109 -96 -120 -203 166 -121 -47 -44 243 7 221 -153 -242 -63 -110 38 223 -241 12 116 2 203 62 248 81 -82 139 -43 61 -107 -62 -27 -123 -189 164 -61 122 -99 -26 -208 -152 177 76 178 58 28 145 -13 171 37 -125 -20 -142 101 -178 64 -165 -104 -227 -200 -170 185 -75 142 -188 -34 241 69 87 131 73 231 246 -5 -173 -93 141 -218 153 -154 -36 227 -51 181 189 -199 72 235 -181 -128 210 117 18 56 144 213 79 -237 6 -83 199 169 -64 154 4 -101 -193 48 163 216 44 236 -4 -73 53 207 -124 85 35 -236 -16 209 -131 -186 -25 102 -223 -1 91 193 -226 233 74 -28 10 -159 -30 -65 -228 -10 136 111 123 -12 -54 202 90 -206 218 226 -92 194 26 -138 -157 65 -88 135 179 -150 121 -8 127 46 234 93 -177 215 14 57 -117 -204 99 -122 162 95 -156 5 -146 25 -161 103 -155 -135 -182 -212 120 -89 -196 -35 -238 78 143 3 -2 21 -222 192 -87 1 161 -132 -42 -49 80 -201 40 137 173 -19 -185 -144 -167 -162 54 86 39 -85 -230 211 -15 128 36 -71 -126 97 -187 94 -78 167 -136 -179 140 -163 23 20 42 -70 -52 -84 -68 -77 -143 -247 158 17 174 -151 29 113 -234 -56 191 175 130 -214 187 156 244 -97 100 107 200 212 -37 13 125 -207 115 -180 22 -217 238 -137 49 204 114 -24 147 -225 -250 82 172 186 -166 152 -235 -90 -213 -9 -39 -169 -248 -103 -60 15 134 176 245 -134 157 -192 -80 70 110 -23 -14 -158 219 -202 184 71 155 47 63 -58 229 -245 -74 98 -232 -91 -105 118 151 -160 75 104 228 -215 225 27 43 -148 -114 214 -38 -116 224 -6 -141 -108 -109 -175 -209 96 230 -184 32 -240 126 
TEST 56 ARG:-248 105 42 -132 -56 222 132 191 -125 -200 -209 -107 -24 135 233 195 113 247 207 208 -106 -111 -58 186 -137 -13 13 144 -147 -30 -189 134 95 -32 -73 34 225 117 -75 165 -233 -150 -36 -98 183 -119 216 -31 -77 73 -116 -2 -104 -33 143 -208 -190 -71 -196 -232 -22 -78 149 20 -19 -235 133 -202 128 176 7 121 66 -69 16 -61 -70 224 -212 65 153 137 -8 115 -167 -159 -211 -163 -126 -246 -95 248 120 -38 -97 91 4 86 -12 190 94 157 -60 -45 71 193 -88 -217 148 -23 19 -27 -102 -20 97 -152 76 -145 88 84 -80 146 -249 -220 -179 68 106 -51 -239 179 -105 197 -214 212 -41 -122 -178 36 90 12 -26 -169 100 181 -99 -15 103 58 46 3 231 -142 -206 229 78 61 126 -199 89 53 -229 -74 -157 172 185 -245 -216 -139 -149 -54 -86 30 -215 -76 45 11 -43 -131 74 -40 -11 -242 -188 29 -16 -42 127 -213 214 -14 -25 -57 81 -89 152 171 -100 200 -93 10 221 118 -66 -90 145 124 -237 -172 -195 138 166 67 227 -153 96 23 -101 2 -225 -181 -236 17 108 158 -84 178 -17 -62 -133 210 21 -138 182 -134 -63 77 -230 -112 232 -155 226 -184 -91 131 209 147 163 54 -166 241 -140 5 -135 56 -160 -201 122 173 -67 -227 -228 63 27 151 161 -108 159 177 -180 -250 140 -37 104 -44 192 155 50 8 136 112 -85 -21 -117 -83 47 -110 -124 -68 -226 25 92 164 9 -170 98 31 -158 -183 160 -4 211 174 48 85 162 -34 93 -121 -118 -1 -129 -175 240 -224 -148 -204 -210 220 228 -59 -120 -154 -198 -194 70 -247 -161 101 69 -9 235 -174 -231 -162 -177 -176 180 -65 123 -29 59 -7 107 -82 238 -241 18 -187 -47 -103 215 -81 -207 -113 -151 203 24 219 43 -87 167 189 -128 -130 -197 75 52 -238 -186 57 -191 205 204 -72 44 184 111 -234 -55 -49 -240 -182 125 223 15 -39 201 28 60 -173 14 213 35 6 -96 -35 237 -127 156 -203 175 142 41 -144 206 -3 196 62 -164 83 32 -156 -10 150 -79 -53 130 -243 244 -168 -18 217 -193 218 -136 -109 64 239 87 80 -115 -48 199 129 198 236 99 -50 -46 242 82 102 110 -94 230 243 168 -185 -52 79 170 -205 -5 -6 26 -222 49 -221 1 139 -28 38 116 141 33 -141 55 -146 -218 234 154 119 245 22 -92 -192 202 40 -143 114 194 169 -244 -223 -123 188 37 -171 249 39 109 -219 -114 246 51 187 72 0 -64 -165 
TEST 57 ARG:100 10 81 51 -141 -15 106 -32 136 -158 144 -247 -220 208 32 188 38 112 132 11 110 8 -118 -65 172 5 -47 -119 -64 83 -185 -39 240 218 -223 -189 -194 -250 21 -105 -143 75 146 62 -191 12 -38 -124 103 231 40 78 -180 17 -70 123 -114 -209 125 34 -79 -14 219 -169 -55 -211 198 60 128 52 6 -140 -204 59 -181 118 -46 72 -238 -45 -235 -206 79 -54 170 27 -63 9 -226 67 -200 202 -48 56 -190 166 124 -71 169 -76 95 214 39 184 -18 157 42 149 114 204 -197 186 222 -112 129 65 163 4 1 -103 179 216 199 248 229 116 -210 -93 -217 -83 -59 24 -207 -29 36 -153 230 -77 -201 -28 -146 -110 -232 -192 143 69 -231 -249 -228 187 -187 115 182 -78 -108 -87 -216 -208 -50 -12 58 185 -195 -212 96 167 -159 -199 -100 -196 -188 -127 127 181 61 -168 235 31 64 108 20 -84 -58 14 180 159 225 -173 -139 197 -130 23 86 -236 73 -52 201 175 -213 158 102 -35 145 -121 28 121 -80 -101 -136 105 -239 -4 -137 35 45 -20 236 77 138 70 53 85 -95 -138 228 131 111 244 -68 -49 148 210 -91 -218 -81 94 -186 -72 160 -23 -102 -147 237 97 -170 217 -53 -242 -176 213 -243 -86 -205 126 84 142 -21 176 -157 150 87 164 46 195 241 -115 -152 -75 -151 -41 -193 -156 -22 -11 -42 -225 -1 19 -177 -97 -109 -165 -148 -31 249 -126 -111 -167 -163 233 16 91 153 -69 80 49 0 -125 -43 242 -229 120 74 57 101 215 -120 209 -56 173 -178 -67 82 -234 -16 107 -26 37 207 -149 26 205 -107 161 -34 -8 -90 140 -30 29 165 93 -57 -88 22 178 -202 -144 43 168 -246 134 155 99 -161 98 247 -164 -171 89 -60 -233 -172 -98 192 68 66 245 47 -155 -129 234 -183 -214 171 -25 104 71 -89 239 -248 -13 238 -6 -131 13 -104 41 -122 147 90 -51 -62 -40 117 25 2 220 193 -240 -230 -134 -154 -9 -133 -135 -160 -123 232 -106 -85 -37 -113 7 -174 18 -17 -10 -241 162 174 194 30 119 -92 -73 3 122 109 -237 76 -74 54 48 224 223 196 -24 -150 113 88 139 -94 -2 206 -145 -33 -222 33 221 92 -66 -132 -184 246 55 -128 -116 152 135 141 151 -182 -179 -166 -224 227 -19 -215 -203 -245 -82 203 -96 -227 191 -44 156 63 -3 -162 154 50 137 -219 211 15 226 -99 183 -142 -117 130 200 177 189 -244 -7 -175 -61 -221 -5 44 -198 133 -27 190 -36 212 243 
TEST 58 ARG:206 -36 127 172 -210 37 -87 114 227 105 -187 -235 -96 -138 156 7 -66 2 84 -176 17 -238 -72 155 151 -51 179 -168 -124 145 -223 160 -25 147 213 83 123 -163 -136 229 -229 -161 122 -165 87 91 -140 21 -130 177 39 3 -70 141 -19 221 48 -193 61 246 36 107 104 -214 35 72 88 101 -239 -222 29 11 -167 -159 240 -85 209 -218 -231 -234 -33 -115 -26 -143 249 -207 164 -147 -148 -174 228 183 152 -133 200 -171 63 165 -15 -121 185 86 168 46 -84 -220 30 -197 204 -118 -237 19 208 196 -190 -90 -55 178 -11 -221 -49 -82 50 71 -86 74 212 -58 -141 73 -30 -142 -92 -195 118 136 175 193 -60 -108 -98 -106 -38 -113 10 -103 -178 211 -227 26 58 195 -242 -77 218 57 -73 -43 -88 -150 -232 236 49 -18 233 -42 -160 182 153 -170 -189 128 53 0 138 132 -46 134 43 225 -182 -245 176 -7 -100 -181 -17 9 167 60 -224 -243 96 51 -5 -94 -74 8 203 224 -164 5 -78 -9 82 -137 -228 -14 24 210 31 -101 92 -172 -219 -79 232 -34 -132 -184 64 -128 222 -196 -179 -97 -198 186 148 -62 161 76 95 -241 -2 180 198 -129 -6 242 28 -65 237 -37 106 -64 201 -44 166 197 -155 69 220 190 103 -80 -40 191 -236 133 -120 -215 -12 215 139 -123 -91 -112 27 188 216 140 15 -21 22 -47 150 184 -247 16 47 -158 -104 -93 244 116 -41 79 -95 234 -244 -177 112 144 173 -76 -27 226 -183 157 -28 -233 -35 13 -202 -89 142 -153 108 44 -186 124 -209 -188 -250 -175 -13 -22 -8 189 59 159 42 -122 -99 12 -201 38 126 -114 33 -152 129 56 113 149 -105 214 -39 6 -149 -24 170 -206 -67 89 207 -48 -69 217 98 -213 -45 55 -119 -53 199 -240 -191 -102 102 -126 109 -180 231 20 243 -230 -57 -151 -205 41 -157 40 -173 -225 -111 -29 -31 205 -185 239 52 -248 163 130 230 -125 -81 119 245 -63 187 -199 -59 125 -1 62 247 66 -194 -56 -169 -139 -107 32 65 -20 94 158 -116 -246 68 111 238 181 45 -217 194 -212 90 -134 -216 97 -208 -83 115 131 54 202 110 -154 162 4 146 -52 18 -211 -203 -166 -4 34 78 223 -50 1 -156 -16 -3 -71 -23 -61 -146 77 -135 25 120 100 154 -10 137 75 241 219 -75 85 -54 -162 -144 -249 -117 -109 -204 171 -226 93 -110 70 -32 248 169 -131 117 -127 99 67 121 -192 135 -68 14 -200 235 23 174 143 -145 192 81 80 
TEST 59 ARG:-54 228 76 156 90 144 50 203 -167 70 -12 -125 0 181 -227 84 167 -206 -5 -17 83 161 92 -25 -140 51 32 -230 126 143 149 -188 -37 -205 54 246 185 -22 -180 -56 -46 47 234 -159 -202 -24 -211 -174 -45 -27 -218 -155 -28 -64 -33 -1 179 -247 -81 -115 -237 69 -177 -103 154 -49 -249 223 169 11 230 189 182 117 -88 -158 53 -55 -42 -114 -133 -149 247 -59 -39 58 104 40 9 -166 -23 -74 -236 159 -77 -229 -151 121 -190 -189 -34 -58 -96 63 86 -62 -195 45 -10 14 -117 24 -144 1 184 242 -191 82 -4 -102 20 -197 -75 68 38 135 207 -63 34 129 -38 -224 241 -35 -233 -179 139 88 134 59 44 -182 98 -126 13 171 100 42 65 -111 -16 93 -108 67 -163 -223 110 57 123 -225 -148 -183 187 137 -201 30 -192 211 107 -122 -121 -91 -66 -156 -245 249 -194 235 -18 -173 239 33 96 72 196 -94 -50 -86 128 -248 -124 -154 116 43 -235 109 -131 142 -26 25 150 131 153 91 173 64 -135 191 -137 194 16 52 220 -146 108 -162 -128 28 -110 -95 -82 -240 62 -208 -213 193 -220 -101 124 -116 -8 224 -207 18 -184 -118 60 -6 -216 -161 61 133 6 115 147 213 81 -186 125 232 172 2 85 -90 -168 160 -73 -152 79 197 120 164 186 -93 -98 -69 -228 103 74 78 225 163 168 -239 21 -79 3 -109 -209 -231 148 146 -83 8 -242 -68 248 -107 -60 170 -157 23 119 -65 190 243 -165 -143 -105 165 -41 -100 -200 208 71 -15 -13 214 -196 -129 202 -14 -132 210 -113 -204 -142 166 217 -52 -215 37 -171 -70 -11 237 231 -29 145 35 102 -199 -234 80 -130 -84 216 140 66 -150 22 49 199 -170 99 -238 226 -19 -99 195 -153 -71 245 101 -40 218 236 -241 -44 -78 155 -80 -106 -31 209 -169 152 -145 -187 177 176 -210 36 77 31 238 215 206 -53 4 -198 204 -87 -104 -2 -147 -119 -120 192 95 -48 -61 17 157 -176 180 75 113 -243 244 -232 -136 -203 55 240 97 -246 -67 15 162 118 183 198 -244 175 -47 178 200 219 48 229 -214 136 106 -89 56 174 188 -97 27 138 127 -20 -164 -185 -139 -193 12 19 26 -7 205 -21 -72 73 -212 201 132 105 89 -112 122 227 46 -141 212 -123 -160 -36 221 41 -127 114 -219 -92 158 -30 -172 111 -221 -85 112 87 -217 -57 39 -138 -178 -181 -32 151 -51 94 233 -9 7 -3 -250 141 -226 5 222 -76 -43 -175 29 10 -222 -134 130 
TEST 60 ARG:-80 158 59 70 -48 173 178 112 -240 -105 52 94 138 -249 104 48 196 125 -63 19 -95 187 202 -247 -198 132 -131 102 61 1 53 -237 170 -191 25 -4 -6 -59 174 17 232 -68 226 188 -219 -197 246 168 -109 152 -154 207 -54 -177 22 -225 212 -46 159 40 54 192 -207 -7 46 -143 88 -117 -176 58 116 191 2 -192 216 -242 -168 128 -173 249 -214 -128 15 183 -146 -50 -165 -150 -19 29 106 7 -161 -130 -66 -221 -60 -136 -113 177 23 126 -125 -18 -49 68 -142 -159 -145 -233 -134 27 -166 113 11 -190 137 160 205 161 203 -188 -87 66 -238 -196 122 -180 -99 139 228 230 -135 155 -182 -170 248 157 -111 208 -167 218 -17 -106 -199 -246 169 -210 -248 -15 -220 4 -1 -118 204 -153 55 185 -164 -185 -230 243 223 213 -76 80 84 -38 91 193 -201 100 -144 -82 -13 -244 -163 -27 -2 10 165 47 -239 -189 -26 239 96 -102 -195 -69 231 -152 71 -86 37 -141 -235 -34 -71 43 175 118 -148 206 -55 -52 65 -231 237 -211 -234 90 133 93 -96 -32 -72 105 182 -162 57 -65 214 -56 217 -140 -213 149 -250 97 -222 44 -206 -47 -187 -205 189 -37 -78 -232 -112 180 -36 148 -12 247 50 -243 215 -218 -64 -104 -88 119 146 -119 -107 79 -22 -178 20 -132 -184 154 -226 151 -30 -83 -181 225 -53 -183 124 18 -97 209 -25 240 -212 150 -3 -229 222 114 42 -169 234 120 -20 -179 220 147 -147 81 -126 235 -58 238 -245 134 -149 -123 -28 156 -75 35 -215 83 -44 141 73 -70 14 -61 -186 26 31 -156 24 -116 236 -138 -200 -139 127 181 89 -157 -74 36 -223 74 45 153 -158 198 108 67 -194 34 -120 -114 -129 -33 167 -160 -85 9 221 166 -79 -5 49 197 85 41 117 38 62 5 51 229 -127 103 -133 110 115 -91 -9 201 -208 -217 131 -23 -16 -89 -202 -108 109 245 0 121 143 -40 69 -171 -92 111 75 98 77 92 190 -11 -228 142 136 -51 56 -73 95 -236 60 -77 123 145 -100 -122 101 186 171 -174 242 -227 -203 -14 87 12 144 -101 78 140 -67 210 -41 227 32 3 200 -193 -93 -81 176 107 233 219 86 -209 -94 162 33 28 -224 -90 8 224 -84 76 -204 16 99 194 -137 -216 -21 82 130 -57 13 241 39 -151 -62 184 -115 -241 63 -24 30 -103 -31 -98 -45 -39 -43 -35 -42 64 -10 163 21 6 -121 129 -172 164 -155 244 179 199 211 -124 172 -29 -175 72 135 -110 -8 195 
TEST 61 ARG:207 64 22 54 59 189 -115 192 31 45 -249 12 154 -227 -117 135 158 -63 -218 79 -54 -149 -111 -32 41 68 -228 -211 -229 -139 -121 -101 5 25 -3 -71 -105 129 187 147 -144 -250 53 -212 201 149 -26 -108 -39 -175 -82 -50 171 229 -90 221 231 -100 -118 -245 -38 -35 -87 -96 -214 163 -5 -192 -43 -29 10 -30 32 -126 94 -37 76 -46 56 109 -184 175 170 197 111 131 -167 -76 -134 -171 115 -137 -169 78 -187 33 114 -75 83 -146 -120 202 193 -165 -2 1 -151 213 -28 242 243 -83 244 37 -85 177 96 155 39 -128 87 123 199 20 -195 -129 -243 139 136 40 -69 195 210 77 -93 -81 112 -164 74 -94 -230 95 228 -114 206 235 4 148 89 205 -236 241 138 -55 -217 50 191 -78 61 -152 -231 230 -191 -196 107 -216 -158 6 99 -180 -24 110 183 71 -74 -172 233 49 168 -21 18 55 65 -57 8 -235 72 117 237 -142 208 188 66 28 -246 215 67 152 116 -150 239 -241 248 128 198 -207 63 57 -138 85 165 113 153 -11 179 13 104 -15 -56 219 -61 245 -131 -65 46 97 -119 -161 -159 -86 -19 161 -238 194 -31 14 -124 144 218 43 -102 142 86 -9 -44 167 -73 -162 -13 -182 -234 24 23 -185 -198 -116 122 -200 73 203 -62 -84 -130 60 -42 140 -41 -40 132 -244 150 -53 -233 7 -226 3 -141 -186 108 162 118 -242 30 93 141 44 157 -223 81 -173 38 137 -106 35 -25 -34 156 26 181 0 186 -222 223 -179 196 -122 -213 -133 -104 124 51 -205 -123 -98 130 -20 -23 126 -188 -157 212 84 -239 62 36 227 90 -27 -155 75 98 16 -147 -224 -189 -48 -148 -199 -60 -77 173 -176 234 -64 204 103 -247 190 220 238 160 -45 211 -8 48 120 -132 200 -225 -59 -143 -22 88 -80 121 -190 172 -107 82 169 143 226 -52 -112 145 178 -153 100 -4 34 182 29 184 -201 -110 -7 -66 -103 -36 -10 222 217 -174 102 -166 -206 174 -204 166 -91 47 209 101 -88 -219 176 247 -240 151 58 69 -95 214 -72 159 232 -210 -68 -92 70 -202 19 105 185 -1 -113 -47 -232 15 -6 -237 -99 -18 21 -197 -220 180 2 -168 -125 -58 -215 -70 -178 -33 80 127 -140 -156 -170 240 164 -51 9 -203 224 -67 125 146 -145 -109 -248 -16 106 -154 -79 -160 -221 133 -12 -208 -193 246 17 -17 -97 11 42 -163 225 -183 -89 119 52 -49 -14 -127 -135 92 91 27 -194 236 -209 -136 216 249 -181 134 -177 
TEST 62 ARG:184 -119 185 -86 219 210 -99 35 -28 -18 -171 -161 -42 -170 176 117 20 -87 -16 -198 -41 74 -194 -39 61 -113 156 -62 55 183 6 -109 -105 238 -43 46 30 123 195 -238 13 152 160 -176 49 -240 -83 109 179 -44 -112 162 -228 -69 -51 4 -46 -11 19 134 218 111 -222 -197 -71 125 175 226 220 -166 -34 249 130 -94 221 -135 80 -200 89 -3 188 -206 -76 216 171 3 -110 106 -59 77 -226 -91 -14 58 -13 42 -2 87 75 110 64 78 68 101 18 11 194 198 -160 39 174 23 83 -239 45 73 27 -154 -172 -184 -130 182 -159 -8 1 -101 -116 -207 148 237 108 -148 213 212 132 169 164 43 47 -178 -106 60 -140 -55 128 142 -196 137 -126 97 -10 -33 66 -123 0 -155 2 -227 196 -164 204 -23 107 -139 -111 26 -244 -233 215 100 79 90 103 191 -68 -146 -204 131 165 -27 114 -97 5 -220 115 50 -177 211 -12 -108 -245 -136 234 232 -235 112 151 139 67 -219 197 94 -65 -221 209 116 -232 -179 -156 -121 136 9 -208 -186 24 199 -30 84 -143 -165 -4 -5 144 -98 -88 -213 229 32 -118 -21 25 138 -192 -236 -195 -66 235 -217 155 -150 -90 -163 -22 -128 -230 65 -60 -35 -29 121 200 -54 167 -132 28 86 -45 -17 -131 56 -78 224 -191 231 8 -174 81 120 -38 -247 -205 -82 -157 113 -81 -74 168 244 -93 7 157 -95 -202 -129 205 -149 21 29 59 227 -37 172 146 230 34 239 -181 -24 17 214 192 14 -40 -36 133 -145 193 -122 -96 -32 -103 240 53 -26 -31 63 145 228 -190 -242 -85 -250 -249 173 189 -134 -6 163 -210 -73 92 -182 187 44 129 -84 -92 38 -201 170 91 85 -151 -9 88 -175 177 247 -89 41 225 -212 181 33 -215 -162 -114 -218 -209 166 -137 -141 -133 -52 -173 -223 -211 102 233 -56 190 93 126 -203 -47 -229 -144 161 202 -168 36 -169 -64 96 -63 37 208 105 48 82 -120 52 -153 -80 248 154 -77 -147 -58 140 -231 -234 62 98 118 -20 31 122 -7 10 -70 104 51 135 124 236 206 -142 159 22 95 141 72 -124 150 -104 223 -53 242 -180 -188 243 245 -72 143 -25 -241 127 -167 69 -237 -158 -19 40 -61 -225 -224 -187 99 -125 217 222 -193 -189 57 -102 -75 -57 203 76 158 -100 -246 201 -117 -1 153 -115 186 -107 54 241 -48 180 -138 71 246 -50 119 -248 -67 -15 -49 12 -199 -185 16 207 -214 -216 -79 -243 149 147 70 15 -183 -152 178 -127 
TEST 63 ARG:113 -148 -56 -64 185 -82 42 -176 -117 8 1 118 170 172 -116 -112 249 247 11 -46 -40 -193 64 -157 214 43 -195 -101 245 -243 -149 -28 28 159 98 -11 -203 224 85 -63 -23 -115 -211 136 40 6 227 -12 -81 -72 184 152 -77 164 -206 -35 150 15 94 61 177 238 -187 141 20 -249 212 0 41 -18 51 -107 207 -100 -4 157 35 221 -144 -68 56 -79 32 -84 -237 37 -114 129 -174 -111 -50 25 -15 -119 -155 -127 -38 -93 111 -44 -190 241 -171 -192 242 54 88 -182 147 127 -138 -70 66 199 222 34 103 -200 121 208 -61 -194 -142 13 -48 -9 -31 -97 173 -219 203 -152 -133 -140 -33 196 -74 218 49 102 -160 148 -166 225 104 17 233 119 33 -233 12 -235 116 -151 63 -177 -201 -141 197 -124 69 163 -212 82 195 -223 237 145 153 -22 217 -39 -87 -110 -85 235 70 -172 -106 133 211 125 79 -78 91 193 -122 110 -241 -199 65 239 201 -205 -186 -179 84 165 -32 -73 -242 -178 230 -239 -69 -25 -113 160 -89 -36 107 23 -5 -54 68 -213 72 -51 -165 30 -230 151 36 -150 77 -226 123 48 -189 187 -131 138 -232 74 -16 204 142 -30 219 -1 29 166 223 9 -21 90 -103 -88 -19 -65 52 3 -159 81 168 78 -247 117 71 191 -198 189 115 -164 -207 -246 158 128 -145 -209 -105 131 86 -197 167 112 -2 -60 80 -184 -245 -132 -95 181 60 -17 -80 50 124 -139 220 -66 45 -143 -147 -43 -137 176 -185 156 -67 229 -158 93 38 -83 -102 -250 -153 31 161 -227 198 236 -47 19 -129 -58 232 171 -91 -240 -27 -109 209 134 226 109 59 149 194 -220 -217 216 18 240 108 101 -13 -180 169 244 -98 -45 -188 97 105 -163 99 -196 200 83 -238 62 179 -6 132 -222 -210 205 92 -96 139 180 26 106 -55 -168 47 243 140 -121 -169 -204 -59 190 -8 76 -57 75 174 16 248 -191 135 -228 14 -156 -128 -29 -7 146 -231 -26 -118 175 -135 215 -86 -108 -154 -236 183 186 -173 -218 182 46 -52 192 -214 10 -234 87 -183 213 100 73 -3 246 -90 55 -225 -14 114 96 234 2 -123 210 -125 162 120 137 24 -37 -92 4 21 -42 57 228 53 126 -53 -10 206 -94 27 -20 -104 -161 58 -146 44 67 178 -49 -229 130 154 143 39 -181 144 -120 188 -224 -244 -221 -167 -216 -136 -62 -24 -202 -162 22 -99 231 -130 -248 122 -71 -34 -170 -175 -126 -41 -134 89 -75 7 -208 -215 5 -76 95 202 155 
TEST 64 ARG:-44 126 194 203 -209 -238 -88 17 192 238 -214 -208 -29 -92 43 20 228 135 42 -35 -202 59 9 242 3 -247 214 227 -216 -230 -229 174 144 53 111 -153 79 104 225 -160 -201 -126 -100 -152 -71 -1 133 150 172 -148 109 -204 76 -231 -10 82 197 -138 163 -6 -146 -210 -211 146 166 47 -108 8 -91 130 187 -135 -213 -182 30 -134 115 -235 64 16 189 92 83 -180 -167 -9 120 119 118 233 240 11 142 -212 160 206 78 -49 48 81 28 -112 -139 87 14 -191 114 61 -28 201 77 -69 -184 -31 -13 -162 -105 -56 198 -42 -127 -106 159 -187 186 215 -232 148 -250 -27 -57 -241 -158 152 -96 29 39 -38 165 -137 -20 -203 1 12 196 -225 191 222 5 -87 -21 -249 209 -104 232 151 -76 -147 -72 167 178 18 136 -11 177 -246 138 -248 -97 44 -168 10 -12 123 -7 27 -36 37 -51 -240 50 95 35 -32 -63 141 110 -173 -55 -177 147 188 72 23 -23 -206 212 -101 -14 -109 -140 122 179 145 184 56 -130 49 31 224 -99 -195 -222 -243 -54 -81 -24 -120 -118 -186 32 -207 85 -5 -115 246 -131 54 -4 237 -119 156 55 -183 168 137 132 101 -113 40 219 -220 45 161 58 -117 158 105 149 218 190 169 -151 -179 21 -123 231 117 241 155 22 -175 -74 -82 199 -93 -236 245 13 -68 -60 -242 103 99 52 71 -80 -192 157 98 -233 -156 113 -142 -200 -75 -145 -43 -40 -197 211 -163 -198 -166 170 -26 -125 2 -181 207 153 -178 46 -78 19 -83 -25 -128 -73 -154 -85 -234 -221 128 -37 223 112 164 -244 96 91 -8 -239 -70 -165 236 185 -39 25 -95 171 102 -176 -155 75 183 -18 181 -98 175 -89 38 243 -224 -53 -245 -65 -193 140 -237 80 -174 108 -52 -159 -19 -34 -103 -45 26 193 -48 -189 7 97 -16 -46 -22 -64 143 -2 -86 73 -116 65 182 220 33 -205 230 -199 127 62 -194 -228 -219 63 84 -17 -226 -172 195 69 -218 -107 -124 -62 41 -121 -132 229 226 34 -67 -111 93 94 -110 106 205 74 134 -161 -114 -141 -133 210 -171 116 221 89 244 -223 129 -30 -33 107 124 249 70 202 216 6 68 173 -41 -196 51 36 -170 162 -136 -227 -164 180 66 -102 -58 -149 -15 217 208 213 100 88 154 -185 -90 15 4 90 200 125 234 -190 -79 -94 -217 121 248 -157 67 -61 -122 -188 -66 24 235 176 86 -77 57 -50 -47 131 204 -144 -3 60 -215 0 239 -129 -143 -59 247 -169 -84 -150 139 
TEST 65 ARG:-229 -202 -9 38 230 17 -152 191 -130 39 -157 -203 122 -70 -79 9 94 -163 -194 181 -47 -54 -102 -162 70 -154 57 -217 -143 -178 -224 -200 -25 151 -190 -237 -171 -19 -175 -120 -113 246 -93 244 188 -128 79 187 65 -110 -170 -77 -92 -60 -238 -43 197 66 0 243 115 -101 232 71 132 -236 91 46 110 -97 -33 -187 -28 208 30 148 -228 -103 101 29 84 113 14 -153 18 -198 52 22 8 177 -115 117 60 -241 -68 23 -184 248 159 111 -4 -216 199 142 220 -134 -65 -50 -233 -58 -72 -215 -246 -226 147 -3 -51 -32 206 238 215 -80 166 -75 -98 -71 -234 -248 -155 3 -56 83 -166 -139 -90 15 -158 80 96 100 249 -174 -17 -124 -214 74 -185 -27 -62 -172 141 242 -222 112 95 149 -2 -142 85 45 -186 150 -188 229 4 -74 137 -136 158 -83 82 35 -116 13 89 154 -192 211 -231 90 225 87 -29 -16 2 228 -39 -133 171 102 -89 180 -91 134 -49 -85 -131 146 -26 235 -144 97 213 51 -181 98 162 204 93 -129 -100 247 -195 203 -132 -137 -59 73 165 99 55 -118 -232 19 -227 32 -218 -212 -151 41 37 -156 -31 -168 119 -41 26 195 68 -11 -86 -126 109 129 -125 -182 212 -10 40 164 152 -95 -239 -245 196 237 178 10 -76 -161 -197 -88 175 -78 -67 25 -204 -84 88 123 42 221 -44 -121 192 103 -36 -18 -40 240 -201 105 198 -119 28 234 78 -37 -24 -213 -220 -169 -149 63 138 44 179 -21 174 -167 -235 182 241 -8 -6 50 -82 -5 -123 -223 -165 -138 48 -147 -179 -199 128 108 67 24 107 6 -230 -104 126 167 76 -207 127 -196 59 -148 -106 124 114 176 5 -221 -159 -114 -242 131 -164 20 -208 -247 140 -96 -57 -209 170 -150 227 168 43 -30 130 207 218 -87 190 -112 -13 12 -205 209 36 -117 139 118 27 -105 143 86 53 153 1 -7 189 -23 133 -189 -69 -52 -107 -55 144 11 121 -141 104 81 49 -127 -64 219 -211 -111 -14 161 -42 58 -61 -193 135 -109 -73 -180 145 157 125 -20 224 -34 194 -240 236 -135 -177 202 -15 160 217 183 186 201 16 116 -22 47 -219 61 62 223 172 -48 75 92 54 -249 222 -183 231 120 56 -243 136 -122 21 69 -250 -99 -1 34 -244 -140 -66 200 -108 185 239 72 -35 216 106 -63 163 -81 193 -12 -38 226 205 184 210 -173 233 77 245 156 169 173 155 64 -176 -160 -191 -94 -53 31 7 -146 -45 -210 -46 214 -145 -225 -206 33 
TEST 66 ARG:-76 2 96 174 62 -135 -183 -201 135 221 185 -185 25 -164 114 238 -160 -99 233 154 -57 94 -33 4 -178 -89 -146 56 -118 -86 40 227 -158 166 182 157 93 -31 124 159 -20 72 229 32 141 108 131 -72 17 100 -221 -48 101 30 155 -49 -145 158 -56 247 164 -249 -139 117 98 184 -157 -90 102 180 50 -231 148 169 153 -250 -95 -7 89 -243 3 -171 -5 76 -9 -143 -44 -134 212 -213 -125 8 -97 -107 -156 -184 123 -55 -195 75 175 -25 88 142 -136 113 -58 -22 218 -179 120 -226 71 55 193 245 -233 -122 78 111 36 126 -27 20 188 181 -237 -41 -2 236 130 95 -208 47 -182 -4 134 232 -101 149 0 84 -165 -116 14 -148 -191 -84 201 68 187 -161 189 -212 234 205 92 -63 -79 219 179 -190 139 34 -45 91 176 133 129 -34 177 -51 -219 210 211 103 74 -223 -180 217 65 -113 -166 31 -93 70 119 -61 -114 249 -214 -189 151 9 10 220 -175 -75 -103 239 168 -54 -163 207 -42 116 46 -228 54 83 -147 77 107 172 137 -140 -74 -24 48 -21 99 -248 29 -77 21 194 200 -187 165 -244 15 -30 -26 -96 -220 61 24 -153 -138 -53 170 -211 195 -235 223 80 173 -111 -11 44 35 215 143 -124 -39 -73 37 186 -91 199 -193 -37 -81 -192 85 163 202 -242 178 147 -234 -154 118 190 -241 222 41 214 -117 -16 -236 64 23 -104 -205 52 -23 156 -112 16 198 -78 132 -6 -240 49 -159 13 -43 240 -174 -35 -52 208 5 127 -68 -105 45 -80 7 -224 -194 121 110 216 87 79 -203 -3 -196 -181 -14 -217 -102 228 226 -245 -215 -36 144 -142 -229 242 192 -149 28 -88 -47 125 59 -83 -169 235 -65 -204 -207 43 -71 -173 -120 -123 183 -10 -172 81 146 105 112 -64 197 -92 58 -210 -46 241 67 138 -170 106 86 -206 -152 -17 230 -239 -246 -67 -186 82 -176 -60 -209 204 109 -155 -198 -1 97 237 209 26 -177 160 6 -38 -167 -106 140 122 -121 196 246 60 42 115 -110 225 -15 -133 -70 -18 -62 -87 -230 -188 69 -216 -225 -141 -199 -222 1 -28 -82 171 -162 -151 73 -59 152 -132 -202 -29 231 224 244 -50 -13 -85 -119 243 128 -247 33 -129 53 136 -238 -218 -150 -127 12 38 18 -8 -115 -108 191 -130 -131 150 11 145 -200 19 57 -66 39 -144 -168 -232 -128 -227 -12 -197 51 206 -126 162 -98 104 -100 -40 -137 -19 22 -69 -32 213 203 27 248 -94 66 161 -109 90 63 167 
TEST 67 ARG:62 172 -41 -203 87 233 130 24 -19 -124 168 -241 -57 -120 -68 101 -214 146 144 190 120 34 -143 107 -2 23 -63 27 -134 98 -202 -155 86 164 88 -163 -70 -141 110 -89 90 147 -66 182 -196 52 -183 22 -20 -131 184 106 -230 46 74 204 44 227 -146 195 -62 -153 -150 132 9 -4 -239 65 -235 77 14 150 19 54 -29 -172 214 -245 -58 167 -88 61 -243 79 249 53 183 -145 -81 -49 6 -169 95 63 -50 35 -246 -192 -12 -55 -193 -148 60 201 0 -13 206 -116 187 -167 71 -107 -157 -138 -233 92 -28 -185 -137 41 -248 -11 -232 -80 -101 105 143 -240 64 -97 -122 211 45 -234 174 242 12 30 177 243 -14 -25 -99 -64 -3 -181 16 -195 -86 -125 -114 91 -144 -22 55 -184 193 -82 -231 -237 240 -100 -208 84 219 -178 96 -98 149 158 141 76 -10 94 244 -23 32 -152 237 1 -135 185 246 -16 236 -179 -113 209 114 49 58 215 128 145 194 -74 218 104 73 -123 231 148 -37 197 -102 179 29 -8 229 154 245 -211 -54 -39 -227 -186 248 -65 81 -108 213 -30 -207 113 18 -118 202 -175 -127 -136 -17 57 72 -104 116 122 10 31 225 207 -56 -229 -128 67 115 -96 -199 216 -226 -42 -154 129 -242 153 -15 -217 -87 -110 156 -1 -34 -164 -6 196 -121 103 228 -46 124 37 234 42 56 -91 -18 -33 155 169 157 -212 -93 -115 -78 176 199 -187 -26 93 162 -67 -40 140 50 51 134 165 235 -129 -35 220 -222 224 -171 -139 -73 -45 -51 -223 -48 226 -106 -142 -238 13 85 -38 -126 -228 -209 -213 -151 102 152 210 -149 25 -5 -21 205 178 -173 -83 -200 189 118 161 -247 -165 -198 138 -94 -132 80 -166 -159 112 36 -197 48 2 -103 -36 131 239 -76 -210 136 -190 -156 -130 -69 -219 -215 -7 163 247 11 175 -44 198 15 -59 139 97 69 180 121 -72 99 -204 221 -9 117 -84 230 -250 78 125 -206 -218 171 111 39 -221 166 -191 181 -201 -47 -85 119 223 232 38 108 -176 -75 -24 217 -77 -31 160 -177 -147 -61 -161 -95 -162 191 4 -92 100 -236 208 17 -180 -133 -71 7 109 68 26 -112 59 212 -216 173 133 82 -27 -174 238 188 170 -90 222 21 -32 47 -244 -79 43 -224 -225 -109 126 -220 40 3 186 159 -140 -119 70 142 -194 200 28 -182 8 -111 137 123 -158 -52 241 -205 -117 -249 -160 20 -170 151 -43 -60 -53 192 203 -168 -188 66 83 75 -105 33 135 5 127 89 -189 
TEST 68 ARG:178 -145 -203 125 3 -141 124 -227 13 62 -237 190 106 175 217 -175 109 69 -234 -107 210 -18 209 131 137 -188 -214 219 -79 141 -226 -90 23 -198 153 -172 122 -81 -70 144 -119 82 -27 215 -162 -29 -152 -201 247 52 28 225 -68 93 -24 -241 -97 -210 117 -15 232 -181 -108 244 40 237 96 92 -99 -155 149 -30 118 199 -154 197 48 85 -157 75 249 -230 -38 107 236 110 -58 0 103 -213 -116 -17 228 -46 -64 -224 176 81 50 194 -212 -74 174 192 -137 61 -122 -240 -228 -248 -73 9 148 -153 -209 -85 -217 220 -239 -164 84 -48 -110 241 79 -158 -143 -14 -211 74 119 -118 -67 -80 -125 112 -144 88 56 -63 242 132 -11 -149 -238 231 42 -65 116 -193 -223 133 142 138 239 49 -131 -109 -176 -159 115 73 111 159 99 163 -229 -142 -138 120 127 -231 152 -76 -44 37 129 -215 -139 -232 78 -22 98 -89 182 64 4 126 35 166 -160 222 158 204 -83 -222 53 136 15 -103 -208 -197 -104 -161 -199 80 130 245 -183 31 21 -92 205 -86 167 -5 179 2 114 193 -206 -189 183 -114 207 202 221 -190 -150 -55 -39 -115 184 -94 -191 143 -126 213 68 -13 -180 -59 47 -54 -167 94 -96 83 -244 233 -42 146 63 -60 139 168 151 -8 -98 -10 -102 -236 135 -113 17 41 -21 -177 -163 188 36 8 -61 -249 -220 71 -218 -4 -28 70 -20 -221 -23 -36 -111 -129 -245 164 -233 -170 -187 -128 -174 27 -100 -123 214 43 200 -2 -165 26 140 -247 -12 -88 186 -69 -53 211 238 162 160 121 -87 14 191 223 -135 170 60 89 195 -16 -40 -49 -169 104 235 -148 -132 -31 -25 145 54 -72 100 -202 216 95 -168 18 -34 134 65 86 33 -246 -205 -133 177 -242 -47 -156 173 -91 -192 24 229 150 16 -93 -186 105 169 227 -185 -204 59 180 -179 161 -32 -127 -178 108 -62 -82 -121 212 90 154 -140 -207 -136 22 171 7 5 -124 -105 203 -216 224 172 -196 10 -146 -106 101 -57 55 201 102 77 -6 44 246 147 -235 76 6 181 57 -219 -75 -66 248 230 19 198 -134 -250 97 -120 -35 156 25 -151 -45 189 208 187 -33 -77 123 226 -195 185 206 128 -9 -112 91 34 30 -26 -78 58 157 -19 -37 46 20 1 -166 -7 72 -52 87 165 196 -171 -130 -194 51 155 -84 234 12 66 -184 -51 -225 32 11 -182 -95 -50 -117 -101 113 240 29 -243 45 243 -56 -147 67 -3 -173 -43 -1 38 218 39 -200 -71 -41 
TEST 69 ARG:145 13 -126 -29 110 203 -164 73 -49 -189 39 -184 -59 -226 -42 95 -124 243 -77 -244 -92 -219 47 6 -67 -194 113 -14 -176 -135 -152 -199 -178 20 45 -160 -243 -183 -20 -53 70 15 91 -16 53 156 162 68 133 -248 151 -157 192 -210 -113 -110 247 -19 -80 -106 161 142 237 -1 -167 -98 -161 204 149 -208 -15 -233 -100 -196 208 -64 -36 189 57 -119 -94 -89 -224 238 -38 -229 -234 167 183 -104 -159 -144 -203 169 157 48 -172 -55 227 -217 5 146 155 59 103 30 -6 158 -101 -153 244 132 -71 1 242 159 -180 12 127 -156 135 -88 -120 -197 -62 121 201 246 235 -163 58 176 -250 210 77 -143 -242 -230 72 43 -60 49 101 141 -83 41 82 -70 16 -168 -3 -214 52 181 24 -134 241 -34 216 114 8 69 -131 -18 -170 -154 -102 -246 -220 -188 42 -35 -227 -97 -150 -27 -61 -33 -43 -121 170 98 -87 -175 184 80 -107 108 122 -239 -149 226 152 166 199 81 -51 198 -147 112 -47 23 -74 -129 -30 -215 -116 171 179 -114 106 104 175 -56 -21 -90 217 194 -158 -123 -105 -39 118 44 65 144 40 -22 -99 153 -84 86 -63 61 100 -93 -200 -187 -222 154 -23 -247 -192 -103 -5 -44 0 140 218 -155 -50 -68 84 78 55 225 182 -31 17 139 -249 -181 173 172 -198 -48 87 -206 63 240 231 21 195 -128 -17 89 36 -26 -221 205 92 99 19 164 60 -41 200 -190 -28 -13 224 115 90 -140 -118 215 66 -236 -182 131 76 119 165 136 -133 -57 -82 -12 11 137 -235 -139 -115 -69 -171 223 -151 18 150 107 -146 -78 109 -212 233 -186 79 -117 -9 -185 -202 124 239 -179 117 -162 -111 -177 -138 -228 -165 180 -209 123 148 -86 -66 228 236 -108 -191 -25 -174 202 -204 -169 220 85 230 26 163 207 191 234 102 -125 -232 27 -136 -237 -238 22 185 -207 -37 125 143 214 147 177 -166 35 62 186 190 128 -95 -195 120 -216 174 31 -73 64 130 105 248 229 -122 -10 -85 232 -205 187 -145 160 14 -65 212 -109 2 9 -54 29 97 188 -211 134 -193 -91 222 7 -137 206 88 93 -79 75 -7 168 4 94 245 197 -141 196 178 -231 -241 -225 71 -81 138 -40 56 -72 126 -130 -58 51 221 213 211 -2 -223 -142 -11 209 37 111 -76 -213 -52 38 -8 -96 96 -127 25 116 -45 10 67 83 54 -201 74 129 28 34 219 3 -24 -112 -218 193 -132 -240 -4 -46 -32 -148 -173 50 46 33 32 -75 249 -245 
TEST 70 ARG:-211 -75 -3 192 89 226 -37 171 145 15 36 191 -128 201 111 -216 113 -62 -177 72 219 185 -42 -205 -212 196 17 -52 148 232 -198 55 5 75 12 118 -72 157 -38 -112 -87 -2 -34 235 -131 -22 -19 115 182 -246 170 108 4 52 85 223 -218 214 200 44 119 -32 -157 82 233 245 18 -210 -147 -53 90 68 139 -148 142 87 165 -31 -194 -11 -123 103 93 -153 -95 24 -111 66 204 -139 104 167 43 33 -45 -16 129 -124 -17 -58 -90 -97 -98 31 -25 220 -222 206 -206 -204 -169 -104 -225 -196 193 77 79 168 -132 69 218 158 -55 -77 169 -73 -162 -100 74 137 240 -220 -155 -23 -189 60 -70 16 242 -137 234 109 30 -190 -26 114 -63 -94 13 135 -110 -180 22 -197 84 123 -151 -159 112 228 -71 -178 25 -118 7 23 173 -173 9 -13 236 -126 -242 -166 83 -214 -14 -144 131 -200 141 -136 176 -96 -78 -69 -46 215 -41 19 -150 183 -67 197 -228 149 209 -125 -229 154 -193 -143 -66 -165 -184 86 -235 37 -120 40 0 81 -122 76 -29 -121 -191 -30 -138 -168 155 -103 -9 -239 -43 -27 -181 -117 -83 -20 -202 -65 -188 53 231 -179 78 188 127 -231 229 -213 100 190 -109 1 -208 51 -248 -127 122 151 147 42 -185 46 198 59 -39 -133 39 205 98 -244 107 207 237 -223 203 47 -7 -221 225 184 -57 -36 195 3 239 136 227 -24 175 -5 134 164 -158 -243 216 -64 -35 230 64 14 -164 222 -54 -167 -119 57 91 241 26 166 124 162 -49 32 -12 11 244 199 -56 143 249 -28 62 -171 28 35 -40 -10 -82 -203 208 -241 -8 211 150 38 -176 -230 -86 224 71 126 -183 92 80 -21 54 -81 -84 -102 110 179 -156 21 -160 -135 99 133 48 -217 -99 70 246 132 212 -234 -154 -240 -170 -149 -186 -152 50 -129 -146 -201 58 160 45 10 243 144 221 -48 -80 96 -6 -59 177 -233 -207 180 105 -140 -209 121 34 56 -163 -237 -187 194 -172 146 217 -93 -85 -113 -88 -92 -105 174 49 140 -249 125 -238 -50 29 -91 248 -236 20 161 -145 6 2 172 -114 138 238 -227 97 -33 -250 213 202 189 -60 -15 88 -134 106 130 -74 163 -1 -161 -247 95 -116 187 -115 -68 -199 -107 -130 65 -4 -226 -51 -47 27 116 63 210 94 247 152 67 -224 -142 -106 181 186 -79 -195 73 -182 -245 117 -175 -44 41 -101 -215 156 -219 -232 -174 -141 8 -108 153 61 -76 -192 128 120 178 101 102 159 -18 -61 -89 
TEST 71 ARG:-74 155 -18 122 76 166 -6 29 -111 225 -236 229 109 23 50 198 -240 145 90 177 -23 88 -62 -89 -174 234 118 -245 -162 -238 -201 -4 -196 -121 126 -118 156 -190 74 58 -90 129 -85 100 -96 36 -135 247 -75 -125 55 -222 63 -1 -219 -71 -246 -94 -102 142 97 -12 237 61 -72 51 -220 -57 -28 -226 -189 24 -52 226 208 -7 -50 -170 -88 -65 243 -207 133 94 86 -143 67 -67 22 -9 70 214 0 -242 207 -133 -173 151 150 84 -247 110 -83 -134 116 27 -139 -152 186 19 -104 -138 -200 -122 38 37 47 -114 -210 -106 127 -141 -116 -30 111 -97 64 -21 -195 -179 123 -87 -40 46 -127 -148 -156 139 -35 -175 141 215 -150 -153 105 115 89 93 -10 138 130 -217 28 107 102 -108 -199 -198 -36 -147 140 201 144 -63 148 114 164 80 -17 189 119 221 49 -241 -154 91 82 -209 195 -53 -128 12 235 -117 79 -19 43 165 -124 78 -194 -82 218 210 211 17 87 2 39 -167 -165 -81 -192 178 -234 5 246 -46 -14 -73 231 -205 236 230 159 161 16 -235 -115 163 -155 -37 -227 -3 66 9 -171 233 -159 -184 112 -172 -54 -157 -146 -59 245 117 -78 241 -49 124 227 -44 192 -105 131 -145 188 106 224 180 -70 75 -169 -76 -229 -223 -103 14 56 -180 10 -231 147 15 167 -24 -186 3 72 -248 11 45 96 -197 -32 -31 -208 -64 157 52 -112 -26 62 -225 -204 125 204 -239 -8 -2 -129 -211 40 170 42 121 172 203 -113 113 136 26 -191 -215 -212 212 200 -123 -224 -178 -132 -213 98 182 -25 -142 92 -249 220 -168 175 135 -41 -66 -58 -42 95 -183 184 160 71 -119 -161 -214 -218 59 174 -177 143 199 176 -140 223 238 -47 53 202 173 20 81 -55 -202 103 -92 -228 -131 -233 44 108 216 99 -160 -13 171 -237 154 -107 -216 242 8 132 168 -93 206 32 41 181 -20 -206 191 73 219 4 -38 -232 101 -188 249 128 1 -33 -126 -60 193 187 -176 -5 -45 197 33 -86 -181 -250 -61 169 213 205 -101 179 57 120 -221 162 -48 69 -39 -68 -244 228 83 222 -185 146 30 -136 -34 -158 104 -99 190 68 -120 240 196 85 209 -166 -69 -243 239 -56 149 18 35 137 217 34 6 -77 -22 -16 60 -80 153 158 48 65 -100 185 244 25 -109 -187 232 21 134 -149 -130 -27 -29 -137 -43 -203 -151 194 -182 -51 183 7 -91 31 -164 54 152 77 13 -98 -230 248 -163 -79 -15 -95 -84 -110 -11 -193 -144 
TEST 72 ARG:108 -40 -39 -132 -24 -19 175 -157 181 207 192 3 27 220 35 -41 -26 202 -205 -139 -216 124 45 -89 -189 -23 230 -17 -135 185 -209 157 144 -166 48 193 173 69 53 128 -103 -138 -91 34 -12 125 -185 -137 180 -218 148 153 98 -203 -120 -94 -215 78 -93 166 -65 -61 198 249 80 84 221 94 151 206 176 88 -79 63 183 -25 -92 -195 -221 139 -81 83 -250 -7 -64 82 -148 52 238 -146 233 -152 -98 219 118 -22 169 201 120 -193 -191 109 226 -178 51 217 -206 -141 129 -217 189 66 -42 -165 132 13 -197 -125 23 -210 -182 -15 187 57 150 -119 1 200 -198 -104 -73 177 -243 -5 -235 43 -35 44 -124 223 46 -244 7 -80 -10 9 -99 197 -214 62 194 -200 -4 64 -249 -55 -126 240 -21 12 236 -211 -16 -118 -181 -247 -59 36 -95 -66 242 -143 -186 -246 152 243 -123 92 93 -173 -158 56 211 59 -156 -188 -117 -170 -153 -86 -239 42 38 247 -219 -34 182 74 -74 113 205 -150 -177 131 195 17 143 -115 237 -164 158 -179 188 -106 103 -199 -46 178 174 155 -107 234 -83 -101 104 -133 31 141 96 -78 67 39 115 60 -162 29 245 191 -49 222 -54 100 71 -192 232 -160 -171 231 -32 -149 -108 136 111 -58 -161 -184 -136 102 -121 138 196 -201 -100 146 -238 -57 10 137 218 227 -140 89 -230 -37 -68 184 133 -50 112 145 -167 -242 -45 210 -129 -14 244 -168 -69 -30 229 21 65 179 37 110 87 6 72 73 -112 239 16 -234 -176 228 -38 122 -88 47 95 55 147 199 -248 30 216 90 161 -84 -175 -223 246 -75 24 241 15 -207 -27 76 -233 -11 -33 134 25 168 -202 97 8 -77 225 -127 121 140 79 -232 68 -62 -113 -110 -29 -154 203 -18 -183 -134 4 -169 170 -102 208 -190 -52 -228 2 190 61 -213 -147 -63 -51 40 86 163 -163 -3 -56 -222 -97 -90 107 114 -70 -174 -116 119 91 -240 -130 167 -2 -128 -145 49 248 19 -8 75 -229 215 130 -111 -53 41 204 135 -1 -67 -114 -31 -241 -187 116 186 -109 142 22 5 81 224 -87 -96 -36 -20 214 -85 -13 -9 126 -226 -43 160 -159 -6 235 209 -245 28 117 164 171 -236 -224 -225 33 50 127 -60 54 -48 -196 159 -231 -122 -142 154 -71 149 -44 -155 101 -28 26 -72 32 70 -105 -204 -227 -237 11 14 -144 -131 156 165 -76 -212 -47 123 18 85 20 77 58 212 -172 -208 106 172 162 -180 -82 0 105 -194 -151 213 99 -220 
TEST 73 ARG:141 -142 -193 -26 -101 -99 -55 228 212 179 -75 194 -31 197 -140 240 186 123 217 84 -33 -200 -25 -89 -51 75 -93 -84 -135 -172 -138 139 -186 -64 3 -107 -216 113 -59 -192 -44 -56 167 -161 -134 -19 97 82 35 47 31 -181 -108 183 -128 -184 78 40 247 -218 118 155 -195 218 69 28 -205 5 158 -43 -150 -236 148 -147 -114 -228 -36 8 143 -213 33 -76 -162 -96 81 181 202 -185 51 -80 -133 57 -121 129 83 -137 -187 195 145 137 -86 -53 191 188 -207 106 88 238 89 74 -91 -39 23 124 115 99 -168 -235 126 -179 121 -156 19 -14 114 -222 -248 15 182 95 65 -71 -83 -105 -73 -243 -174 45 -231 -127 200 -66 -178 70 -247 -224 -112 18 -232 -141 20 229 -79 -202 161 73 116 -119 112 -183 -23 -1 234 -34 187 17 -117 13 171 -24 -245 -98 150 133 -77 -13 117 125 -146 -8 -244 68 241 38 196 135 225 109 98 -144 -124 146 -194 -219 -60 -225 142 -177 -82 -54 21 165 -226 -123 224 -204 91 -42 1 -139 203 16 -126 30 153 59 -163 67 44 -47 -29 -38 -169 149 -57 27 -233 128 49 -151 103 -2 77 219 -131 211 -130 180 93 239 58 -234 -120 232 144 130 -11 -242 -92 102 199 172 -188 -95 -197 207 110 43 -160 -68 10 178 101 4 168 9 36 177 -201 -182 -63 52 -102 -37 -28 184 -199 76 -69 -65 -90 -215 -198 -62 -166 190 208 235 138 151 14 -220 -10 173 -15 233 237 214 34 -97 162 107 127 147 -113 -148 -190 120 -206 -164 104 -30 -212 80 -165 215 87 94 185 -173 -12 -227 -191 2 166 92 244 53 170 79 -88 -41 -136 220 -32 -16 -22 -7 -203 29 223 204 37 163 249 -157 71 -189 -217 54 -21 -17 -237 136 -230 -115 231 -221 -5 198 -250 -50 -154 -67 -249 243 221 62 -238 -3 174 -46 213 -167 -85 -229 -129 55 -94 86 -158 105 41 -49 -104 -27 193 -4 122 227 157 -159 -145 160 -58 201 -241 -45 -180 90 -18 189 -149 -246 209 226 56 -118 192 96 46 48 -81 -171 -110 236 111 242 245 11 -176 6 -155 39 -208 -20 0 -170 42 152 -109 164 61 -9 64 -209 169 -175 32 176 22 -100 100 -87 -6 206 -143 -240 25 175 248 205 -210 -122 134 159 12 60 132 -52 85 -40 -35 -72 131 26 7 154 140 50 222 72 -125 -106 230 156 -74 216 -223 24 -78 -153 -103 -132 -70 -152 66 63 246 -111 210 -48 119 -116 -211 -239 -196 -61 108 -214 
TEST 74 ARG:200 -179 242 121 -149 -87 -210 -65 -36 201 -152 -234 91 -42 -98 -205 69 -189 -41 -232 -35 164 28 239 -220 80 -72 82 -19 181 -202 29 -60 76 -76 -44 244 -2 -172 131 -7 -30 -37 4 67 41 165 -119 207 -200 -193 -95 -239 -223 -217 -74 70 124 103 77 -178 -195 116 151 -13 241 135 143 75 190 197 182 -130 -114 -241 -47 -78 39 -167 45 -156 185 -229 71 -198 -206 -242 212 163 -148 -127 -6 -86 105 186 -213 -5 247 60 152 -221 -170 85 191 46 -57 169 206 221 33 -110 36 -238 -186 -93 -31 -4 -62 -132 -56 99 9 37 249 117 188 -214 129 -164 208 141 34 234 171 -182 -128 133 203 -141 1 -246 -166 219 223 210 -39 -53 -212 -49 20 -224 49 -50 192 -69 -173 2 179 19 15 -218 113 134 -73 166 123 -199 31 -134 -154 128 -244 202 64 -63 158 -104 218 73 -17 168 246 232 110 217 -123 -188 -71 -3 -28 96 -108 180 -59 177 237 -92 55 -118 16 -125 -75 228 78 -216 144 -177 -147 -131 132 -160 -137 18 142 -208 -197 -228 8 -144 -201 -122 211 125 156 -85 -168 -136 44 -180 -32 -187 97 90 -203 138 -194 236 238 -83 -153 -66 225 -25 -243 -40 54 84 229 -68 139 205 95 -38 -26 120 38 126 -219 114 -61 68 57 235 32 127 61 -89 -165 -190 184 -120 -29 233 -9 175 63 -111 -126 245 198 -79 72 21 145 172 -233 240 -129 100 -176 11 104 -54 176 160 -174 -222 47 -103 -161 214 -139 98 -245 -116 -77 -14 -20 22 118 231 -23 48 -106 -162 52 -27 56 147 -235 17 59 230 216 108 -133 -46 -96 -207 -185 -192 83 196 215 -158 -90 -191 -163 -175 -248 -204 -15 159 -18 -249 -70 -227 -181 220 62 65 -146 106 94 -211 -121 -209 -107 92 -34 -247 -84 -43 -240 -138 -12 178 -230 111 204 -97 -155 209 -91 26 146 -8 173 -231 130 155 109 140 195 -109 122 222 157 3 -64 136 -55 243 12 137 81 150 30 227 -142 199 102 0 -169 24 -22 183 161 -113 -237 -159 -143 187 213 -80 -94 -196 -135 119 53 248 5 170 -236 89 74 58 -100 224 23 -48 13 -21 -171 162 -225 -45 174 43 -58 194 189 -145 -99 -51 -184 115 -117 -226 -215 27 149 154 51 107 -11 -115 -1 226 -157 167 35 -67 -82 86 50 -33 -140 40 193 10 -105 -150 -102 -151 -24 148 -10 88 42 112 14 7 -16 -81 -101 -52 93 66 101 -124 153 87 -183 -112 -250 -88 6 25 79 
TEST 75 ARG:-232 -225 -39 -216 -145 223 166 37 -36 19 -52 87 94 -165 61 196 0 119 -65 11 -200 -75 48 199 116 8 -115 89 -20 -2 108 26 -107 -156 -43 106 164 -186 -249 74 -33 114 56 -126 -98 -74 143 -117 -224 -142 -187 233 213 156 146 -45 228 171 -59 -56 -240 -3 -179 170 155 -101 -234 120 186 -11 -94 105 -215 -109 161 -104 244 195 -5 -32 -21 212 184 -85 215 -212 -113 65 111 -103 136 27 40 242 207 -57 -184 -91 236 185 -203 211 12 -124 -248 157 131 219 -168 163 109 133 79 189 -157 -245 -30 85 210 -242 181 167 6 172 -79 -250 125 237 -243 209 84 -162 -144 -97 138 -95 -99 249 145 -90 -34 -17 -123 -105 -150 124 64 -163 -151 -131 10 -153 -7 -49 -164 -182 188 76 -120 -100 -55 -127 -133 -93 -70 51 -189 -80 -128 137 23 -148 -183 -221 135 -112 -16 22 -198 -135 174 -86 -125 152 128 204 66 -229 -209 -149 -194 97 -102 31 190 158 4 149 78 240 32 20 205 110 238 -158 16 -1 246 -204 224 -96 206 1 92 -12 80 -18 18 214 -60 47 -132 100 -24 -15 -63 -66 -238 90 17 43 248 -137 -247 -108 -218 179 -139 70 225 9 -54 15 -188 241 5 28 -196 144 96 200 -130 112 -173 -193 98 3 192 -28 -178 229 45 -40 2 -69 -161 -25 169 -146 -192 -26 -176 75 -244 217 -71 72 230 -239 -77 193 54 -122 -29 159 -205 234 -44 30 153 126 -68 168 -118 -206 -8 -191 83 24 34 39 129 118 -230 69 -202 115 -83 122 203 -10 -62 173 180 -78 -50 -13 245 -134 154 -87 198 -51 50 -219 52 93 139 -92 36 62 -88 -167 176 -67 -82 49 -114 151 -31 187 -111 42 150 25 -76 216 201 99 -246 -166 -228 160 21 -22 -210 -175 178 -236 -222 -121 182 77 140 202 59 53 -35 243 -160 -143 -46 14 101 -170 44 58 -214 239 -231 -177 -4 -129 -207 60 148 -9 235 -171 165 -6 -64 -27 -159 -152 81 -140 38 -213 91 -119 -185 127 194 231 -89 29 67 -19 -73 -169 -147 13 -72 221 162 57 -81 41 -180 -38 247 132 -136 177 -174 -154 -208 183 175 147 113 232 -41 -181 -138 73 -226 -48 -61 -199 -42 -195 226 55 86 -106 191 -141 222 130 142 -241 -217 134 -211 107 -220 220 68 71 141 7 -58 46 63 -190 -223 -172 103 -37 -84 -197 -201 197 208 -155 117 -47 123 -235 102 82 33 -116 218 -23 95 -53 -227 121 -110 88 -233 -237 104 227 35 -14 
TEST 76 ARG:117 -144 -159 -98 61 106 -134 -157 -168 233 43 -123 93 -77 -219 -97 -197 28 -107 239 51 -236 81 243 -84 80 -24 -41 219 -150 198 -180 -235 100 55 47 78 228 -88 96 -9 132 57 -102 -128 125 129 35 86 -245 241 -78 121 -26 -196 224 17 169 -216 20 53 -136 155 -126 11 -242 -205 -16 -237 38 -55 54 -53 -35 182 24 -91 -92 -175 101 246 70 -222 -240 168 68 36 -247 -121 138 -218 -50 197 236 218 -187 225 128 -239 22 -156 185 64 209 -100 -12 193 -8 -153 -94 -20 -174 232 5 88 -86 40 220 118 235 -188 -59 -73 -25 -169 77 172 -125 91 -101 -95 112 9 -167 -226 -18 -194 -42 -113 -36 107 -184 204 195 -74 188 -51 75 -161 26 -79 37 217 -70 60 -3 178 -220 -151 208 -34 130 181 126 160 -186 25 -93 -199 -162 -64 23 223 -75 102 -243 -65 158 144 -57 97 79 -139 119 199 127 -127 216 69 -109 207 -17 16 50 189 108 205 -193 115 -104 -207 -146 -49 -19 -33 -10 92 -82 103 -217 -203 146 -177 -89 142 94 190 -90 -229 -149 -224 66 -58 148 -189 13 -76 30 -39 113 -135 -238 163 98 29 165 -6 194 34 -225 -141 -204 -231 67 2 -176 191 44 -105 -147 -46 192 15 240 -66 90 -116 63 229 -111 -38 150 -164 -122 -227 -179 151 33 -1 -173 -190 -171 -29 164 244 3 200 -213 -56 -132 18 230 -163 175 89 -52 137 -152 -11 -71 -131 184 139 45 62 167 -185 -212 111 48 0 196 -96 -223 -145 -209 -14 215 135 -62 174 -140 -221 -191 177 202 32 72 -172 71 42 -115 170 -43 84 -72 238 -211 212 210 -160 122 105 134 176 -230 203 83 186 -87 99 -234 -206 -30 -120 114 -137 73 19 156 -201 -154 248 159 249 65 -192 27 59 242 95 -142 -133 -21 -81 104 214 -248 147 231 -2 145 -108 52 109 46 245 -54 21 -85 -228 -80 -68 -241 -183 -246 166 -4 152 131 -15 116 7 234 -32 -155 -210 -165 -214 171 -181 -244 -198 140 -124 -60 12 39 110 -232 -129 227 -28 -195 -99 1 -7 -138 180 179 -45 41 -114 -250 173 154 -22 85 -202 162 -61 -5 157 6 183 143 136 4 -44 -112 74 -63 -200 -40 206 -31 -249 31 -110 161 201 -143 -48 58 133 226 -208 -118 153 87 -67 -178 -119 76 213 124 82 237 14 -158 -130 -170 56 149 247 -37 10 -103 -117 -83 -215 -23 211 -182 -166 120 123 141 -47 49 -69 -13 187 222 -27 -148 -106 8 -233 221 
TEST 77 ARG:133 -105 139 14 97 163 205 -152 177 -20 42 -122 242 160 -140 -211 -86 -198 -34 -10 24 -16 -3 -210 -194 11 -243 150 6 190 -177 122 -108 -123 76 -23 -164 124 62 98 45 143 -173 -196 -97 -246 -221 -125 5 -150 100 140 56 -235 -64 -236 -146 -205 28 234 226 -117 34 169 158 233 -192 227 -155 -93 249 223 -47 -45 -151 173 149 -159 131 -87 -57 -127 -37 135 -193 22 10 -52 183 -182 -199 167 -62 21 -149 216 -179 202 -53 180 -109 -40 -157 31 -168 53 13 -167 -21 -89 -4 -18 201 -65 -50 237 69 -165 231 -197 -48 113 114 -183 -228 222 186 -96 -32 -195 -2 214 111 94 -116 -185 32 37 -224 -12 240 103 193 -102 -172 -81 60 110 -104 239 -225 85 -80 44 156 174 -36 178 -230 248 207 33 120 157 199 102 -72 229 -55 -219 -38 109 -244 -200 -111 -174 -248 -68 46 115 187 -237 134 132 -232 -128 -60 129 191 -24 217 -176 -153 -17 36 73 95 195 211 128 54 -204 -91 -171 -63 74 -124 215 -206 -218 -46 63 -166 -175 236 121 161 20 -28 -1 -120 70 -234 -141 61 -203 -162 40 -138 19 -249 86 -223 196 -103 144 179 58 99 119 232 182 164 51 -78 -84 96 2 -189 -42 181 -76 -126 -233 -113 -79 90 123 1 -119 127 -136 26 39 71 16 -180 27 -115 -11 106 -130 141 107 189 -184 41 35 -169 0 66 -201 83 38 -9 176 209 241 -163 175 203 29 8 136 -242 108 -107 -186 57 146 101 148 104 -129 92 -250 125 -214 235 159 138 -6 -54 -7 137 -212 -59 -187 -85 -83 -66 -247 225 91 -19 194 -75 3 81 -143 48 -213 68 64 -132 -170 -29 -190 184 126 247 -227 166 23 130 192 72 -70 228 -118 55 151 -241 224 -158 67 246 88 82 -51 -160 25 172 -14 43 -220 -94 238 212 -231 -134 165 198 -209 -245 117 -135 -22 152 -73 -226 12 188 -137 -178 118 -71 210 -13 -41 87 -58 245 -88 -49 -154 59 147 -181 -74 -133 -217 -239 -56 230 -44 -121 4 -208 -139 -31 221 155 75 78 -238 168 50 -35 -27 -215 -156 77 -30 -95 17 9 220 185 -39 18 65 -69 -191 153 -26 -145 89 243 52 -67 -222 142 105 -106 162 -82 -43 197 -8 -61 208 -99 170 -25 218 -240 -98 219 244 -90 79 116 15 154 84 -188 49 -148 206 80 -15 204 -112 -142 112 -114 -144 200 -110 -161 -131 -207 -147 -100 -5 93 213 30 -216 171 -229 -33 145 7 -101 -202 -92 -77 47 
TEST 78 ARG:92 85 91 239 192 58 60 245 45 -191 -198 -24 93 -64 -110 106 -113 0 219 -89 -249 220 -201 57 -77 198 124 142 157 -159 54 141 -41 -67 -42 -137 -167 -32 -226 180 201 4 -14 -43 -188 -2 -58 -75 -129 1 65 218 222 -218 97 82 -180 -207 -158 117 55 -224 -237 62 90 40 169 15 -217 -37 -211 -102 -72 -153 35 -91 -46 -44 24 -235 112 -85 -49 -141 20 -35 -197 -6 -76 33 98 181 -148 -222 -139 188 27 -51 51 -87 147 -215 243 71 30 -15 102 129 133 -219 162 -104 -194 -97 73 89 119 123 64 -84 -98 -234 -203 13 -8 234 -220 103 237 99 -156 178 18 154 155 -131 -128 43 -29 110 163 158 230 -52 204 249 227 80 -213 -178 214 -175 166 -50 9 -69 177 -138 -132 -136 -23 -238 -106 176 -86 39 -13 -79 -230 146 -150 81 49 212 17 32 -195 -107 -88 -101 -112 -34 -196 -214 94 199 -70 38 171 196 107 221 224 -57 -242 132 -160 -83 151 -209 -45 -185 96 -56 87 -143 -118 -205 -245 -176 19 -33 -60 -65 235 191 -116 -173 115 -177 -105 120 -190 -161 -145 208 -71 26 -25 -30 50 31 72 -38 139 -54 -73 -133 66 187 148 -5 193 -146 185 61 86 -127 -80 -200 -168 -123 215 3 -26 173 136 233 125 179 232 240 -208 -210 -93 53 135 11 2 189 202 -99 -108 -36 95 -182 -96 175 -246 -179 231 -62 -152 -12 194 68 -39 160 -66 217 -250 48 -7 -134 144 -233 46 -115 -120 84 -61 -95 -22 225 47 -100 200 113 -162 14 77 211 109 -192 -53 6 22 145 -174 76 -130 69 59 56 -122 -48 -125 228 -166 -126 -47 42 105 -78 -181 242 104 75 108 7 -31 -243 -82 -3 149 16 21 -187 183 203 -111 79 195 -225 127 8 -109 36 34 -165 -169 131 -94 -240 -204 -90 -193 205 236 209 -10 -55 -228 164 37 137 52 -247 -117 -236 -16 -103 -155 190 -221 -21 207 12 -11 241 -172 -17 -212 -163 167 -59 -147 44 -227 197 -135 -20 248 -124 88 111 150 -183 -81 172 -9 -114 -171 165 -164 159 41 226 174 -4 206 -199 121 126 10 247 -223 -157 23 213 -232 25 -40 -140 29 246 -74 -202 143 67 -19 -68 -206 122 -186 -151 156 78 -142 -119 244 138 186 63 -28 -63 70 74 184 161 -229 152 28 83 -216 -154 -1 116 -18 216 -170 210 -149 114 100 -92 134 -231 -144 -184 238 130 153 223 140 -27 229 128 118 101 -241 -248 -189 -239 170 168 -244 5 -121 182 
TEST 79 ARG:-161 151 121 -86 -162 181 248 135 -248 206 -156 -82 17 205 -244 -222 85 -143 -152 216 -129 -43 -203 -136 -214 -229 124 118 239 236 -47 -42 -196 -205 194 138 232 -148 150 -56 -48 -75 63 -24 -130 -1 18 -227 -113 80 233 -67 35 240 223 -216 92 -29 242 145 -242 49 -153 11 -64 99 22 -170 50 199 195 -189 60 120 -14 -107 211 -11 97 -5 128 75 12 26 -135 -17 41 -27 4 110 -51 46 2 42 162 96 -99 27 -249 -123 -19 -168 -223 -185 148 78 58 -213 -202 -232 59 -2 133 172 -68 149 77 231 -72 103 187 -45 213 -180 -85 43 -192 -89 160 95 203 33 -207 -62 -188 -175 166 -31 62 -247 147 -4 130 229 -155 -79 -90 155 245 169 153 116 141 -55 117 234 227 -179 -116 171 176 -181 188 107 126 -210 47 28 -184 225 -246 -145 38 -133 -137 175 182 71 -87 -33 228 -13 144 -7 32 -96 -40 -81 -157 -10 177 193 105 214 218 249 136 215 204 -66 -41 20 -97 86 -118 142 -234 -104 -144 -6 180 -238 -158 -187 79 -226 200 196 -163 -93 -212 -134 -199 183 23 -241 125 -200 74 -215 -194 212 -69 158 65 198 -125 88 -138 -28 -224 98 6 -35 -191 10 -95 -32 -250 -225 -22 -101 -124 140 113 -8 -23 -76 -237 -197 89 -53 129 -122 222 217 210 146 247 -102 3 -206 184 189 237 66 -142 81 163 -209 -120 -52 197 178 -235 -16 -60 100 37 208 109 -186 168 -164 -239 90 -21 29 -169 -83 -131 -112 139 -220 -201 76 -78 -71 51 -159 -103 -141 -177 -39 159 -150 -167 53 -18 -59 190 72 55 64 -182 179 167 -49 131 73 87 207 1 -88 -245 -172 69 154 -211 15 13 143 -108 -204 122 -193 -74 173 -178 104 220 108 -94 -73 44 114 -110 243 56 -233 156 -114 -132 102 123 -173 -25 -128 -195 36 132 246 61 93 -219 -3 -50 14 7 226 -160 45 115 170 34 186 -106 -166 221 -171 -61 -111 192 94 238 -98 31 161 -119 16 24 -46 152 -221 -9 -77 202 -34 -190 8 84 157 25 164 -228 82 134 52 -92 -105 -63 119 -208 -36 112 137 -91 -154 -58 -146 48 235 174 224 -139 -12 40 -236 -57 191 -109 -126 165 0 219 -30 111 -243 -127 83 127 -15 21 -121 -218 -20 54 -151 185 -84 -80 241 244 -231 -217 -38 91 -44 68 -115 -70 67 39 209 57 -54 9 19 201 -65 70 -117 -198 -176 106 -26 -240 -149 30 -165 -100 230 -183 -37 5 -140 101 -174 -230 -147 
TEST 80 ARG:196 -2 -5 -75 198 43 -197 71 135 114 34 -46 -91 -140 -237 -81 -38 101 64 -86 -210 -130 -105 -134 127 -32 212 -102 80 -71 70 159 18 192 -108 -119 227 -137 -155 30 -12 0 92 26 -183 -40 -79 -106 121 54 -4 122 -227 154 134 50 184 105 56 -33 226 -239 84 125 45 55 167 245 -139 178 -214 -145 -21 -230 85 -114 -161 -88 35 58 -236 75 -176 205 -6 -69 116 120 -166 202 136 234 -225 152 -177 -98 -30 223 57 142 211 113 -147 -15 2 -164 235 -96 213 175 217 -126 -238 39 185 -43 124 -121 199 21 94 -45 208 14 73 -196 246 144 -184 -171 -170 -125 -189 -51 -54 -160 -59 -124 74 -66 -249 -136 -242 -8 32 228 180 27 -207 -3 69 -202 65 143 -94 9 93 -188 1 16 247 141 150 -115 -149 -154 -138 29 240 3 60 49 197 214 158 -20 5 201 164 48 231 -44 -29 6 -93 210 220 -153 -82 -80 -135 140 -218 -62 145 146 -107 -187 -199 191 -193 46 -34 -159 -163 22 12 -49 222 -186 -178 -64 -247 91 -194 -169 -77 -203 86 224 -232 -231 95 -240 51 104 23 110 219 -174 -216 -73 194 -228 33 -87 -67 -180 137 119 -217 168 44 42 63 88 -248 83 77 181 -120 166 -60 28 -191 -48 -13 203 149 -129 132 -209 -143 -201 187 155 133 129 -179 -42 -83 241 -27 -37 103 188 97 -19 138 -84 -172 96 -11 123 -148 72 -235 -26 10 36 177 -128 41 -118 -109 -226 130 -200 20 -250 25 87 13 31 -23 112 151 -132 -50 -192 17 -24 230 -39 -58 -65 -190 -173 8 -74 172 163 209 207 -57 79 218 -224 -31 242 156 -112 -36 -156 -122 37 162 108 11 204 109 19 139 -53 190 -104 24 111 215 -162 66 -90 165 117 -182 169 244 -233 107 62 -175 -35 -167 40 -213 -131 90 76 -92 -151 -241 -22 -99 195 239 238 67 -63 -1 -211 147 126 -245 59 -76 -206 -7 61 -100 176 15 148 221 174 -111 -141 -95 98 -101 -52 -133 115 161 -150 99 -142 160 -168 200 -72 -55 -68 -10 -243 -152 -85 -103 102 -158 -56 193 229 128 233 -157 -144 -229 232 131 -9 -127 -234 -116 52 7 81 -41 -123 78 179 -205 -117 -212 68 -222 -78 243 -14 106 -185 -181 173 -28 82 47 236 -220 53 -246 -195 89 171 -198 170 225 206 249 -97 -16 -146 183 100 -70 189 -221 -215 237 216 -219 -61 153 -208 -165 4 38 118 -110 -223 -244 248 182 -113 -17 -47 157 -204 -18 186 -25 -89 
TEST 81 ARG:21 -159 239 17 -204 129 212 -229 -230 -224 98 1 86 122 -121 -98 -133 -119 124 209 95 156 214 -203 161 162 -225 229 -58 -36 139 -181 74 244 206 -201 238 127 23 -210 245 -163 116 227 -53 232 -174 59 -47 -118 -123 90 208 94 199 56 242 41 132 148 99 -65 154 60 138 -39 167 -57 -153 -113 168 69 -60 -238 195 115 57 97 235 220 241 -73 179 -168 215 171 176 216 25 -89 53 45 -17 -100 55 -79 0 -173 19 -18 178 10 -105 -154 -135 76 39 185 -185 218 85 77 137 -245 54 87 -239 -38 -219 48 -94 33 -128 65 15 -194 -197 2 -249 -170 -8 38 -63 -214 -19 -217 -226 -96 64 -46 143 131 -241 -11 219 -234 112 -29 34 190 66 233 -132 117 -10 -235 -106 -136 107 -31 102 145 -162 -209 -130 -147 -52 -207 225 113 -72 -131 96 -4 -122 -67 -41 4 204 183 130 31 -218 -27 196 153 -167 -37 -107 217 -151 -138 -7 248 -28 49 211 -54 170 -103 -193 101 16 -231 207 47 -148 52 142 191 111 -205 222 -90 -171 -233 205 -21 -6 203 -112 103 50 -150 -140 -117 -34 -93 -102 -62 -166 8 -208 -40 -92 20 189 157 120 213 -20 175 226 228 -188 234 -24 -127 -187 -32 79 231 -141 133 -55 6 -35 -172 -15 210 -223 22 29 -114 146 11 -110 -25 -16 13 30 61 -85 151 -146 43 -116 109 181 -192 12 236 63 -160 136 -111 149 -180 174 -9 -139 -86 -5 -176 -191 -101 93 3 -161 -124 121 -206 247 80 164 -108 71 -69 160 147 -22 81 -13 62 -99 -177 -70 -2 36 177 141 172 201 163 -144 9 -157 128 -84 -198 92 158 -78 249 152 78 193 -202 18 -232 -56 100 -82 58 230 224 -49 -212 -88 -149 -109 -1 -222 -186 -244 192 -43 -182 89 -126 -48 -247 -97 -199 7 182 -145 -158 51 202 -83 -178 -184 -76 180 140 -155 -179 197 73 -216 -242 119 -81 -12 -104 187 188 159 24 221 83 46 40 123 -165 -80 237 -250 -196 -26 -183 84 -243 118 -237 27 -190 26 32 -125 -215 155 -91 223 -115 -50 -30 194 -137 -236 35 -189 -44 -66 -71 -156 -87 -211 14 110 150 -51 -195 -77 125 243 -175 -164 144 -220 198 -246 -45 104 -59 135 114 126 -143 88 184 37 -169 134 -95 72 -14 165 -134 68 44 -120 246 106 -74 -200 186 42 75 105 70 -68 -213 5 240 -64 -23 28 -3 173 200 67 -33 169 -152 -61 -240 -227 -129 -228 -42 108 -221 82 -142 166 -248 -75 91 
TEST 82 ARG:-161 -241 38 174 -11 -211 -220 37 -128 -187 217 24 -22 18 51 109 150 143 231 163 62 -188 -8 -193 -92 166 -217 -72 232 227 -150 -163 169 -48 -228 -5 -19 22 120 79 73 196 -177 152 177 -141 -34 27 -10 123 218 219 -35 133 148 200 248 -17 181 180 240 -61 105 48 41 112 -73 -52 187 192 75 -112 -117 -200 -166 -123 157 -132 -146 80 -195 59 -169 -76 -42 64 -3 94 246 96 239 -214 116 235 20 -219 223 245 -218 -60 151 -103 -165 164 -105 -145 198 -70 233 26 -86 13 -233 189 -137 76 -171 -155 -32 215 52 -178 -222 17 -56 145 -238 4 -124 -192 -199 165 229 1 -159 -7 -59 -65 129 -85 162 131 -79 139 -96 63 7 127 -234 -20 -179 47 -207 -80 -89 -143 -39 -191 -98 -162 178 140 -240 -100 214 -16 -69 99 21 -43 44 -236 104 78 -23 -206 -95 237 -28 -239 45 19 49 -53 92 -197 87 206 15 -138 -106 -111 113 84 2 182 -181 156 193 241 142 101 50 72 172 -4 111 -54 -167 9 236 -203 110 243 -172 58 12 -170 -77 199 149 31 228 173 -176 0 213 -97 88 -18 -33 -91 65 -2 170 -157 221 -45 207 -136 -140 -164 -66 55 -107 -74 195 3 -153 32 77 160 -102 -183 153 -201 -37 -247 226 159 216 -104 8 -58 -250 53 -182 10 -71 190 97 -244 -232 -133 119 126 -202 -27 33 191 -184 -78 95 69 167 -190 -130 -248 -152 -88 -57 118 -122 -243 -12 136 185 -99 6 -94 -108 -21 107 106 25 186 93 43 98 82 -223 -82 81 -237 108 100 102 188 -226 29 -63 -227 209 147 -93 -13 -158 68 211 70 28 -148 -224 -209 244 137 -25 -216 71 234 179 222 -119 54 -186 201 176 135 -173 202 -26 115 205 210 -134 -160 154 -208 -51 175 -180 114 -83 -24 230 128 -113 -151 -114 34 -9 -50 -81 -242 -118 -40 91 183 125 -194 -245 -127 -6 197 141 5 247 155 -125 -215 130 11 -64 89 46 -246 -235 171 -14 90 -120 220 -30 -129 -213 -41 103 -31 -36 -44 -84 -204 -55 -121 86 35 -87 -175 66 161 168 158 146 -210 -229 249 61 -49 212 -144 -131 -168 194 -230 -174 208 -185 85 39 -149 -142 14 60 122 36 -46 121 -115 40 -221 203 238 -139 -126 -231 -75 134 144 -198 225 -68 -38 74 42 -135 -15 83 -196 -1 -110 -212 -147 -116 204 -47 -67 -205 -225 -156 -29 57 132 124 138 -101 -109 23 30 56 224 117 -189 67 16 -62 -154 -90 242 184 -249 
TEST 83 ARG:190 144 -146 -224 129 -164 -152 167 -134 186 -203 -91 -169 215 195 130 238 161 131 -92 -51 -20 73 63 136 -123 -72 -103 119 -16 -184 111 -159 88 117 94 -1 -218 199 -193 -206 -161 -97 175 -217 139 60 198 85 23 -223 -142 -137 -35 21 -207 -162 -61 22 133 -221 -62 154 -19 151 -108 51 -104 223 202 -12 6 234 -99 -8 80 -210 102 56 -120 194 -121 -109 -182 197 -195 245 7 -212 -166 29 9 58 247 210 -173 104 95 -112 59 -60 231 50 -52 -64 166 87 -236 -23 -135 -49 53 41 -208 -63 -147 -170 -107 -196 67 212 103 -183 -204 -80 -250 -149 -240 46 -199 66 79 -229 -158 52 -181 181 -13 -237 -95 -14 106 -84 -39 -26 -191 163 -2 55 -114 165 -222 -211 214 25 -139 120 169 -105 -58 90 -177 -163 14 135 -33 219 16 83 -140 158 141 -136 -226 188 230 48 236 -243 185 239 209 -65 224 2 -150 -53 26 205 42 45 12 -171 -219 -79 -192 -151 -78 211 -168 207 -83 -56 -143 208 227 128 206 -180 156 229 -233 78 62 89 -44 93 -213 213 179 140 76 11 37 71 148 146 -231 -126 70 -214 -197 -27 18 -172 171 126 40 -248 15 -200 174 36 47 10 109 -227 92 0 -198 86 162 221 5 -88 -145 -29 -234 -10 65 -153 31 -59 -194 -238 118 246 -244 -36 -102 -70 113 -66 -205 27 20 -9 -67 -87 -188 134 -68 233 200 -6 -81 228 -230 74 -110 84 -118 -187 -22 105 184 160 203 108 -45 -232 -239 -117 -71 35 123 -69 176 -3 -76 201 69 34 -85 -77 -124 -101 -185 44 -57 -133 -73 240 17 32 -115 -246 -86 -247 112 180 -220 33 19 243 13 -43 -41 142 159 -178 -40 150 -32 -215 -186 -15 -165 218 244 116 232 -131 182 -202 38 193 8 28 115 -154 -82 138 91 170 -47 248 -94 204 75 43 -48 30 -175 178 -5 217 -216 -111 -7 153 -50 137 -148 -89 220 101 -156 -25 -74 -129 -11 -189 39 -28 -130 152 98 237 -37 235 -176 99 249 143 192 -128 172 -209 -201 -54 147 114 -24 121 4 -157 49 196 124 77 -34 -190 -4 149 177 -225 -160 -249 72 -30 -31 -141 216 -116 122 191 -96 -228 -138 242 54 107 64 96 24 -55 -155 189 -106 -242 -21 -241 -235 145 3 110 -144 -17 -46 183 82 173 57 132 168 187 127 157 -119 -38 -122 155 -127 100 97 164 68 -113 241 -93 -132 -90 -75 -98 -18 -42 125 -125 225 -167 -179 226 1 -174 222 61 -100 -245 81 
TEST 84 ARG:161 229 70 -228 -21 143 60 129 -115 -143 -40 -127 133 241 132 -42 -26 29 153 -154 32 -213 -235 -95 155 -41 100 -162 -11 -91 -82 -107 -102 23 -2 108 -212 -37 -150 20 -161 -137 -160 -15 159 58 34 67 3 -133 174 181 -237 124 68 78 -234 230 157 -69 -170 18 -218 24 147 206 -108 249 -233 200 76 11 216 -211 -151 -148 235 136 118 220 77 39 170 -159 197 -76 -122 210 -111 66 -216 -93 238 -220 17 103 -225 148 231 -14 -202 -192 -138 180 -43 -123 121 234 -146 -10 4 -195 92 208 64 -224 151 -248 -142 -100 223 245 -53 140 30 131 -198 -221 -1 -86 75 -67 -4 48 94 185 -188 36 -158 146 6 177 -204 -238 -210 158 204 -130 -17 150 -5 -181 137 -3 -167 -30 111 -61 -242 -141 176 -165 -66 169 -18 93 239 -74 1 -118 243 205 -175 233 198 227 142 -145 -140 209 87 -85 -199 115 33 99 -54 172 178 10 102 -124 215 72 80 -215 -166 -157 53 -171 -153 -47 -88 126 168 -126 109 117 -73 106 -190 -84 61 114 -80 184 110 141 -9 107 -214 211 81 -6 232 -232 -51 -36 -110 -78 202 163 164 -22 49 37 186 -101 -246 -240 -189 -244 166 101 171 192 -117 -56 -156 -174 -23 -163 -205 212 189 -226 -7 -46 -229 88 -119 -25 207 -172 -206 -201 -207 224 213 191 74 84 86 128 -38 8 -58 -104 14 248 193 -106 -60 97 -196 135 -164 -217 228 -236 183 219 -57 12 35 -59 -75 98 -16 9 -8 173 156 -50 -90 65 196 21 -182 122 -230 112 28 -250 -134 -219 -222 -129 50 179 -209 56 134 -71 -32 123 162 -98 95 13 -178 201 -187 -208 -200 -96 -177 -28 125 63 73 -227 130 71 -186 -35 -120 27 -247 152 -48 -63 -114 139 -68 -81 -249 -12 90 144 -179 -72 -77 -49 59 199 237 96 52 -44 -149 -55 119 -116 51 -147 -135 -144 -94 218 -87 40 -125 0 246 69 26 41 -194 244 -223 -89 45 236 54 154 -65 -168 194 -27 42 46 -121 -245 5 -99 -79 149 55 -52 -92 -70 105 -131 -183 38 -191 16 188 -105 2 -83 -31 -112 47 217 -103 89 -176 -136 25 -239 -169 62 222 -19 195 -97 165 19 160 -243 -193 -197 -152 -203 182 187 85 -180 82 -45 -132 240 31 -109 -62 127 -241 175 -155 91 -128 7 -113 226 203 44 225 145 167 113 -20 242 -24 -231 -29 104 120 -64 57 83 79 247 -34 -185 221 43 -39 190 -33 -184 -139 15 138 -173 22 116 214 -13 
TEST 85 ARG:43 74 148 145 -213 173 -228 177 34 4 -72 99 -154 21 51 89 130 -74 220 241 65 -36 84 238 22 249 -41 -170 -216 110 63 125 117 -190 -128 -189 231 -112 -176 15 -148 -75 116 -40 124 188 -183 -57 7 -23 -208 14 230 136 149 -233 153 46 75 167 -107 44 -173 -166 206 -67 -6 -56 72 -158 122 -186 77 150 142 -104 139 171 202 13 11 80 -89 -31 -14 -114 236 -221 56 -153 -169 -244 5 211 -123 162 221 -234 -135 42 68 41 -182 28 172 -151 -116 225 3 200 -26 -120 -249 208 -91 20 -35 -58 240 -77 86 195 -188 -39 0 -11 -119 -132 -152 1 129 -109 -52 52 -175 -227 107 -225 189 24 -4 -16 169 -87 -38 168 -19 -92 -242 104 233 140 -209 237 198 -150 160 154 -88 146 -164 229 -211 -172 161 -62 17 -226 -239 157 181 -108 61 -218 193 -101 134 213 -214 -44 2 -231 -149 -24 94 -68 214 -95 -30 -212 92 175 -20 -100 -9 235 55 93 -167 -54 143 133 -246 -70 187 196 -248 -21 190 215 -5 199 -102 128 182 50 -207 6 -220 8 -177 32 183 -13 191 112 176 -103 155 16 -237 151 -10 -50 -137 -163 71 66 -111 -22 62 185 111 -131 -217 -43 -124 -127 95 243 -204 126 -219 184 -93 248 186 29 -86 10 -229 98 81 79 165 -165 -117 -162 -247 216 -147 -196 53 -142 -98 -171 -168 57 166 69 -71 -160 174 -79 54 87 -224 203 159 -46 59 120 -174 -49 218 90 64 -28 -83 245 -181 -193 -33 -180 96 212 138 33 135 30 19 -34 -96 49 227 -18 209 141 102 88 27 -141 -66 35 91 -198 -130 152 228 -245 -145 38 156 -15 -129 178 127 109 -179 -65 232 101 -138 -51 121 -191 -53 -42 -185 -84 58 23 -59 -110 179 -156 -90 -99 113 204 118 18 -155 -61 -125 -241 -202 47 -17 -184 73 222 -97 170 -223 163 83 115 -7 226 -203 -3 -63 -126 -94 9 119 82 -81 103 -113 -194 25 205 -80 -197 223 -78 192 217 -140 239 -25 147 -106 37 -195 76 -199 -105 -178 244 85 246 39 -250 -210 -37 219 -27 -243 132 -200 100 -32 -73 -115 -82 201 131 164 114 48 -232 70 12 106 -206 36 -134 -146 60 -205 78 -144 -8 105 -55 -240 -215 -48 -118 -122 158 -69 207 -192 -238 -12 -236 194 26 -187 -157 108 -161 -1 123 -76 180 -235 224 -143 31 -45 -2 247 234 -64 97 -121 67 -139 -230 -201 40 -133 197 144 -85 -29 210 -47 242 45 -60 -222 137 -136 -159 
TEST 86 ARG:9 56 -15 233 -69 203 158 132 -182 -241 -20 22 -179 42 215 180 -171 -213 -5 -133 -100 136 -47 -52 -113 78 106 208 -201 -48 229 -14 -110 224 -174 -236 -207 55 -27 141 19 122 -120 -202 89 31 170 -26 -226 237 117 -214 14 -34 33 51 138 -64 -218 23 17 131 -86 3 18 186 209 -4 145 24 -225 198 -233 67 244 -188 -167 160 48 -243 -122 166 -103 -178 -211 137 -71 5 34 21 -31 -73 -36 -238 -28 159 -75 84 -205 -249 144 -146 47 -38 135 -197 -152 -87 -158 -91 105 -206 -232 6 90 -60 -150 -67 -141 -117 -221 171 206 -2 82 210 199 -95 83 -74 -166 -8 -154 72 1 69 37 101 -222 -41 184 -101 118 38 93 241 -39 -57 -193 63 -45 -135 157 85 -194 232 207 -21 125 214 -199 -112 163 -11 216 -184 148 62 221 -102 54 73 142 -209 -126 43 243 124 -172 103 240 223 64 -131 248 88 -111 -159 -105 75 -219 -108 -49 218 -196 29 236 -93 -190 -212 195 234 167 107 -32 238 -130 92 -195 -147 -136 -123 -244 -78 28 30 -42 10 60 175 181 182 -65 -245 116 -143 196 -121 -224 110 -177 25 -246 -223 39 -127 -54 -155 109 81 178 -43 -228 -17 -82 -55 205 -30 154 -132 -125 239 -18 96 149 -90 -66 -129 -138 41 -187 -240 -107 12 -98 -94 -164 59 225 -203 113 190 245 -37 128 -81 -114 191 108 0 -68 74 143 147 -63 -161 -119 227 174 -116 230 2 176 49 217 -148 -77 -139 -106 -12 161 -61 -84 -140 -170 7 -185 219 172 53 -215 77 15 -109 8 -237 -230 27 -46 -145 249 -163 130 -96 -157 139 -3 99 -137 123 57 -6 -99 -189 26 177 -88 133 16 -176 -53 -229 -247 140 168 226 -151 -162 -62 -10 -234 -181 102 183 -40 -115 192 -80 -44 188 -124 -173 -9 52 220 -198 -89 80 40 -160 -33 104 -83 -134 46 -128 68 -118 79 -210 -97 -1 151 201 228 -16 -25 153 164 -156 87 150 222 -175 -76 -227 152 169 95 58 202 126 -35 86 -231 36 -183 -217 76 -70 -92 189 121 119 179 -142 247 242 -23 20 -165 11 213 94 -104 -168 -85 13 35 127 185 -56 -208 200 -58 -216 115 246 -29 114 -186 -248 204 -72 -50 97 -191 71 112 193 32 66 -13 -22 -192 -180 120 70 -149 -204 235 -153 4 -220 156 173 65 98 212 44 162 129 155 111 231 100 -7 197 -24 -250 -59 50 211 -235 91 -239 61 -169 194 -144 -19 -51 -200 165 -79 -242 45 146 187 134 
TEST 87 ARG:-177 -4 -229 -193 71 -73 -65 -141 126 148 -108 230 79 -155 96 235 190 -149 -214 12 -181 -87 228 -43 -54 139 -167 189 7 43 59 -153 -49 -154 -221 98 187 -101 -56 -232 241 -99 199 -114 -51 -207 192 64 -131 -105 73 -211 -226 -235 6 56 -22 -137 19 57 -222 136 -75 -116 124 -46 -72 -201 -146 161 208 4 146 -213 -156 103 -81 -199 -16 210 -132 -250 249 -68 -79 22 102 119 -31 -100 -240 41 58 -239 62 11 -158 227 -205 -233 47 -10 -204 80 -182 170 -95 -231 37 -26 -218 195 -247 105 -216 -86 93 -121 -93 77 27 -69 -203 -107 -9 109 -109 30 -63 46 -74 -113 24 60 -246 -42 -224 -38 25 -157 -124 35 181 -92 231 -245 -32 -134 -215 129 154 -164 -13 -135 99 211 -166 -123 221 107 -127 134 18 65 -138 1 -196 50 171 155 -243 2 116 -2 143 -184 92 -76 -37 55 176 85 236 -120 194 86 40 -14 -126 -180 -133 83 177 -145 -106 -183 -227 -110 -96 -53 -237 -80 202 214 17 -57 188 -186 233 -175 205 -23 -148 39 111 150 -83 -234 91 -25 240 -230 10 70 -40 8 -59 -118 127 -248 212 -17 9 -176 175 -130 -28 -64 -228 75 -152 248 159 -142 185 -98 44 -185 -36 216 26 -8 49 162 -161 110 -178 -66 186 -70 -33 87 206 242 -179 53 -241 -209 -44 220 -140 108 112 78 94 -91 -198 -225 16 226 -162 -60 125 -21 133 63 54 178 90 34 -18 38 95 215 203 -111 239 -136 81 -82 67 -24 -62 113 122 168 115 42 -41 21 31 -143 -58 -128 32 -45 15 179 -19 68 -172 -163 121 -20 23 -3 -151 165 153 104 118 -159 140 48 222 144 149 -103 -47 45 72 -150 76 191 117 164 237 174 -189 200 -217 131 -78 167 52 -30 -5 88 157 -55 -12 -129 -170 193 138 -125 -202 -208 123 128 -171 173 -144 -27 232 158 243 -119 -15 14 219 198 -52 66 234 -97 -48 183 -39 156 152 132 -197 245 238 -210 -147 101 182 204 -29 61 -102 169 -88 213 135 74 224 -169 13 69 -191 114 -94 -6 225 -212 -174 -200 0 -206 -165 -11 -192 -236 3 -117 172 28 -194 89 -71 -112 97 36 147 180 -168 5 229 -122 207 -1 -89 120 -249 82 197 160 137 -160 184 218 163 100 -219 -85 -223 -238 -34 196 246 84 33 244 -195 130 -84 223 20 -67 -139 -190 142 29 106 145 -242 51 -187 -50 -244 -188 -90 -61 -77 -173 201 217 151 -104 247 209 166 -115 141 -35 -7 -220 
TEST 88 ARG:-84 -2 -216 217 15 -129 188 49 -164 237 -8 -139 -134 77 63 -96 103 -158 224 44 -15 156 162 94 163 194 -249 184 212 78 9 198 131 -241 -40 -242 -43 -49 -92 7 177 -193 167 164 -174 -163 86 205 22 140 73 -197 -202 54 -117 215 -44 128 19 -87 -48 12 -19 176 134 24 28 100 116 -165 -24 218 -5 183 -248 -183 -85 144 -246 14 47 4 109 -112 76 10 175 55 -186 58 -38 -47 160 135 -175 142 -171 74 18 -161 -68 -135 -119 35 227 -240 -209 231 234 104 -126 -123 -20 -188 68 233 -146 70 247 -64 -35 -245 230 -98 206 -190 -76 -3 149 -217 71 219 -25 -239 201 -196 -148 -125 -155 228 -225 87 -32 20 31 -7 -150 -115 -27 151 61 -82 -14 95 36 -219 102 -167 -127 16 -63 222 -37 -73 -138 -18 82 -169 245 -215 41 -58 195 115 29 -1 -74 51 -12 -90 -231 189 123 53 152 223 -122 42 191 -131 52 -75 -91 155 -11 -153 -22 -17 -81 -207 159 193 138 145 -104 179 137 114 -83 220 203 -250 48 72 207 -208 13 -29 -221 79 45 186 5 -192 246 -120 -128 -113 244 -220 -223 88 119 -199 -88 -9 -105 -116 -189 -66 148 -232 50 200 -121 1 172 197 -229 -214 -154 66 126 -72 229 -130 -157 -106 84 -10 -213 127 -4 -200 -177 106 101 -145 -79 153 -210 -67 187 169 161 130 -45 -52 -54 -198 -143 -191 -176 40 181 43 -86 -16 -156 99 192 -178 -107 208 67 -103 -230 180 -59 -227 27 -94 64 -211 -99 139 110 93 26 33 -57 238 -187 -133 190 -172 -78 136 -23 60 -173 97 239 23 211 -244 235 -141 46 146 143 -226 -140 150 -212 -41 -100 56 122 225 89 -56 -203 204 30 -110 -243 -247 249 83 -147 -142 81 -168 -51 -80 112 174 214 236 96 216 107 0 69 178 -70 -6 34 -60 -184 -102 196 -233 -111 -236 -160 -136 -144 -181 90 -170 111 158 -195 -71 199 171 221 -204 65 -114 141 -61 170 -222 -162 113 -118 57 91 226 -93 11 21 240 38 3 -28 -206 166 -224 59 75 -77 147 -205 -26 157 120 202 25 -33 -13 -152 182 125 213 80 -65 -194 121 -201 62 133 243 124 92 -185 210 -149 37 -234 -101 -124 8 2 -50 248 185 209 242 39 17 -39 -179 -42 -235 -30 -151 -228 154 -53 -62 132 -109 -31 -238 -159 117 -237 -97 -180 -89 -182 241 -132 105 -21 85 118 173 -108 -137 232 6 -166 -95 -69 -218 32 -55 98 168 129 -36 165 108 -46 -34 
TEST 89 ARG:34 -140 53 -227 47 -29 -26 155 166 -50 -217 -233 -82 -74 118 249 214 0 182 64 -225 218 -20 199 -10 -32 36 145 171 -39 123 162 248 -173 6 -121 141 -21 41 230 92 175 202 213 -141 52 -7 235 71 209 -107 -175 101 -49 20 159 -131 137 -219 170 -145 -208 -129 31 -148 95 -3 -71 -11 -52 196 150 142 -93 176 -157 105 -226 1 217 233 180 206 228 -130 84 148 -30 191 103 -23 -9 -63 135 -16 -28 210 -244 127 -24 133 168 172 219 29 165 138 -125 117 -200 -155 38 -144 78 -122 86 -229 -150 -126 -169 205 57 -41 238 154 -135 -138 -51 207 -98 -87 100 -174 -46 -184 -171 -97 -100 72 247 -8 -132 -35 -119 -136 225 -215 -220 -81 -116 -78 10 23 216 211 152 -158 -22 -228 -108 215 157 13 75 42 -37 201 -164 243 -153 -206 -137 -216 -94 -90 -152 146 -209 132 231 130 -232 63 131 -231 15 -239 9 241 -166 -73 221 4 189 -76 -163 58 94 -14 -223 -222 -230 -188 48 -80 -68 -65 -168 179 224 7 24 -86 3 104 25 186 -123 -62 76 183 -238 -117 88 -66 -248 -84 82 19 -212 2 -243 -142 22 204 44 -246 -89 59 195 -101 -67 -218 -179 -4 32 122 -241 -207 174 -109 -193 91 108 139 126 62 -139 -18 -176 124 156 149 -224 56 50 203 163 -105 239 160 136 -27 -25 -12 220 35 -79 -36 -250 -106 184 -58 -162 16 -214 129 222 212 79 87 21 12 -183 99 223 232 -128 169 -177 14 120 96 27 -249 111 -149 -192 -221 144 140 -172 -102 18 45 -59 43 97 5 112 190 246 102 -147 128 28 151 55 -213 -202 116 -194 237 229 -111 30 119 -178 83 -61 161 -56 240 61 -151 -5 -154 -17 114 -159 -115 226 164 -88 -198 -1 125 -211 -103 -43 -120 244 -196 -161 -165 -96 -204 51 113 -99 134 197 110 -247 -236 -40 33 188 107 69 178 194 234 -182 90 158 -197 -235 -72 -187 93 -69 -114 167 236 -77 245 -19 -55 -240 73 70 -134 -53 17 -104 39 -191 -34 -180 -245 -118 60 -60 74 -57 -2 65 153 -181 -170 77 -42 192 115 11 -210 -44 37 -127 187 -95 -54 49 -143 85 185 -64 -195 -38 68 -33 40 -110 -83 147 81 -160 -234 181 -85 67 -112 -70 193 -203 200 46 -205 -75 -113 -156 -167 8 242 -185 -201 -31 -242 177 -190 -92 -15 -133 -6 198 -189 26 208 173 98 -13 80 121 89 -199 -48 -146 -237 54 -47 106 143 109 -124 -186 -91 66 227 -45 
TEST 90 ARG:147 -91 193 -248 38 196 -148 108 185 -113 -145 -234 103 134 35 181 -117 70 246 -62 -31 -33 43 -181 -142 128 237 -203 119 -10 -53 -226 -8 -191 -236 -241 50 53 9 139 -140 158 175 80 -216 231 -175 -39 124 -205 -100 -160 -218 -42 72 233 102 197 41 -26 -215 -189 75 -228 -196 143 -46 -34 -17 208 -57 244 153 3 191 213 -126 12 64 -238 -143 32 100 -201 -168 -124 -174 82 79 -195 -25 -19 200 -121 136 4 -120 -69 227 242 -229 -125 86 23 -193 -144 240 48 -237 89 -72 -182 58 -5 179 -208 -220 -78 -157 198 177 57 -213 109 15 -114 -244 174 -158 -217 -92 182 243 -29 49 -74 -206 -231 101 -141 62 25 145 39 -16 96 -104 -35 71 -43 -30 -154 -47 152 -14 122 -44 -108 -132 149 206 -38 167 0 -210 138 173 -224 112 -88 77 216 192 -247 -188 223 -71 2 -176 106 -187 -167 74 221 34 -77 76 -45 -116 114 14 -75 -128 189 17 92 -151 -139 194 -171 -87 94 -199 18 116 131 222 21 47 162 -243 -138 241 -23 27 -32 -146 -66 -105 -186 78 -65 90 45 -84 30 -134 -82 22 127 -239 -172 -50 52 -52 65 8 -204 67 105 -198 -36 42 98 236 -178 178 159 171 -63 -219 163 -12 115 113 238 148 -223 -249 -61 -4 135 -163 -3 -242 210 217 -166 -250 1 -7 87 184 7 129 130 -79 228 -122 -112 226 125 104 83 212 -56 -95 31 -232 160 180 -70 -81 -130 -22 140 33 -64 13 -190 249 -68 -240 248 -185 -24 -55 -59 -235 61 154 -202 -110 132 151 225 -197 -221 -106 60 -170 -194 -98 40 36 120 51 -149 -83 190 172 204 -94 5 121 195 37 -103 -131 -93 -161 211 -153 141 -99 99 176 235 183 146 -152 85 107 -2 -40 69 164 -85 -180 -177 156 -48 -37 202 229 155 -246 186 -169 -147 -133 -15 220 91 46 11 -245 -209 -123 234 161 -162 68 -227 137 142 110 66 165 -96 -165 -60 -1 -159 245 187 -212 -54 -107 -27 118 -192 -111 -58 -11 -118 -51 -207 -20 230 95 -214 201 -9 -86 219 133 239 97 44 215 -49 6 24 -179 -80 -150 10 -225 207 218 -233 150 117 111 144 55 73 169 -184 -222 157 -67 -89 88 -164 19 224 232 123 59 20 -90 -156 -73 56 -97 -127 -41 84 247 -230 -173 -135 209 203 -109 168 188 -28 -137 -6 170 29 -21 -101 205 63 -119 -200 28 -136 166 -183 93 -115 199 -13 54 -129 214 26 -18 -76 -155 126 81 16 -102 -211 
TEST 91 ARG:67 168 153 77 51 -8 -223 174 238 11 -81 247 137 -231 -25 -92 224 -126 -28 -16 106 195 -19 -72 -137 180 207 90 -96 -170 232 -185 246 -33 -130 -10 -20 84 -224 35 -2 27 -186 210 -134 157 188 -174 159 -91 -80 -167 204 103 96 -173 45 -160 -158 -204 -187 63 -165 -248 -139 -3 -94 233 115 237 -17 -225 -171 -197 -89 10 -87 -177 -71 -21 -246 -102 -156 18 -103 -75 244 -53 -131 110 111 -212 14 -214 -38 -35 -221 -196 -149 55 -37 191 37 -42 -12 200 146 -226 144 48 -155 -46 -93 -180 6 167 -179 -120 22 242 78 -32 172 215 -136 -200 0 3 -82 -40 9 139 -76 -54 -237 216 43 82 47 -239 187 -235 -116 -234 -159 120 -230 -13 199 -36 128 197 56 39 -151 179 -5 -144 24 -83 177 31 -249 -113 -188 -43 -228 -146 -27 72 -199 54 -232 58 -193 218 -198 -216 129 -97 -240 4 205 202 223 23 122 21 -52 49 5 -215 -60 231 -108 28 -90 116 -162 228 -218 -227 -205 108 213 -191 16 53 -48 -206 99 -63 -88 -15 97 -141 -114 196 -135 170 183 243 -61 -210 -6 91 20 41 -208 -14 -55 -69 117 30 245 206 70 107 34 64 212 118 73 -128 109 -147 154 147 -117 -220 104 -62 -241 151 -189 217 102 169 95 -166 201 40 249 208 236 -142 -34 -217 100 71 -236 209 203 52 -7 136 93 81 7 112 92 134 60 42 57 -95 25 -47 -178 -30 161 194 13 17 198 -106 -122 -233 -112 -31 140 -161 -243 46 163 -129 240 220 -143 38 74 150 -183 -41 138 -115 29 133 105 162 123 -101 86 94 142 15 -219 182 8 176 -202 59 66 -49 248 -125 -133 -39 -78 -140 -168 62 -175 83 98 -190 -195 -4 -201 -152 127 -24 135 181 -51 -154 193 -64 -58 -84 -11 -59 -192 89 -68 -118 239 166 214 61 -238 -176 155 -209 -65 143 -153 227 -23 178 226 190 113 -67 -29 164 75 -110 -119 -104 -184 211 241 -194 65 -169 87 229 -9 33 235 50 -247 -26 126 141 230 -109 -121 149 36 -242 -211 79 186 -45 -73 -99 -50 -77 -182 -124 -145 -157 219 221 -1 32 160 -229 -222 -70 185 -148 -132 -57 -164 165 189 148 -107 -150 76 12 -250 119 44 114 -245 -44 -207 125 130 225 -22 69 -123 85 -98 173 -127 -56 -74 -163 124 -244 131 -66 1 19 145 222 132 -181 158 -138 156 121 175 -18 101 -79 -105 -213 26 -86 171 -85 80 2 234 -203 184 -100 88 192 68 -111 152 -172 
TEST 92 ARG:178 56 244 71 237 -192 158 -206 -102 -131 -33 -175 12 -168 103 165 73 -220 -209 -147 222 -152 171 -198 116 156 -88 59 151 -113 -84 -12 243 10 157 -181 -109 -68 -239 31 144 65 133 148 47 83 120 48 -146 -148 -208 39 -63 -200 109 -94 4 -39 219 245 201 234 80 57 -37 43 -74 162 -202 7 110 125 -5 185 175 -93 92 -7 -167 -243 51 220 -157 -79 -111 91 -30 232 -138 -236 -214 153 -230 -136 -141 -85 167 11 -173 67 150 -133 19 198 -23 -137 27 161 122 37 -186 84 -233 249 126 238 166 -187 -15 -174 210 -184 -177 -126 -194 -32 -244 211 182 -121 -241 97 -211 -247 123 21 183 -3 44 -218 -130 32 14 247 28 -50 8 66 22 63 -20 -224 68 189 117 15 -204 -149 192 -135 179 136 101 60 108 227 -89 240 -82 -45 -249 163 176 79 -57 207 13 190 206 121 -128 -144 113 2 1 -158 62 -14 -142 -145 134 128 132 -155 -120 38 30 -59 -132 112 89 -160 -107 233 -43 -40 -36 -1 208 -183 -165 -17 -221 242 17 -53 204 235 -162 152 -123 29 224 -228 -8 191 186 205 -44 20 135 124 82 -98 236 -125 -47 111 168 -185 202 -26 78 -163 195 -166 130 -171 -9 -28 -161 61 131 -80 94 98 -55 -117 -229 -205 155 -151 -217 -176 77 -110 -101 -56 -38 87 239 188 104 -235 226 95 -13 -65 -127 42 -104 215 23 -216 174 -71 228 -116 115 173 -6 45 -140 -92 -199 -103 -213 55 -246 -66 145 209 -105 -212 -76 3 -70 184 141 33 160 -248 -250 -42 -143 -52 187 -215 -234 -191 -86 196 99 139 248 26 -24 -227 74 -223 -18 146 137 -51 -237 16 -62 143 -178 36 90 -4 -25 9 -73 70 93 169 114 -21 164 -193 -2 -29 -72 -242 223 -159 -83 -58 229 -48 -115 -34 -188 119 203 100 -61 -118 193 -195 138 -97 -19 -119 -16 -112 -67 -139 75 -54 -189 147 -156 -172 -87 64 54 -10 -90 -96 -95 -231 50 106 -240 -219 40 221 -11 -49 -91 -134 18 127 -170 41 -124 -60 -154 -232 -222 159 -197 52 200 6 -182 -22 -164 -203 81 -106 -180 -100 212 170 140 177 -179 49 53 -225 217 180 -122 -190 69 -75 -81 142 -150 -31 197 -169 129 -196 154 35 230 -153 -210 102 -129 72 194 25 107 -46 58 213 -99 218 24 149 225 246 199 -27 -238 -35 -41 -207 34 86 105 172 231 -108 85 5 0 -114 118 88 216 -78 96 241 -201 -64 214 76 46 -77 181 -69 -226 -245 
TEST 93 ARG:-26 242 237 245 -218 179 -248 33 -145 77 196 102 204 101 -168 -36 -246 166 -130 172 174 -213 128 -185 -115 120 -227 201 -180 89 -114 12 -152 98 -91 170 -200 187 6 231 49 -188 -201 -28 -54 -239 113 219 -225 167 -49 183 119 212 150 -238 221 8 239 75 156 15 -194 90 -187 60 45 -103 -184 -231 173 202 241 114 -55 -118 227 130 23 -216 143 154 -126 -104 -67 191 141 32 117 246 -22 -211 -193 20 -166 -79 144 4 -249 -232 111 -175 -147 67 115 -178 -86 50 -172 3 92 -176 -78 61 142 -125 -35 -24 63 210 169 -204 -107 69 -120 -164 -15 -5 -46 -167 133 21 -245 225 -21 87 -148 -173 -87 53 108 -2 54 -205 -139 71 -215 -157 -226 105 -243 -96 -38 -59 28 -234 -241 -171 -247 168 132 -209 91 -140 -13 -14 -30 41 -196 -47 35 -89 -186 -121 -229 48 -20 -109 -33 139 55 86 73 -131 -69 177 -27 122 -141 206 -117 -58 195 47 -144 162 248 135 -108 81 213 -95 -64 -224 59 -154 9 220 194 -222 189 -151 -63 97 94 -62 161 1 -23 -181 155 52 -142 215 78 27 110 104 188 -136 -6 29 25 -160 -56 -162 -129 233 -106 26 -119 -88 -19 36 116 192 205 -94 -132 175 -156 146 -25 -57 -137 -34 -99 186 30 -9 -113 -163 134 163 -44 39 171 -84 42 -8 88 -50 38 -37 79 129 153 -76 243 209 -1 240 106 31 197 223 200 34 66 152 -4 -98 118 190 -92 -158 -233 198 193 -250 99 -111 58 57 -65 185 76 125 80 100 -77 147 165 84 158 203 -123 -195 17 182 -93 236 13 178 226 22 -40 -206 149 -70 218 -182 -192 -199 62 -230 207 148 138 -138 127 11 -207 -71 68 2 -39 -85 121 217 -159 -150 -189 -174 208 -170 -16 0 176 24 -198 96 160 -42 40 85 -112 -110 -165 -32 112 -223 10 56 -210 -12 82 -10 -52 -73 -80 -72 -135 37 131 -43 64 229 -45 -146 -17 157 232 14 235 -74 -169 164 -221 18 -11 -190 214 -191 -124 103 -235 216 72 -197 -212 124 211 -83 -179 -66 224 126 65 109 -203 -240 -48 -155 123 159 -60 -116 51 46 -183 -217 -53 -82 43 -237 5 7 244 -236 -122 -220 -134 145 -143 247 107 -105 -101 -18 137 -208 -100 -97 180 -214 151 -127 -153 -51 -128 184 136 249 -177 181 -219 -61 16 -149 -228 44 -81 140 -102 230 -202 -41 -90 -3 74 -68 238 -161 -7 93 222 70 -29 19 -242 95 -75 -31 -133 228 234 83 -244 199 
TEST 94 ARG:181 197 75 -242 38 -4 -94 -212 -240 -171 141 -73 -172 -10 10 -175 -120 -32 58 -52 54 -57 30 43 -5 -207 109 91 28 -77 -58 133 -188 9 -11 217 65 -50 169 -250 39 -67 -191 -98 -227 -95 180 -102 -37 66 72 59 -65 222 -51 164 -157 137 -3 68 0 132 229 -14 -110 -31 -189 -129 -248 127 237 198 92 248 -121 -229 -68 -42 -74 249 177 -205 166 -115 -16 241 240 -69 136 -12 -123 -228 209 -192 238 -216 48 16 -168 144 -2 203 186 -116 -149 147 45 192 -236 -28 -18 146 -33 -107 -81 129 223 214 78 205 15 121 -142 63 52 -88 73 142 -62 170 -13 -241 -158 67 -83 100 17 159 74 -153 40 179 145 242 -141 178 77 -182 -22 -106 -80 124 62 115 -162 -39 -1 -213 117 152 -54 -89 42 -23 -87 3 -186 -193 -173 33 230 90 233 108 89 -165 -21 53 -163 -138 104 -75 -169 247 -183 -119 -86 -167 -166 -15 -154 20 -131 -232 139 -96 -230 212 -26 -184 184 88 -156 -133 168 172 153 -211 -35 243 -243 176 -70 -246 36 -59 -147 -177 8 173 -53 -90 -143 218 81 135 -108 -146 51 -8 -25 60 201 70 211 130 -203 5 82 -130 -114 -105 -91 -118 -85 -135 -55 118 18 106 189 56 -36 31 191 71 -198 94 22 216 -124 -196 -41 -217 158 -226 -44 -201 208 102 96 228 111 150 232 -46 41 -206 -101 183 79 55 7 87 -170 -113 83 107 119 155 -132 4 -126 195 19 99 -185 225 -76 206 128 105 -30 23 202 -127 138 -220 -221 220 -71 -178 213 244 -111 -45 160 -224 12 93 162 -194 -140 -40 -63 101 -61 190 193 -27 167 157 -64 210 -125 123 -202 46 -24 125 50 57 116 -209 -197 -79 246 114 -159 -43 -210 -38 161 156 231 85 -219 -82 194 154 120 219 134 -109 47 11 -128 -190 -204 224 35 -6 182 -164 235 -144 -233 95 98 37 -137 25 245 -134 188 -199 -160 80 165 -176 -161 -99 -103 49 -249 163 185 122 236 204 29 -244 207 -104 -195 226 -151 -66 -112 -148 175 -78 103 -117 140 -136 -155 -214 -174 -225 131 69 -9 -34 -97 2 -29 113 -223 -180 -19 174 171 -145 76 239 -200 24 -150 -17 34 -237 143 13 196 44 -84 64 26 97 112 149 27 -208 -235 151 187 200 -181 227 110 84 6 14 148 1 -222 61 -239 -234 -179 -7 -56 -247 -215 -72 -100 -122 -231 21 215 -218 -48 -20 -60 -152 -92 234 -47 199 -245 32 -238 -139 86 221 -49 -93 126 -187 
TEST 95 ARG:-192 -104 165 209 -88 120 227 231 29 -73 -25 177 -2 99 117 137 192 121 -116 114 76 -54 -154 111 65 -245 174 -31 194 -214 189 154 -240 -83 91 39 140 234 155 -39 72 3 -164 237 68 -35 148 -212 -247 -55 -60 -27 -129 173 -19 139 196 205 -52 -124 -131 -81 -45 -210 -8 -203 -3 -234 -248 163 -90 -40 -238 242 195 210 42 161 179 133 86 144 -34 108 193 -108 95 98 249 213 82 28 241 201 -71 71 142 50 -220 103 -92 141 138 -182 -201 9 57 150 113 135 -122 35 -197 54 -96 -202 -133 190 -224 116 -205 127 180 53 -77 -227 -171 102 -196 -177 70 -187 235 97 203 -155 124 -163 198 197 -78 -99 81 16 -239 -204 80 206 -20 61 -233 147 -67 199 172 -128 96 152 -218 -178 -91 -229 -51 -4 -97 175 62 218 -221 83 -125 188 123 -105 -65 55 129 226 -59 -32 109 224 -66 37 230 204 164 122 243 7 -63 89 156 222 212 -80 90 15 136 130 5 0 -153 -117 66 159 34 38 -62 170 -249 -159 -223 100 -250 -18 191 41 216 -50 20 -100 185 -161 157 -64 -11 -107 244 -167 -6 43 -138 -217 -241 4 -127 112 -58 58 14 -162 131 118 -174 -136 87 145 171 -179 -21 -75 -150 202 47 -22 10 -172 134 30 25 162 -144 79 -28 23 -43 -72 -12 -1 -142 187 -151 51 -213 -120 -5 21 -23 27 105 -132 -145 78 -168 -149 167 88 -158 12 -244 19 232 2 1 -36 -17 181 -166 -146 -135 -194 31 221 229 220 -93 -94 -29 110 -106 -216 59 8 -157 -114 -123 182 -160 77 166 -82 -48 -226 169 -44 -189 -53 168 75 128 22 -200 -180 -85 -84 208 153 215 69 -143 6 36 46 -30 -111 -98 248 -7 -231 92 186 -235 -46 149 246 -10 -57 119 176 -225 -70 184 33 106 -190 -33 239 49 151 40 18 24 -188 -47 -141 158 -76 -9 -79 -185 -61 -193 240 178 160 -175 60 -121 13 74 -24 44 -26 -103 143 -16 107 115 228 200 183 -112 84 -156 211 214 -74 -130 -109 93 -236 -176 -184 -215 -228 -181 52 -41 17 64 238 32 -237 -211 -86 94 -134 -14 -242 217 -206 45 -199 -191 146 67 -119 236 -38 56 -68 -195 -89 -15 -110 247 -37 233 -152 -219 125 -13 26 101 -198 -101 104 -49 -232 85 -170 -165 -183 -246 219 -69 -95 48 -87 -173 -208 73 63 225 -137 -115 -56 -169 -186 132 -148 -140 11 -230 -118 207 -42 -207 -102 -222 -209 -147 -243 223 -139 245 -113 -126 126 
TEST 96 ARG:-30 -156 0 73 150 232 -47 224 58 143 -92 -230 62 219 -205 -204 72 63 185 227 -121 192 19 120 235 137 -103 -198 -218 -74 -8 78 -4 45 -176 -88 -71 -73 -202 178 -142 -18 -157 145 123 128 229 222 154 -72 182 -86 -208 -67 -193 36 82 -9 -138 164 101 74 -209 199 202 -135 138 -63 241 140 209 68 -162 -241 -48 157 -199 127 -216 34 -203 -244 -38 -189 208 18 180 114 187 35 12 -2 -144 -15 -109 166 10 -130 -50 234 -104 69 -143 161 131 -1 -97 -211 -39 65 -44 -147 14 31 -91 190 124 -33 -196 118 -70 -122 91 -159 94 121 218 206 53 88 -123 -36 97 -163 98 -75 79 158 -111 188 -167 126 33 173 -231 -5 215 109 -243 106 148 -184 133 197 238 194 198 -32 15 223 -136 205 -150 13 -106 -93 -89 -149 -90 55 -200 236 76 -19 54 171 -139 -131 66 -175 40 -153 110 -7 -13 105 211 -154 -98 93 77 -115 103 -217 -137 -250 -201 153 207 -223 -187 170 -212 49 -22 -242 11 -51 30 -197 189 -6 -58 -171 -158 175 41 48 3 56 -152 17 132 70 -188 245 204 -214 -222 130 42 195 -128 -183 212 -145 6 -228 156 160 -148 -238 -190 -194 176 85 233 -52 -105 -94 -146 -82 52 210 4 -81 26 159 225 216 193 81 -53 119 237 75 -248 200 244 -112 -11 -24 -206 83 -234 -55 -46 -170 -213 50 -34 139 165 -169 -126 86 -68 -107 -108 -85 -239 -181 -236 -155 -221 -41 -43 -226 155 167 -178 -60 27 -141 100 239 -26 -23 162 -54 183 135 -114 -192 -124 -233 -100 246 -140 -118 -95 169 -179 -215 -132 -25 87 221 -232 -173 8 38 181 141 -83 -96 242 -227 61 16 -62 134 -65 -133 -125 151 29 -27 -21 -12 104 -64 201 -195 147 -110 -10 249 203 -117 228 -174 112 146 -240 -78 184 84 21 -99 -66 64 231 -49 111 -59 46 20 125 2 -191 -28 220 1 -161 -101 -42 248 152 -119 -246 -229 -224 -237 -79 59 -151 51 172 -225 -245 -247 -76 107 80 44 -17 25 -80 -69 7 9 240 -129 -219 -164 32 163 -186 168 -134 191 -172 92 113 136 213 174 117 144 -235 102 179 43 96 -77 -57 -116 -182 -56 122 226 -168 -87 142 24 243 -37 -249 -207 -45 5 71 -165 -20 196 67 116 -120 -40 -3 -166 39 57 -220 186 108 -16 247 177 37 -210 -102 115 -61 90 60 -180 214 217 28 230 95 -29 22 -35 -160 99 129 149 -127 -84 89 -31 23 -14 -185 -177 -113 47 
TEST 97 ARG:-37 -184 -5 -208 -152 -246 -105 -104 244 -55 202 182 24 -219 30 -134 -120 -223 184 -9 190 87 -97 -29 178 -16 108 -238 211 76 -127 -6 -112 164 55 34 -170 -44 -42 -140 -234 -106 29 -197 -26 106 207 242 193 15 -143 -20 155 -40 -222 -12 -60 -62 -89 -117 -228 75 -19 100 204 163 133 196 73 57 206 -65 -58 237 -15 -31 -145 -139 -188 159 -207 -181 -39 27 -199 158 -210 105 -111 21 -242 -179 -200 22 138 -83 -70 60 124 180 39 101 -233 7 -98 -240 185 -90 38 104 218 162 120 50 -213 46 -38 18 -202 -46 -25 92 200 -151 144 54 134 109 -61 -78 12 129 -236 166 -241 -171 -64 -235 -30 91 198 -231 153 -77 -71 -48 -165 89 -85 -8 241 47 157 31 -107 -183 123 -87 -201 248 -226 210 -52 143 37 142 -129 -101 11 -149 -237 -95 227 -41 112 -92 154 -153 -132 233 -169 161 195 160 52 201 128 -119 16 85 32 83 -121 126 113 -14 2 86 -35 -155 135 96 170 -250 212 -186 165 -125 45 72 114 -96 -23 97 71 98 74 145 -209 199 225 150 -163 156 137 177 230 -166 35 -18 172 -216 61 9 131 169 117 -187 111 -196 224 -220 -138 -177 48 -7 205 -189 79 0 -43 -49 181 -168 -51 -204 -217 147 148 -193 36 234 107 84 23 -175 220 222 130 -161 197 188 -212 1 -206 121 -224 203 -195 -158 216 -136 -11 -56 95 40 -160 -180 -205 122 229 -53 141 82 173 240 13 -203 -74 139 -94 151 78 81 183 -22 69 -178 -249 175 -81 -126 -122 187 236 -45 245 -79 -116 -57 208 167 25 132 -141 -27 -67 -194 4 168 228 -164 -33 189 110 -174 214 -36 -73 -244 116 146 226 -157 -123 65 239 -76 -54 -156 247 94 59 19 -221 17 62 -68 -229 -133 -28 20 232 -243 -21 238 -135 -148 -214 -128 -172 -215 -100 140 -232 191 -82 -185 -13 179 58 -225 70 93 53 -227 -1 249 127 213 -150 171 -84 -115 -102 -147 -72 -198 136 231 -247 -130 -218 5 217 42 -167 33 -113 -190 152 -173 119 -176 14 66 -109 -230 -4 28 -17 209 43 -69 235 44 -146 -3 8 186 -103 67 10 -59 -10 223 -159 215 -248 6 3 -211 56 -131 -182 -191 -118 -245 -63 103 115 68 -91 77 176 -239 -86 -50 243 -80 194 118 -75 -192 -66 -137 51 192 149 246 -142 41 -93 -47 -124 -144 -32 90 80 -154 221 -162 -2 219 -99 174 125 -88 64 -34 -110 99 26 -114 -108 102 49 63 88 -24 
TEST 98 ARG:99 105 -41 -231 31 222 161 181 -76 -187 -168 165 -113 142 -47 121 179 -213 80 38 -89 -164 194 55 75 198 160 233 176 -197 93 206 64 219 201 128 138 91 -166 171 -110 -69 -127 97 -117 -178 -174 -101 180 -19 -149 -39 -66 -142 -22 -167 59 -162 -155 -40 54 53 -148 -23 3 -173 -228 60 -163 139 -186 -229 -15 42 -50 -1 -198 -196 -124 69 231 -215 225 6 32 -88 86 72 -250 14 -90 -67 66 46 -218 56 -169 184 237 -136 -73 -116 24 -189 -119 -225 148 101 137 -38 -98 151 -139 -243 25 62 8 116 -49 -233 169 -57 -100 -12 -157 7 182 229 154 -182 -242 -30 -82 65 17 78 -227 -223 125 98 -72 -130 177 174 -75 -140 -184 -241 141 248 -219 9 107 71 166 162 113 -74 -221 92 0 157 134 89 -199 -86 -209 -51 -179 132 94 -159 -129 147 247 -202 146 232 -48 242 -10 -161 -204 -240 -29 208 87 47 120 -145 -185 245 -201 50 -192 -56 -239 13 -128 111 173 -177 199 -246 200 223 108 10 205 -147 218 -16 211 195 -143 -84 244 33 88 -64 -102 20 -144 204 114 -248 129 -171 140 103 -35 191 -210 227 -220 -125 234 230 183 96 -54 197 39 163 -94 30 2 -190 133 -181 11 -31 224 -33 243 -126 110 35 -46 102 -244 -26 203 -152 210 -217 149 -70 -115 -222 127 34 -14 -135 238 -160 -122 188 77 185 23 -53 -109 215 -118 217 -105 83 -5 -123 -79 186 213 -234 -96 109 -21 -97 -8 -111 68 63 -87 81 -77 -208 249 -232 -238 -37 74 -13 36 193 84 52 155 -106 145 -28 48 -175 -43 131 -25 143 -153 167 -193 -245 192 124 -32 -206 -249 -91 240 -132 226 236 18 158 -63 -146 207 -151 136 -103 -183 -133 95 -230 -150 -36 1 150 -224 -211 -236 118 -68 -247 -158 -52 -191 -95 -112 -216 -188 122 -59 -137 115 26 -92 -93 -107 44 -85 15 -131 21 175 -44 -2 70 -212 -24 216 -121 27 -3 130 67 -226 159 -141 -71 119 4 196 90 76 -55 214 156 -214 153 -156 -45 45 -20 -108 221 202 -172 -83 -27 -203 -200 -65 246 82 126 152 -34 -6 -61 49 235 -60 40 -207 -194 100 37 -138 -154 112 104 -180 57 19 -4 170 28 106 189 41 51 -7 -195 228 -235 -205 220 239 -170 187 -58 61 -99 -104 12 5 178 29 123 172 -134 -62 43 -9 85 -114 -80 -165 -237 241 212 -78 135 73 117 58 -17 -18 -120 -176 144 164 22 -42 -11 -81 16 209 79 168 190 
TEST 99 ARG:-33 -195 90 145 200 -215 -68 63 -113 -117 -209 -6 76 -8 -3 -148 -62 -198 161 -105 -133 -106 185 163 59 -64 -100 -230 -89 -42 177 -53 -76 -74 -231 -143 140 -179 -163 -10 231 17 -160 -171 96 199 -57 136 -101 -118 -244 8 -239 -41 11 134 -158 58 157 53 207 -242 219 142 -176 -194 60 229 39 213 -108 45 -37 26 -196 12 234 78 195 167 113 57 245 -250 -141 133 52 223 -153 -67 188 100 28 15 215 241 -116 -81 -226 -19 247 -190 97 111 -91 -32 -97 152 -109 233 80 -80 -121 86 -55 67 19 -65 -26 -102 -154 72 -208 218 -170 -47 138 51 24 181 -69 104 129 46 0 13 -24 88 -225 -77 -46 65 -40 -188 -155 -142 -73 -22 -63 -233 -229 -39 132 -36 81 69 189 -5 -110 -221 137 -165 221 180 54 183 -203 -178 -223 -72 71 -232 43 210 197 170 -220 -127 -122 -216 31 141 -162 -156 -15 2 18 -23 -111 14 230 -177 16 175 89 -138 -29 5 -159 62 208 212 -44 227 36 -114 -38 -243 -217 -180 166 -18 109 -34 -70 235 246 -145 202 -124 37 -189 -13 -212 222 116 -123 -7 150 139 61 -157 236 -235 -181 -61 4 -94 -129 -247 -132 -49 190 112 6 50 -96 -125 214 -27 103 -107 42 -168 173 -218 201 -236 7 126 66 -202 -182 -146 105 -173 95 -169 83 156 -90 -25 -104 21 79 -131 -59 56 228 -31 158 -184 248 120 193 -2 -206 -147 -35 -201 232 -246 -134 38 174 -161 40 70 -85 -245 144 49 179 -51 -238 44 -207 1 -167 131 102 -199 99 -214 10 121 155 -120 238 -66 -187 164 -241 237 -204 162 -99 92 198 -83 -71 34 -45 -128 94 243 159 -135 -191 -175 -140 239 154 244 149 -14 165 -174 -48 -43 -20 115 48 191 47 187 209 -166 117 33 119 -249 128 -149 -126 114 249 106 184 -222 -211 -78 -164 240 77 147 35 -88 206 68 27 194 -95 169 127 -103 23 9 -60 220 -11 146 93 125 -16 -75 171 55 108 41 3 82 143 148 -115 -234 -210 -228 -17 29 -30 107 -139 -186 122 203 178 204 98 211 -82 192 -237 160 32 225 -28 -93 205 22 -193 124 216 196 -150 -4 87 182 -151 217 135 242 -172 -137 186 -119 -54 123 -183 -185 -205 -86 -197 -130 151 -84 25 -240 -136 84 64 -1 224 74 -227 -248 -87 101 130 172 110 -56 -144 -112 -12 226 -9 -213 30 -192 -21 -219 -224 -98 91 -52 -79 -58 176 -200 153 -50 168 20 73 85 118 -152 75 -92 
TEST 100 ARG:-149 -116 115 -191 59 -18 -157 -133 103 88 -204 229 -237 -136 -167 248 -225 -38 243 124 -20 62 -196 -93 -14 -158 -39 136 75 -77 197 140 -83 -42 60 177 -112 -146 -143 235 -114 -19 66 -240 20 -45 -209 171 113 -216 9 -166 -246 245 193 -117 178 -6 130 -65 152 167 187 38 -16 77 119 -219 79 -107 97 -140 -235 42 51 118 5 135 -125 -54 -233 104 221 239 180 -29 -10 16 -96 18 210 7 184 61 56 -49 -63 -109 -164 -12 179 -62 67 166 -181 -5 30 27 -44 -67 73 -139 -213 -230 -26 201 96 0 57 -238 26 157 226 209 -147 107 -135 168 213 24 -185 -24 220 -84 191 -74 91 148 -118 131 -100 -200 41 -97 2 181 99 35 -57 205 227 -9 -33 141 102 -34 -81 117 -8 246 64 -43 -228 -202 -212 -59 94 -52 -210 -248 -122 -75 43 69 158 -70 -198 70 188 89 -119 -126 -89 -32 -134 -137 -73 -82 234 -28 139 -47 -99 -145 -243 22 -154 165 138 -168 -124 -169 -105 217 55 71 -92 185 169 183 -141 -102 -90 -64 92 37 230 -111 36 -130 238 -51 -142 -71 -178 -199 225 123 80 -249 -223 147 132 189 -17 160 -115 -161 -173 237 154 -66 218 -220 -27 93 -68 151 78 -31 -46 83 -3 82 -123 21 -217 190 -2 146 211 -94 144 -182 222 -160 127 120 74 -232 -104 29 -138 199 85 19 -203 -106 176 65 -87 81 -222 161 -79 214 -56 203 -239 156 -50 -113 -21 90 39 155 -192 194 44 175 47 215 -25 236 202 134 110 125 -61 -174 -236 247 -53 -189 -177 -205 -88 -13 -156 -69 -150 -148 -197 112 17 109 -244 198 -128 98 145 -245 196 -188 -165 48 219 25 -153 129 -159 45 133 -242 244 -187 76 163 -1 10 -55 -207 -15 13 105 -163 -193 -201 -4 208 143 164 -127 182 -175 -58 72 -227 -131 33 -41 153 -170 116 106 242 -214 -250 121 53 84 -121 -226 6 -35 49 -60 170 195 -171 101 32 228 -224 -11 -179 -211 204 1 216 -40 -231 3 -108 -162 -48 -218 -176 -98 15 231 223 -103 -215 174 34 -229 -247 207 200 142 192 -144 -206 -86 137 212 -91 11 -195 12 -78 95 111 149 68 58 23 224 63 -110 100 -208 114 206 -151 -36 -23 -241 126 -101 -72 -85 108 -7 -95 240 -132 87 -76 14 -194 150 -152 -129 232 172 -234 31 50 -180 162 -37 -80 54 122 52 159 -184 186 40 -183 -190 -155 -172 128 233 249 28 -30 241 46 173 86 -221 -22 -120 8 -186 4 
TEST 101 ARG:-55 194 -213 -238 -49 -208 118 -115 -210 105 71 146 -159 -92 47 72 69 -157 -241 -68 122 -50 -142 -57 -13 210 237 -211 -221 179 -168 243 155 193 130 -129 -193 -118 134 -192 -75 123 -69 9 -111 -19 64 147 215 -195 -76 -3 -200 -187 119 -98 212 52 -124 187 27 -126 -137 242 0 -44 178 174 117 -194 -242 241 84 228 -201 2 -62 -85 -105 53 -171 -38 159 -136 -88 -6 91 -165 240 -90 -74 -73 -128 -27 -206 175 164 -174 143 58 138 78 205 -31 103 166 23 28 12 -42 -202 121 -185 -108 110 -65 -109 19 26 99 -9 80 234 197 -125 151 77 33 190 116 -14 82 -163 -60 -106 -54 162 -122 139 74 -215 50 -175 93 35 165 25 -131 -182 -16 107 148 83 217 -83 173 140 -245 -164 189 -152 -41 163 -91 29 -15 214 56 -1 169 57 8 -71 -237 -99 -156 -204 183 -32 -244 233 -97 -180 153 -207 244 149 133 -96 227 -203 -134 135 -37 181 -40 -77 -123 -130 120 -140 -87 238 158 -217 20 -59 96 -114 -22 -21 200 39 -113 86 -30 -243 -63 247 245 32 1 81 10 144 -86 -186 24 36 -36 11 -196 -103 150 211 -110 -53 -52 108 112 -234 60 248 -149 -227 239 76 67 231 -23 191 -224 18 -198 180 185 152 -12 -231 55 -158 199 40 -249 126 249 124 142 -133 246 -246 63 -139 62 106 -5 -8 -236 111 100 68 -212 -7 104 -46 -95 -214 89 22 -34 97 220 54 -26 13 5 114 145 -250 -18 -48 224 73 -191 66 230 198 -188 -93 -25 48 223 87 225 -233 38 232 -228 -112 136 -117 235 -223 -169 -17 207 -209 202 -4 21 -226 16 161 -225 188 94 -199 -179 98 -143 -183 17 -220 170 -80 128 -35 -141 -28 -154 -120 -151 -138 -148 41 95 209 113 -39 226 6 -161 131 90 115 -146 -24 -33 229 141 -70 192 -67 -177 171 154 34 -135 -47 44 -176 -79 -218 3 201 206 125 92 208 -56 -104 -132 51 -61 -116 70 -229 79 196 221 -81 -150 -78 219 -107 -170 184 15 -219 -155 109 168 -162 -45 31 -101 213 -94 42 -147 -189 -43 -72 157 -216 -144 -100 30 -127 75 -119 127 102 204 65 -66 -160 177 -248 -2 -178 195 -205 85 203 167 129 7 -222 186 -102 218 -232 59 43 182 -121 -89 14 132 101 160 -172 216 -240 -166 45 -239 -58 156 172 37 -64 -173 -11 -20 222 -84 -51 49 -190 -197 -145 -230 -247 -181 46 176 -29 -10 -235 88 -153 61 236 -167 -82 137 4 -184 
TEST 102 ARG:149 -8 -217 -112 -7 154 225 192 -103 -94 -59 -171 -25 204 107 112 89 187 62 101 -65 228 -54 -190 227 -75 44 -167 88 223 124 -241 -71 31 -68 -39 174 25 169 -69 218 184 -31 9 -12 -34 -203 69 96 165 203 -229 30 135 3 220 -200 240 47 -196 74 -136 103 244 -46 -218 249 232 120 43 167 24 -3 -141 -179 -73 -104 -53 -16 -72 159 98 -32 -183 -164 235 205 -232 -245 56 177 161 -85 -204 -13 58 -95 248 191 152 212 234 -79 -133 -42 182 -236 -1 19 76 -155 97 -105 -159 162 140 146 -187 41 104 156 -35 131 138 190 158 151 -192 121 142 -161 -234 -116 75 178 108 -113 -178 11 17 209 -84 122 -41 -44 -118 129 -162 -243 -250 83 213 -175 66 238 -87 80 236 6 -193 -246 27 -55 54 100 195 222 22 247 -38 153 -43 -28 64 39 -5 -29 160 10 230 37 176 -93 123 73 166 65 7 -140 -230 125 -160 -202 -58 23 -98 194 -15 -152 -248 1 164 -91 -220 -153 198 -132 133 134 34 -108 -6 118 106 246 33 130 -197 109 13 -168 215 -194 16 145 185 15 -137 219 -148 -37 -40 0 -48 -213 -11 202 -235 -17 113 -212 186 -121 -125 52 -24 -150 -172 -233 -239 -26 84 -10 -77 -173 -102 -139 148 -64 -80 -199 87 221 -61 -158 -90 -22 117 59 -226 -18 -154 -240 -206 -223 82 90 -238 231 115 -249 79 -131 18 163 189 -130 -70 -147 211 -128 45 111 81 -237 12 143 5 51 -111 -66 -122 49 14 55 206 226 183 48 -181 105 196 -205 229 -180 -166 -49 -96 4 93 42 46 127 -151 -74 197 -231 128 170 32 8 173 -106 63 -176 144 188 99 200 168 95 243 -184 242 114 -45 -177 -56 -182 175 -88 -214 -216 71 -52 86 -127 35 -19 -81 193 239 180 171 -76 -36 -201 -4 -156 -50 -207 40 -227 -109 139 -215 -142 -9 119 57 -224 -169 85 26 -14 -221 -174 -222 -138 -228 -119 181 201 137 216 -110 -134 -2 132 233 -225 -92 110 -60 -242 70 -47 -149 -115 -157 217 136 92 -146 91 150 -143 116 210 60 172 147 -135 -210 -89 -57 -78 72 -124 245 -244 126 -97 28 -198 -114 -163 -185 -100 141 -30 -51 224 53 -86 241 -123 -120 -188 68 61 -67 179 21 2 67 38 -219 -101 214 -82 77 -208 20 237 208 -195 -83 157 29 94 -23 -186 -33 -27 -107 50 -99 155 -144 -145 -191 -126 -62 78 207 199 -170 -117 36 -21 -247 -209 -189 -20 -63 -165 -129 102 -211 
TEST 103 ARG:-234 -95 -174 -197 -50 182 119 84 63 -81 -202 -1 -12 130 162 218 210 58 -8 41 -49 -126 -230 110 -155 127 -172 24 -194 -48 159 -55 -105 -34 147 187 -47 -92 133 6 8 126 -184 -52 -10 -11 -93 88 -142 -117 199 -66 245 23 -190 -209 -231 28 -38 -141 42 -4 -238 14 62 -35 -186 216 225 -237 -15 -193 -151 -178 38 4 -229 69 -112 -177 -46 -217 43 221 -136 -211 -176 192 12 -153 76 -235 102 -228 -227 -64 200 29 203 235 -241 219 -219 -201 82 -182 -33 175 -218 -102 -122 141 191 143 214 124 -149 77 -168 -67 -5 -138 196 -110 -89 26 -214 70 -239 -113 215 111 183 107 31 239 169 -206 79 148 -83 211 150 -205 139 247 11 140 241 40 -77 167 -20 -127 -165 -223 242 228 -42 -162 -125 208 -132 18 95 7 -187 -91 51 67 50 -247 170 -26 106 -242 -161 217 -78 132 232 -44 -148 -104 -24 -175 -37 -16 61 223 -160 113 -216 -129 -84 144 168 -61 -183 -130 -32 71 -13 -134 -100 -3 22 -159 -152 20 158 -45 224 198 80 60 -118 201 206 207 -210 213 -188 249 64 -82 -18 230 53 9 89 -131 -96 32 -111 -115 48 227 -156 134 -249 16 151 -221 234 -204 222 35 -164 -225 123 166 -97 181 54 202 47 135 -68 -196 -107 87 -198 -94 34 -14 129 72 85 155 13 136 -51 231 -69 179 153 -62 -74 -109 -232 122 -133 -59 -21 236 125 -191 -28 -208 -19 75 -233 86 -103 -6 180 68 65 189 -53 190 -189 59 185 1 -146 -236 19 128 152 -121 -88 146 233 -123 -192 -139 178 131 -57 160 -200 -199 66 195 -163 244 240 -108 -63 90 248 -73 -140 156 101 -56 46 73 114 -158 212 94 -41 -243 205 -39 -40 -170 -72 177 2 -143 -248 0 -135 171 246 176 -22 17 39 10 25 -224 37 -240 -70 174 -145 -31 -71 103 184 220 197 56 -246 36 97 112 138 57 -185 -157 -25 55 105 172 -29 229 -195 -173 -114 142 -220 98 115 -43 120 5 -76 -75 -54 116 -207 99 -215 44 117 -80 78 -119 -98 27 83 -23 109 161 -154 237 -203 -147 30 -60 52 93 3 -17 -144 45 -106 -212 -101 157 149 173 -124 -7 -65 243 -85 194 100 -99 92 21 -79 -36 186 -166 209 108 164 81 -250 -58 15 137 -30 -171 -150 33 -120 -116 -244 226 -181 -128 -86 -2 163 -222 188 49 118 -169 104 -167 145 -179 -213 193 154 -245 204 -180 74 91 165 -87 -137 -9 -90 96 -27 121 238 -226 
TEST 104 ARG:-134 201 187 -2 -160 14 58 136 -16 165 -140 -99 -7 117 -240 -132 -117 60 -124 101 -142 231 -27 -23 202 -1 81 63 19 198 -159 152 155 -4 -38 -69 222 61 139 -48 243 175 -195 -37 204 91 -114 -181 -210 -230 141 -28 -176 249 -218 225 -47 200 247 -90 232 -213 54 -105 197 57 -183 34 -64 238 106 -173 74 134 -5 62 169 -193 -208 65 -152 212 38 -40 -177 183 131 195 -12 -125 177 -51 179 48 239 -129 -219 -217 -14 -56 -63 -83 92 -214 174 -76 -169 122 -91 -93 -190 149 -74 -161 -107 93 162 47 -179 -49 -95 217 129 102 135 219 -206 167 218 -84 153 -108 -232 10 190 -94 203 -52 -228 -247 -185 113 168 6 -73 -88 32 17 140 -205 44 -100 199 36 -65 52 227 -154 -102 -120 -182 -87 45 -32 209 192 -191 236 -135 224 -62 35 28 -148 88 -233 240 -81 -249 127 -245 -150 12 -151 11 237 78 -215 -98 -234 -229 206 80 112 -58 -20 -43 -115 -53 147 56 142 -86 72 -103 -71 246 181 -126 -30 115 157 -77 123 143 124 223 -243 25 21 229 161 -75 164 -204 163 193 18 3 -122 67 50 -197 13 159 -34 -226 -203 226 -25 116 -224 -59 99 -97 -153 194 30 -209 -22 211 -156 -184 -130 180 -168 59 108 -106 105 -31 -121 109 -198 244 -26 96 133 55 -246 -216 -225 120 -171 23 248 -42 138 -199 -92 166 182 -231 173 9 -143 -116 0 82 -141 42 215 121 -166 125 -139 -174 -162 207 -89 -11 51 70 -123 -96 8 208 -8 137 154 171 170 95 184 -60 -220 104 -201 20 16 -127 -9 -72 126 -196 -44 -222 -112 119 -118 -238 185 -110 196 46 -250 -85 -113 114 -109 -241 31 -10 -164 1 -80 -21 87 22 -248 -17 -24 -3 -41 -39 -104 -57 -244 230 83 188 -167 69 7 -61 -79 68 -175 33 -145 98 160 -211 -131 -68 100 -212 86 -146 -236 -119 -178 -33 -18 79 85 53 -170 -165 -128 -187 -136 150 -144 77 -54 97 186 146 214 -180 75 -189 216 -70 40 -194 -45 172 -207 39 -66 205 90 107 213 76 -35 29 -186 -19 -67 -149 -137 228 -138 -188 233 4 -36 128 -239 -50 176 89 -29 27 64 94 148 191 -202 2 -242 -192 -158 84 71 103 132 -13 -82 158 -223 -147 -172 178 111 66 -235 189 -101 234 -15 37 235 -6 24 118 156 242 -163 41 -221 73 130 151 -200 -227 26 43 -157 -46 -55 145 -111 -155 245 -133 221 49 15 220 5 -237 241 210 144 -78 110 
TEST 105 ARG:-201 -20 -162 139 246 -169 -55 -110 26 49 -33 15 135 97 -82 91 -206 -126 -132 213 -200 138 131 10 -124 17 -168 27 -130 212 235 76 -117 43 65 109 224 114 185 145 60 160 -105 -72 -192 -197 85 101 90 -160 -210 -115 87 103 -111 -129 -239 153 -70 -49 191 72 134 121 163 -83 -29 -23 -245 -193 -18 -16 168 22 -180 -125 -170 45 115 -62 -211 -12 -89 188 202 207 159 187 -45 -230 222 -167 99 -208 -24 -47 -79 -27 -135 -73 -235 32 -144 -95 -227 -250 57 -177 -118 -213 174 68 -35 4 16 -139 -4 186 -36 -141 -52 24 96 -112 197 40 161 -87 -104 -149 -173 -147 -17 113 52 150 -21 -69 215 -64 -137 -3 53 -97 -19 -1 -155 151 192 122 181 39 84 -85 -248 -134 216 198 -195 226 -214 7 -53 13 -108 -228 -84 -136 243 -176 129 146 -244 -128 229 -131 -223 -220 247 -150 -6 -99 -209 14 -38 130 179 -113 -81 -240 -174 56 -39 9 54 -184 -42 178 -158 -8 201 5 204 -96 66 -10 -50 -14 210 -127 149 -189 83 -109 -217 34 239 -11 166 223 38 102 -140 234 -234 108 -183 59 100 89 25 194 48 152 81 -229 -60 -163 35 -203 -94 51 -179 231 162 164 183 79 80 28 46 0 -91 133 -196 -175 3 144 105 140 195 -46 -41 -145 -92 18 -76 157 47 -218 44 -26 120 -121 177 137 61 156 233 218 78 -219 221 208 240 92 244 30 182 31 -156 180 132 -216 -215 -246 2 -226 211 227 6 128 -63 -212 107 148 190 50 64 -5 141 119 19 175 -90 73 112 203 124 -242 -204 -159 -80 -199 -25 82 -66 127 173 -68 -225 -151 36 -28 125 -194 93 -172 -32 -61 1 -178 33 41 -59 -185 245 -186 219 -101 165 -93 -88 -116 -119 -57 -153 205 -207 -237 -171 21 -164 193 147 220 -106 -166 238 -138 -198 -31 184 241 237 94 -202 -13 63 -51 -114 98 -152 -224 116 199 110 -30 -188 75 232 -54 -191 67 176 158 42 -241 -221 -37 -9 142 249 -157 -146 -205 -34 -22 -181 200 136 -236 -56 -77 71 -187 70 77 -44 -161 -123 29 155 -100 95 -43 106 228 230 104 -190 117 111 171 236 -86 143 -102 20 -2 248 -74 37 -165 -133 11 -232 -148 -231 170 -238 -71 -98 -58 -65 154 -78 118 -154 225 -143 -120 -247 -40 -122 209 58 167 12 -222 -107 172 169 -142 -233 -75 -67 126 23 -15 -48 62 206 -7 189 69 -182 196 -243 242 86 214 8 74 88 123 217 -249 -103 55 
TEST 106 ARG:-131 245 35 -32 -164 -93 -26 -27 -156 85 -38 107 89 -46 -4 -70 210 207 15 -57 241 -132 -44 27 42 -193 171 -51 158 120 208 12 -30 -89 74 236 -162 187 224 -200 -121 -137 162 -196 -201 -62 91 132 36 11 -151 139 218 -119 -73 -25 167 -45 -235 -98 199 1 9 178 -178 -54 174 183 -75 -122 13 101 130 126 144 -3 123 -247 -64 124 249 60 -147 -12 -109 -116 108 -149 92 -145 87 -79 206 -94 -218 -114 90 235 -184 -159 70 -42 -232 -248 -214 -199 -197 -11 -181 -135 46 -170 25 111 43 -41 122 -161 161 -153 -191 212 -180 166 30 159 -187 164 -15 154 7 37 180 -140 -207 -66 200 -246 163 172 56 -14 113 -250 20 -185 78 59 58 119 -129 -110 -69 -249 -111 135 -182 -103 -136 33 -88 -120 237 -216 146 -152 -210 227 14 -179 149 -2 -13 10 65 73 41 -190 -236 19 100 71 152 44 22 -209 48 118 -65 -175 -83 226 -233 -133 5 29 184 248 193 188 69 214 -39 -192 93 -92 -52 -237 -5 -28 -63 -106 221 -76 50 240 -21 67 -43 -117 88 -85 239 -77 143 -125 153 181 -68 -118 79 -215 242 -221 47 39 -244 194 231 129 -81 -115 -154 151 -177 211 -173 169 104 17 -50 97 23 -97 243 -213 -9 -82 -208 128 148 18 155 -99 -127 -138 84 196 -96 62 191 99 26 -123 -91 -226 -211 222 134 -223 234 24 141 -220 -171 -150 53 -174 179 -143 106 -172 116 204 232 220 -188 -168 -47 28 173 21 -105 -87 115 -139 -104 203 -58 216 -202 185 -24 238 209 -1 103 -198 -19 -148 105 -7 219 -242 38 -16 -86 201 -203 -206 117 -230 -228 112 8 137 -10 131 -195 217 -84 168 140 160 -160 -71 49 215 -194 110 -95 76 150 -29 52 64 -222 -217 -231 -31 -102 6 -72 157 147 -37 189 246 0 -239 82 -219 95 3 66 -49 -128 -186 -22 -183 -238 51 -241 114 2 72 -169 -227 -157 86 170 176 -205 125 -40 190 138 -8 -100 156 77 -146 32 -61 -126 230 55 102 40 -35 233 -176 16 -243 223 -113 121 175 -124 -189 31 -78 -165 225 -18 133 -240 -144 197 4 229 -6 142 81 195 63 -141 -163 177 -204 45 -80 94 -166 98 -56 -112 182 -108 -134 -34 244 -59 -155 61 -224 127 -212 -17 54 83 247 80 -36 -234 186 -53 -74 145 228 -55 96 202 -245 165 192 -23 68 205 -229 -158 -101 -130 -33 57 -107 -48 -142 -20 198 -90 136 75 213 34 -60 -67 109 -225 -167 
TEST 107 ARG:96 -41 212 164 229 80 23 84 42 -173 -5 167 204 217 110 -160 121 -12 -78 8 -18 3 -24 -217 -132 16 -211 156 -194 -130 -239 -86 -80 -83 -71 54 76 2 -125 -7 -40 -47 -157 -172 234 -191 -102 -23 -151 1 185 -100 -137 152 -159 -184 15 225 132 224 -10 82 -235 72 32 209 -224 64 -236 -245 127 153 -107 -201 -129 -67 -127 -8 -54 -89 221 -81 -218 -192 -69 -39 238 -56 86 -66 -30 -36 108 195 -2 236 -3 -133 -38 39 115 -48 -168 194 -50 -234 70 -219 213 155 -228 36 13 137 -6 161 -232 101 133 -227 171 149 -90 -32 90 -138 216 89 -111 20 66 130 129 46 69 100 37 -197 30 248 -221 -208 226 -53 232 -181 44 -199 -101 -84 88 -207 147 106 -200 -104 249 -155 -45 -91 143 -189 7 -115 116 160 198 -148 -79 176 -202 -174 179 -29 243 4 237 -210 -4 148 146 -64 -169 -164 125 81 139 -230 98 -150 193 -216 -43 -28 -195 196 181 -72 -214 -250 -213 -212 -167 166 230 151 -99 103 -126 -25 177 -156 -131 -95 24 -121 49 122 -82 -35 -182 197 -179 145 -105 223 -136 242 192 43 117 6 -9 187 227 128 -75 71 58 87 5 -153 241 -229 199 -248 186 -171 -243 -14 -186 -240 111 -49 -238 172 -85 51 120 -96 102 118 -241 180 175 247 -22 -170 91 140 -144 208 -242 123 162 -158 55 -61 -31 119 -15 -209 -109 78 219 -237 -134 29 -246 11 21 47 240 190 -141 14 142 215 -63 -223 231 -225 203 188 189 246 -166 126 -116 -145 211 150 73 65 -57 -108 -51 124 169 -146 141 -68 -178 -175 183 -180 -98 -33 56 -16 -231 -205 109 107 26 95 -1 -58 -183 40 210 -76 -92 -142 158 27 -113 -190 -215 -59 135 -112 12 -11 207 244 61 52 -193 -52 -65 -70 -198 -74 184 144 -226 -128 62 -206 214 97 -196 -117 -247 -20 -55 22 -26 75 218 67 -203 -37 -139 134 -177 -162 -17 35 -94 -77 104 41 -161 -249 -188 63 -220 17 -149 25 -233 38 92 233 -93 235 -147 159 182 138 245 18 79 222 206 228 202 -122 105 31 174 168 -21 239 60 93 220 85 178 48 -119 9 173 33 -140 19 -185 163 112 157 -27 -60 -87 59 -88 -34 -222 0 205 -163 34 10 -135 -73 -106 -124 -114 -152 -120 -187 50 83 -123 113 74 114 -97 45 -19 201 -118 28 99 -176 57 -165 -154 165 -204 -103 136 -110 -244 -13 -46 -143 -62 154 191 131 68 -44 200 94 77 170 -42 53 
TEST 108 ARG:6 160 -108 8 -19 -244 -157 -48 -85 76 -226 -12 -146 -193 209 242 196 -20 -125 122 33 210 77 91 -2 -161 -196 -223 23 125 -33 66 180 248 -23 -65 73 -62 169 -202 205 -179 189 -1 -110 -208 -148 54 -217 -69 53 -61 172 127 -13 96 -145 -57 -181 -228 161 175 85 -93 158 -70 -76 -207 110 -166 -185 139 224 -192 -56 115 -171 -225 -227 -83 -140 152 150 26 192 -66 68 -205 -135 22 -132 15 61 -187 128 100 -164 -105 39 -199 40 -27 -139 98 114 -6 221 -109 -50 64 63 -234 194 -197 89 -17 -16 184 42 -220 -206 200 -84 -31 233 -86 -98 87 -7 -21 -126 -213 186 -128 75 -97 -9 65 197 -92 -113 -200 -39 -239 107 0 -112 -32 56 181 151 -150 -151 -88 -101 191 174 -14 -3 -236 245 112 -210 -115 228 -143 58 -4 -147 -237 -45 143 24 99 -35 116 247 -149 -190 -68 -238 95 4 148 41 -216 -63 109 207 -136 -55 217 -241 135 71 9 155 14 -52 -73 67 -121 -51 -22 -156 10 131 137 48 -71 -170 237 220 171 94 36 -195 211 1 243 59 -163 165 18 225 111 37 -96 -152 49 -131 136 -169 132 121 227 -28 5 -224 203 142 -212 35 119 193 -173 130 206 232 -8 -180 246 213 -38 3 -174 199 -77 188 168 -26 34 -194 170 16 145 149 208 -130 -176 214 72 104 -30 156 -53 -232 244 -246 178 -129 113 223 124 -138 -87 -134 -141 -37 -186 -172 -18 159 -242 -247 -74 21 -72 30 46 138 27 20 44 52 204 83 144 78 157 238 -107 11 -167 -203 215 -42 -81 -103 -5 69 -191 -154 -90 86 -231 230 -222 -165 -36 166 176 146 43 -49 -235 -144 62 -104 -89 141 -116 -189 201 -25 190 80 167 239 -75 -54 -245 -177 -204 60 -137 17 82 -162 -122 -175 -120 108 -168 -67 241 -60 195 229 164 -178 97 -133 -201 -248 -58 153 -230 103 147 -211 28 163 -218 93 -153 -243 -233 -119 -198 -43 117 47 13 -79 92 -91 -240 2 101 -188 249 19 -10 234 -249 185 38 -250 -124 70 173 -95 -11 -160 -64 226 -34 -221 -80 -142 231 129 154 -59 -94 240 -40 120 31 -41 212 -214 -182 -183 -159 88 25 -46 218 126 105 -102 102 81 -44 12 50 29 -114 -209 179 140 57 236 79 -99 187 182 -117 74 32 -29 -118 -155 90 -24 133 123 84 55 -15 183 222 -82 -215 -158 -47 -229 -123 106 216 -111 162 134 -184 177 7 202 118 -106 198 -127 235 219 -219 45 -100 -78 51 
TEST 109 ARG:-136 183 -75 173 143 25 125 211 228 24 134 175 90 -127 -175 -219 -138 -89 114 18 82 127 -133 -101 -223 -202 94 -94 208 223 -140 -158 88 133 -60 -213 -245 26 -31 218 13 -61 159 -32 -205 102 -247 -110 149 128 -6 48 16 140 -70 195 -242 -116 120 -9 -241 -68 -35 34 4 -216 -181 246 -46 -225 84 32 -104 -148 -173 -187 -235 -161 -102 -113 -16 141 20 30 147 19 71 -186 119 164 152 -67 100 -209 -178 229 -47 -37 44 103 -200 -109 -79 247 56 174 -157 51 179 187 -8 115 171 -218 79 132 -66 76 190 -82 -29 -174 206 -114 113 -69 222 -137 109 146 -74 -250 96 237 124 -90 -210 196 189 225 67 12 215 -150 77 -232 -164 -244 45 192 131 57 -132 -151 -56 155 226 239 180 207 232 80 21 78 -201 -51 212 167 -15 91 -155 117 -20 -204 177 -65 176 -33 -226 -118 -105 43 33 -13 107 3 199 64 -22 217 -25 -222 -240 -249 169 191 112 -45 -112 -156 -2 -18 75 -120 69 163 240 -191 157 99 153 233 241 168 62 182 61 -38 58 66 -63 162 85 193 122 -78 38 -144 -36 17 9 -154 -171 236 93 249 92 -50 -21 7 -117 -57 -122 -169 -184 -230 14 -180 230 -71 -147 -62 -1 130 -172 136 -4 210 238 -176 -100 235 -58 -139 -64 185 111 -182 23 186 -160 -141 224 -152 98 -233 -188 -214 27 -198 104 -231 197 -42 -203 -207 -170 -10 -83 214 0 151 248 89 170 -44 -189 -162 -195 -39 198 101 -145 81 87 -229 -125 -40 55 -55 145 242 10 105 -103 205 -30 2 -17 60 -206 -5 -193 231 -27 -142 74 -49 -190 -3 35 -238 213 172 -143 -48 244 -81 -212 -134 -96 -199 83 -34 -227 -88 36 129 154 31 219 22 138 -185 200 5 137 -111 52 -86 -12 -228 -73 39 -215 123 53 156 -41 73 234 165 245 -168 -196 -135 -208 6 68 139 209 -194 144 41 121 -221 63 -84 70 227 194 -177 110 59 184 -98 -80 -167 -26 -115 126 203 243 -108 -97 -85 160 166 -59 47 -149 -197 -126 181 -243 -107 150 72 148 -146 95 -77 -224 -234 216 188 -163 42 -130 -11 116 204 11 -131 -246 -124 161 -24 -220 -106 118 -179 -28 50 135 -165 -99 86 37 -217 -43 -91 -192 -87 -52 -211 -23 -121 -123 202 -54 -236 -159 -153 -129 46 178 54 -239 -166 -92 -19 -95 158 8 65 106 201 220 -14 28 -248 29 108 97 49 221 -119 -72 15 -76 142 -237 40 1 -7 -183 -93 -53 -128 
TEST 110 ARG:-202 -186 -66 -108 -31 100 -205 121 -128 145 -17 -2 138 228 231 -178 -209 -118 -249 125 -148 25 -44 164 53 34 188 18 181 123 -153 116 63 -184 -25 -137 80 -6 27 77 211 122 -175 -169 -110 235 -91 179 200 104 78 -41 186 57 -81 101 -230 232 -40 240 83 135 -73 171 -125 219 -36 111 -92 51 209 -129 176 -174 -20 -204 -99 76 -181 161 246 -107 -242 10 -150 -226 -191 95 8 227 -59 238 -134 90 -221 -187 -63 -212 -171 2 66 -18 62 54 -10 -4 -183 185 -229 -82 -215 -144 215 198 249 -200 -136 -241 -130 222 131 -24 210 166 218 -248 234 1 132 3 33 -195 87 -122 196 244 -218 139 72 -60 -124 -109 71 75 154 174 -126 86 -51 -57 -58 52 194 -123 -164 -23 192 -127 -220 -83 24 -80 -213 195 178 237 -76 114 -211 -43 -77 -56 -146 92 -232 40 118 -143 217 93 -224 -198 -13 233 85 223 -247 224 113 -133 -55 59 14 -115 -100 -106 73 38 44 36 -177 106 60 -88 173 -74 128 189 15 46 -223 74 -84 -149 -168 187 -160 -206 141 184 -172 5 -49 -121 -30 68 -113 -140 -156 -131 239 -104 88 -9 117 -117 -154 157 96 190 -8 -192 -111 -228 -225 -22 230 99 -38 204 -62 82 -46 21 -120 -201 47 -167 29 -35 147 110 243 158 -67 112 137 -48 119 -216 -103 -105 142 -244 -32 -94 156 214 -151 89 134 -11 -42 -15 -50 103 -243 236 -165 165 -190 212 248 19 -45 225 0 -235 81 -86 108 129 13 167 191 65 -203 220 242 -227 -26 130 172 -142 144 32 -114 133 162 -71 -207 -199 150 -47 12 -5 -90 7 48 229 115 49 107 -97 64 58 -28 155 -33 -170 180 -217 247 170 43 160 6 -1 163 221 9 -236 199 -141 -96 152 213 -69 105 126 146 -64 182 -78 -245 23 -119 56 79 -231 16 -157 -54 136 61 -145 -158 -159 148 -246 45 -112 183 153 -233 -37 41 193 175 -185 91 245 159 -95 -39 -101 -214 201 -176 -234 168 -155 -189 -19 -79 -68 -147 -61 -53 97 -93 -166 -180 -75 -16 55 -208 -173 -182 -222 50 70 -197 39 127 -89 -34 -70 -194 -250 -188 -87 94 42 177 -52 67 197 -138 -239 26 -210 203 207 -240 109 241 84 -219 30 -7 216 -21 -238 151 20 11 -116 102 -196 -193 120 -85 -65 169 143 -102 -98 208 -135 98 -3 -72 17 22 -179 -27 202 -161 -12 4 37 -139 -132 226 205 -29 28 -14 -163 140 69 -162 -237 31 149 35 124 206 -152 
TEST 111 ARG:6 -204 -96 249 -172 -224 -126 184 -205 120 242 4 -208 230 199 -34 -101 -153 -2 -88 208 -199 -136 193 83 234 -3 -227 67 152 -38 69 -36 202 -232 154 -82 119 216 -108 -150 -244 -209 35 164 125 -173 239 196 90 44 212 -39 206 26 -11 56 177 244 -147 54 -235 66 -104 -179 129 -159 -152 -78 79 -194 -229 157 -33 -122 -197 -42 29 -216 53 -105 131 -132 -114 -70 -140 -28 -1 31 195 49 168 33 -200 -217 19 -177 59 -239 92 -131 170 9 -242 228 224 -44 180 -207 -218 -192 104 -214 -158 -211 -49 -180 -71 204 181 -220 166 -125 -246 73 45 -195 2 -181 146 -190 23 20 -65 -91 72 -187 82 103 213 -18 238 47 178 173 187 -230 -62 141 74 -157 22 -74 58 -178 -176 -81 150 38 10 -201 -22 -93 135 -69 81 189 11 94 -212 156 -54 162 -198 226 -249 -5 243 100 -165 -86 220 5 209 -106 -116 174 -221 -245 210 -17 -124 138 194 -41 86 -196 -250 -99 116 -169 191 172 -64 -238 76 95 -202 -10 96 127 115 -90 144 -145 108 55 93 64 -120 -97 163 -75 52 70 -43 -66 -203 -174 -48 -40 12 17 -118 -79 -89 -84 240 -168 -144 106 -248 221 223 -117 155 148 -143 205 158 -226 186 24 183 -100 -149 248 -146 -141 -53 -80 -47 15 112 192 -35 -148 97 -98 -222 28 114 107 -119 -32 -234 -9 -123 -129 161 171 50 217 -111 -154 21 -138 57 -94 7 137 -52 124 -112 -56 34 123 -164 200 117 -50 62 30 231 -95 132 -241 -186 -223 -15 -46 130 -183 -137 159 185 -7 27 -12 98 -59 61 110 -102 -135 91 -57 36 -233 78 40 -25 179 68 -189 122 -4 -24 -60 -167 42 134 -16 14 -6 -107 -37 247 203 -121 237 133 -134 18 -14 25 65 -237 48 -31 149 -151 207 16 188 -163 128 -92 151 -228 -213 -27 -85 167 -87 60 -191 169 -166 118 -206 -21 227 -188 89 13 77 165 -133 176 -67 3 160 -210 87 -182 198 37 211 71 241 -115 -51 126 190 246 -184 142 -63 -55 -19 214 8 43 -139 145 222 -30 -13 -240 39 -45 175 215 147 -243 105 1 229 111 102 143 -77 -161 32 -127 -20 80 -130 -175 -109 153 233 -155 225 -83 -193 -73 -219 -23 -68 140 51 -231 -236 136 63 -128 75 -171 41 -113 -156 -61 0 182 -58 -110 232 101 219 109 139 -160 218 -26 -247 -142 -8 245 46 235 -162 84 88 -29 -215 -170 -72 -76 -185 236 121 -225 85 -103 197 201 113 99 
TEST 112 ARG:235 23 -135 160 -248 -74 181 65 -142 42 173 179 -173 -8 111 247 -57 -203 118 -83 -87 8 -156 219 -141 223 215 167 61 -237 -153 20 -21 -117 211 182 78 36 169 -223 -226 -104 -228 128 -47 -244 185 -82 152 -234 -182 40 -92 125 -193 -106 116 37 -71 33 -39 -121 120 -108 90 -229 28 -62 -224 -165 76 155 9 -241 110 12 197 -185 -235 -1 -48 54 158 112 -230 -225 208 122 210 165 0 -123 -24 222 -168 98 -5 -105 186 -122 21 64 146 233 -112 -69 70 -158 -124 30 -140 -183 -195 69 -204 79 -41 -134 -164 159 -95 221 -120 -64 -44 -166 232 199 -146 228 26 -250 32 -150 6 -58 -2 107 -97 -159 -201 -27 82 194 -205 -176 -212 -131 -60 -16 -209 -14 53 -32 -171 -23 104 243 134 14 -19 -180 -160 203 229 106 163 178 -118 56 -129 16 240 -61 -40 207 184 -51 -49 189 -181 35 48 18 117 161 -38 108 -34 -70 -144 124 -67 51 -75 -133 22 34 -200 -22 45 -233 -232 -174 -192 -10 -89 -111 62 101 129 220 94 187 -12 19 177 193 236 -132 137 192 -190 188 149 241 231 -43 -86 -199 153 -207 -80 -178 238 142 -175 87 123 -208 -186 -213 -127 -196 5 -187 74 245 -155 -152 248 -238 91 89 242 -139 -170 92 -56 -11 -191 -37 -93 216 68 212 100 151 -119 47 67 136 1 -17 -148 196 -149 166 133 -130 63 239 206 -90 225 141 -91 -94 200 -114 97 -101 246 154 -116 -125 -197 183 202 -99 -145 -128 71 249 -239 -126 -242 -100 131 132 44 164 -216 24 27 -136 -177 -109 -194 10 -4 -77 -79 171 75 -15 3 66 157 -73 -161 -154 244 -184 96 -81 -98 -6 -59 -231 172 -179 11 93 83 -157 -151 4 180 99 -102 237 -246 170 17 205 -147 80 175 -88 -50 -138 -7 126 114 -236 -221 227 52 50 -163 113 72 86 85 13 -219 -53 -55 -68 -227 -143 -33 -245 46 147 214 121 -9 162 -3 -54 -35 195 217 198 127 38 77 41 -167 -76 -29 57 -31 -115 -215 2 88 -46 39 25 -222 190 -72 -66 -20 143 15 -78 81 191 140 -30 58 -110 234 130 226 213 -107 95 -42 7 -103 -96 -249 -25 176 174 -202 139 -210 218 -52 -65 -243 31 145 105 156 168 29 -137 144 102 55 -36 109 84 -206 49 43 -211 -172 -85 148 209 -162 -113 -247 -13 59 -26 115 224 -63 -189 201 103 -18 -45 -188 -220 119 -169 150 138 -217 -240 60 -218 135 230 -84 -214 73 -198 204 -28 
TEST 113 ARG:-217 -114 57 248 -25 112 -39 165 229 -187 -116 -110 -61 9 -148 20 -122 155 -204 159 114 -112 -68 53 -118 -108 -133 -99 -96 -220 -31 137 -14 152 -128 154 -203 -231 -33 7 64 -91 -82 62 -245 16 -40 110 -23 246 207 -166 -153 40 -215 -183 -219 -103 -176 -6 233 -198 96 -213 146 -32 -233 -80 -35 245 -159 -87 86 19 -228 85 127 -126 -38 -79 -42 -224 -45 18 -207 191 -244 69 12 -60 -131 -237 176 -106 198 228 -222 -94 -250 -160 17 209 72 60 -155 27 -139 193 -180 -98 101 111 192 -154 136 226 30 -66 -19 0 100 34 51 -92 -156 206 10 208 220 183 94 74 -24 89 -84 75 -67 177 -120 -232 -163 97 -165 116 242 -197 108 14 29 217 131 -30 50 161 132 227 -70 -210 -125 190 3 102 -179 175 -194 -73 120 -136 -227 189 98 -196 -62 123 -192 -127 -5 124 166 158 -10 -17 -46 -202 -170 249 -16 -188 -247 82 -3 139 -47 130 79 -175 -53 -135 179 160 219 26 46 241 142 58 163 -236 -26 52 -105 204 199 -12 -81 15 -78 213 -18 -64 200 -27 78 -241 43 73 188 63 -248 45 231 -243 55 221 238 -9 -89 171 6 128 -171 230 -186 -149 95 117 -129 -146 -22 -169 -65 -4 -205 48 -178 -214 76 -242 81 180 143 -74 -199 -211 157 113 172 5 151 133 -63 -119 22 243 -72 174 186 -132 67 -223 178 -7 126 61 -111 -28 -43 83 -11 -162 210 87 -193 170 31 -226 -21 -239 -152 -209 107 -1 -48 -216 -95 38 -225 164 -15 -29 149 49 -177 -107 -144 205 232 -56 144 196 -8 225 8 -41 -77 147 -101 -121 -145 -109 138 4 91 -221 -246 -208 54 103 -157 169 -83 -137 -49 145 -151 119 247 -147 -212 185 184 -229 71 93 -172 -240 84 214 201 68 23 -55 240 -142 -2 -76 197 70 236 121 212 129 -141 -113 -100 -195 -218 35 65 237 203 32 150 24 105 -189 66 162 -124 195 -20 -71 168 -115 148 234 187 99 92 -185 -69 -44 -58 -75 -235 59 125 167 33 -117 -123 -167 -150 -161 90 25 47 -102 -130 -184 -88 211 -85 -238 -190 37 88 -13 244 2 218 -206 -143 115 104 13 141 118 11 -97 -57 -168 239 -59 -138 1 156 -191 -182 56 -51 222 182 -52 -37 202 36 194 235 80 -104 -86 181 21 134 153 140 -36 -201 -93 -164 -249 -230 -158 -234 223 28 44 -174 39 135 -181 -50 -173 77 -134 109 215 173 41 216 -90 122 224 42 -54 106 -140 -200 -34 
TEST 114 ARG:-168 21 36 -1 241 -238 137 221 -248 87 37 209 92 -246 145 153 -62 108 -64 -33 -88 20 -237 174 -228 19 -166 -77 -50 58 4 242 -152 11 -75 12 9 245 -229 219 142 -127 50 74 10 -125 107 89 -72 -122 98 -217 173 152 118 -198 147 -154 190 -133 -129 188 70 -225 -187 57 -135 -220 -222 23 -116 -105 189 -153 216 77 76 54 171 -40 133 176 -70 103 181 -180 -134 207 -211 227 34 -212 -103 -61 117 13 -159 6 136 -27 175 -137 -206 -234 100 -11 -126 -26 200 -150 -109 -199 -227 238 -90 39 -221 187 -130 -209 213 -115 71 -65 212 132 -232 -81 31 -242 178 -143 -219 -164 15 101 -51 -182 25 214 83 124 -158 208 -193 157 -250 -157 -163 -73 -22 -120 194 -29 -2 59 -23 177 198 248 121 -196 -231 155 -56 -74 -118 -179 -54 27 138 46 7 -12 -119 165 90 179 111 -132 -223 53 -202 -4 -38 -111 -169 205 237 -66 123 55 80 110 -53 62 -175 -244 18 244 -5 106 96 184 115 -3 -71 -36 156 94 166 -83 168 -114 -63 151 -47 -149 56 41 -99 45 128 119 -208 91 82 218 -170 210 -86 -181 -49 29 3 -148 14 -8 -247 -186 172 -43 116 -165 64 67 215 -224 99 -32 -176 139 192 -207 146 -131 1 112 164 -183 163 125 -60 135 225 26 63 47 247 -171 -230 148 68 -162 38 224 73 223 -136 97 60 -195 -124 -121 81 -172 -14 52 180 249 -59 -87 -174 65 -52 66 -107 -93 206 72 -188 104 -7 -140 -197 -144 182 30 -201 122 -106 154 -25 -177 -44 235 -20 61 -104 150 -113 -205 -39 -173 -9 -76 48 -28 -92 -67 160 8 -190 -108 113 195 -41 17 33 -123 199 159 -233 226 -145 51 170 -245 127 -16 -82 202 236 -31 -243 149 -89 -13 167 191 -194 129 186 -151 49 211 -78 95 -21 231 32 -48 -91 204 185 -45 -57 -161 228 -18 -95 -241 246 -213 -160 84 28 196 -46 -142 -68 -101 183 162 -210 -10 -19 -215 -139 -102 16 24 -191 35 232 -185 109 143 -97 88 141 -204 0 43 134 126 -156 203 -117 -146 -147 -6 161 -17 -128 -24 42 22 -79 -55 -15 -58 -85 220 -110 197 -42 -100 -112 -138 -192 -218 130 -167 -141 169 78 -239 75 234 85 -80 114 -178 229 239 69 -96 -84 -30 -155 5 -94 222 240 -200 -189 -184 -249 -235 44 140 -240 -236 -34 158 -203 93 120 -214 79 217 2 86 -35 230 -98 -37 102 -216 193 131 40 201 144 243 -226 -69 105 233 
TEST 115 ARG:-16 -191 182 -5 -142 1 -184 215 105 -86 -39 13 -199 209 9 206 -200 -105 -176 -211 -153 83 216 -2 160 -237 -170 -245 190 -150 30 46 -13 180 -14 11 -223 -130 -28 -221 24 32 -182 -163 68 119 195 42 31 -235 -75 -51 28 225 153 -222 -55 -161 169 -6 93 -19 235 -7 179 173 204 164 101 -56 -141 -63 149 -23 -236 114 -15 77 -196 -119 243 -214 113 -78 88 -18 178 154 146 -68 99 57 197 85 19 228 214 167 0 -201 -248 -174 240 -220 -250 -8 27 -172 175 133 84 -100 -87 15 79 -228 -147 -64 -162 -90 130 -125 231 33 132 22 -24 -17 58 -107 -193 165 248 26 -157 -143 74 -37 -40 -81 62 140 -185 21 18 73 20 98 177 -54 152 -183 211 238 37 -96 8 -140 -131 16 29 78 222 -165 -212 134 213 -120 -3 159 51 230 -226 143 -168 60 52 115 -80 202 126 -156 67 -209 -189 236 -88 -84 109 237 -61 -227 107 -85 199 61 -71 194 242 -50 -83 245 -123 -216 81 -59 128 141 184 12 192 124 -188 70 -145 183 -225 -239 5 -197 111 -49 117 -95 176 -241 35 -118 -230 -73 198 -27 -244 -10 55 241 -246 -132 75 -114 7 96 157 48 -109 122 144 171 -30 38 -175 221 -32 -20 -164 10 97 -25 -229 -117 223 -106 239 50 -121 -138 25 80 -69 -115 -187 125 181 91 220 -177 17 -9 234 4 -180 -34 -247 170 -66 -77 -151 -33 -76 135 244 118 -206 -146 -213 56 -60 -48 72 212 145 -124 -58 -178 -94 95 71 -122 -154 -133 -234 102 137 89 121 219 64 148 -11 110 -135 249 -179 -113 207 189 -233 247 -104 -92 -42 -110 150 -93 3 -82 174 -108 -219 -21 -148 -29 -240 156 -139 -31 217 229 224 -215 -26 -194 94 233 -202 39 6 63 -149 -238 -22 -137 -136 -38 -232 -208 -67 162 -72 -91 139 -169 -70 92 36 112 185 -47 -134 90 -116 53 208 -181 -53 191 104 158 -126 2 82 -171 -217 163 -207 54 186 59 -57 201 136 116 44 210 -158 142 -231 -52 193 -127 -62 -224 -186 14 23 227 -46 76 232 218 -152 -190 -44 49 -249 -195 45 65 127 226 -41 -98 131 168 -101 155 166 -144 -155 -65 -112 205 47 -45 203 -111 43 -128 188 -243 147 -79 151 246 -204 40 129 -203 -173 187 -205 -166 66 34 -35 120 -12 -102 -99 -89 161 172 100 -192 86 -160 123 87 -242 -36 -97 138 -218 41 108 103 -1 69 -103 106 -198 -74 200 -129 -210 196 -159 -4 -43 -167 
TEST 116 ARG:-72 -16 113 -155 -112 -80 66 158 42 -216 -211 210 -150 -96 -223 115 -202 188 173 133 -3 127 172 150 21 159 -33 55 -175 -28 168 63 -79 -9 -15 -195 139 -248 164 -222 0 -128 107 -65 196 -24 -212 6 156 239 227 16 100 -8 19 80 249 -219 206 -93 99 197 246 -134 162 183 195 -74 -192 143 40 240 -102 111 -158 213 -119 184 -166 -229 -177 -98 -120 228 -189 -64 -101 214 -186 146 -109 -207 201 191 27 92 17 132 192 -30 62 -55 103 -153 -124 -141 -196 -204 79 136 102 -136 204 235 -169 -59 -83 128 -111 64 -143 219 59 223 209 157 -46 94 44 222 22 -20 -148 106 26 15 -176 -44 -19 -85 -152 -130 -140 -40 -13 90 -203 41 -214 205 -149 -198 242 -110 120 238 -84 -138 117 126 77 101 -95 -22 76 105 31 185 -34 -227 67 -75 -232 -191 -88 12 199 86 -194 -225 10 -100 144 -117 -135 -43 118 -132 54 122 -170 -10 -200 -73 -47 160 169 -245 9 -89 -178 -151 37 -179 -105 -164 -244 -32 180 -60 -213 -237 87 -61 174 110 -188 69 -206 123 -201 47 -205 -35 119 245 -45 225 -242 -118 28 177 230 189 -167 -190 -165 -226 161 163 -228 -17 112 138 2 -54 -159 53 -235 7 220 134 211 -199 129 182 -208 65 84 38 166 68 -233 -121 25 1 -49 52 -239 91 175 29 49 216 -231 14 -234 39 -76 11 20 244 232 -173 82 -63 153 114 176 -4 -66 187 88 -41 145 193 32 202 -220 130 233 36 23 -236 -67 208 -154 131 -106 89 181 -230 -182 -221 34 51 74 -209 -157 -238 -145 186 18 -103 -2 30 -68 142 -53 -12 -218 -144 50 198 190 -142 95 -163 -82 -18 -156 78 215 -90 -26 -104 -27 -92 -21 -25 -171 147 -168 171 85 13 -172 -7 -131 248 58 -86 243 -91 -1 109 -39 125 -81 -185 -161 -243 -97 45 8 170 -187 -183 152 -247 -51 200 -94 236 140 -181 -147 108 97 -125 -5 -58 167 -139 -87 -77 -14 -133 104 224 35 -184 -115 207 -29 -137 154 -38 151 56 -114 -11 -197 3 -99 -50 -162 -241 70 165 194 -36 -122 61 57 5 226 -37 -123 -23 -224 -210 -126 -193 141 247 217 135 96 -52 212 -240 60 -129 83 -107 46 121 231 124 48 -180 221 -31 241 75 -78 155 149 -160 72 43 -116 -56 93 -57 -42 -250 -246 -70 -127 179 237 116 -249 -71 218 -62 81 -215 24 73 -174 137 4 234 -146 71 -217 148 -69 -6 98 33 229 203 178 -48 -113 -108 
TEST 117 ARG:-75 3 105 -89 -194 202 71 227 -232 97 209 -5 -7 -152 -215 -121 13 226 56 -134 42 38 -45 -107 179 -50 126 -48 -224 -138 180 -211 212 -2 -236 134 -174 -176 -163 -182 193 133 -29 -87 -140 160 109 215 175 35 48 -231 -157 75 -229 -225 -111 -33 54 -216 -113 -93 102 -13 158 121 -175 70 -58 92 -21 -125 -187 -183 -37 14 191 -14 64 143 -167 -148 -159 -196 -192 140 224 85 166 -142 -49 53 -127 104 -129 2 -168 136 110 87 -124 -153 -151 -90 98 -249 -68 -205 -16 -67 148 23 -32 -12 144 -46 200 37 -69 -136 49 -17 -165 -226 62 -179 -71 165 100 -230 79 68 -155 36 66 151 142 208 147 -97 -169 -47 -115 234 163 -147 247 -106 220 -214 -118 196 169 -59 225 -96 -61 52 -178 -237 137 183 -35 86 -3 -188 -43 -64 -26 -116 -223 -162 -39 29 -72 10 91 -40 124 73 -82 90 131 246 -185 22 31 -119 211 -41 11 186 -34 50 6 46 -189 -239 168 78 146 -63 187 44 -10 -55 177 -104 -139 -54 77 -233 8 -143 125 231 -209 -198 -137 -36 -123 159 111 -195 89 113 239 233 -101 -200 15 -206 -240 154 47 -44 -184 95 67 194 -30 201 -173 43 132 -213 -208 57 93 -74 -141 33 -160 242 127 229 115 -156 -86 -51 39 25 72 0 41 -243 -248 -191 -228 -201 59 213 216 -210 -100 141 197 -76 161 222 -79 81 65 -146 217 238 1 -92 55 5 128 123 129 -114 60 21 -197 -95 17 119 -220 -88 -60 -25 236 -193 237 116 -1 145 -245 7 207 114 101 27 118 80 -84 -20 -83 -103 83 164 -135 112 63 -18 162 -80 -122 -62 -31 198 -250 -108 -235 -181 243 -102 -221 -23 138 88 117 -126 -8 -11 76 245 -130 -234 -158 248 -222 20 -85 -177 -22 -56 -78 -91 173 -52 -27 -171 155 230 -207 241 221 244 -132 32 9 172 -203 108 -186 12 -166 -161 -112 184 -145 -110 167 -242 34 -227 -77 205 188 -4 -149 99 -219 235 122 192 51 -244 -246 -42 150 -70 181 -190 74 -172 120 -154 -144 58 19 40 -105 189 -247 178 -202 152 170 -238 -170 249 106 -73 -133 -57 30 210 -150 18 -117 -9 157 -212 -94 223 228 -241 -19 190 -6 -28 182 61 185 232 24 -53 16 103 -131 45 28 -38 199 149 96 107 218 -204 94 -180 -120 171 139 -99 -109 203 -164 -15 130 -199 240 4 -217 -24 -218 156 214 174 204 82 -128 219 -65 195 -81 69 26 -66 206 176 135 84 153 -98 
TEST 118 ARG:60 -136 -119 -65 -199 169 135 -7 -105 -139 110 -19 28 -51 -41 32 227 -67 41 38 56 9 -110 163 -245 230 241 144 172 137 161 31 156 218 233 91 -63 -18 145 -48 -240 -212 26 -115 -76 -214 201 34 143 -229 -126 238 132 85 140 70 -223 4 -64 -183 195 42 -194 -141 84 -29 69 -191 36 82 202 204 234 150 174 134 89 -237 53 95 -113 -69 -230 102 -95 171 200 15 126 -163 -205 -33 149 59 -235 -15 -74 127 -246 101 -22 -208 115 108 121 12 45 -4 -8 -10 67 105 -225 215 182 -120 -66 -75 -102 24 205 148 -213 206 55 164 -222 -118 -54 168 160 -12 7 -24 -77 -71 111 183 188 220 -73 208 2 237 229 -56 -124 -42 131 -92 -172 -241 -244 -88 -5 -93 -112 6 -165 -57 119 96 -131 -72 33 -242 186 79 10 1 -45 -134 -161 214 159 -14 66 -104 -146 128 109 -250 39 203 187 -122 63 81 -50 88 -234 -187 129 30 242 -216 40 -16 78 -21 -180 -151 -207 23 113 -30 249 25 -150 221 -227 -82 -1 -20 -98 -184 -32 5 -188 138 -206 -79 -130 -200 122 104 141 155 191 -181 180 219 166 -99 178 -2 -53 43 11 -221 -123 -96 22 -155 181 77 245 -148 -166 -249 107 123 87 73 75 83 124 -111 -27 35 -152 72 -9 68 118 0 -47 19 167 -137 231 -203 -167 -103 13 92 -154 -35 -81 225 -217 177 103 120 -59 -13 224 -158 65 -177 -62 -117 236 8 222 -58 21 -156 -127 -198 -231 -108 -239 -209 228 -186 -101 52 -68 106 193 -145 -116 217 -233 -132 -147 -248 147 58 -80 3 -46 93 -164 64 -159 -224 -193 158 -61 17 -6 44 179 -142 210 54 -196 -197 175 80 114 246 243 -38 -220 -232 99 -140 -128 57 -238 20 -215 209 -55 -107 190 -143 98 90 48 -94 -176 139 -17 -11 -129 94 152 -121 61 216 173 -162 86 -202 51 -125 198 194 -228 154 -157 -192 29 117 -39 240 116 189 18 -114 -109 157 -87 162 -236 146 226 176 74 -144 197 -169 97 -34 -90 165 46 -201 37 -86 100 -133 14 -91 -85 -36 -44 170 -25 212 -195 248 -175 -153 49 -243 -178 -60 125 -179 -3 -70 -106 -210 -89 -174 -171 -189 -204 -84 16 207 -218 71 -26 -83 196 136 -78 133 142 -190 153 -211 -138 -135 232 -149 27 -28 -40 -160 -100 -173 -52 223 239 -37 185 199 -168 235 184 -49 -170 192 50 -23 -226 247 -43 112 130 62 -247 -97 -182 76 211 -31 -219 213 -185 244 151 47 
TEST 119 ARG:192 -1 -111 105 -102 -205 -67 120 79 168 141 -91 -26 35 242 -18 -36 -155 -48 -92 53 -231 173 143 244 -219 -13 -64 119 -215 -76 72 70 74 203 -82 -239 -45 118 112 -46 20 159 23 14 101 45 25 -244 -115 -249 -40 153 -14 -54 50 -179 -35 -160 226 -152 -228 -186 102 229 -94 54 -12 99 200 155 137 133 21 172 -129 -229 -145 240 -216 -146 -57 124 -120 -154 -142 -61 -135 198 -188 64 -66 -110 223 26 -98 41 238 -139 -176 -190 -234 -178 -70 96 188 -125 164 48 -185 43 -10 -143 -106 -144 -192 6 212 147 234 222 211 -214 -95 62 68 -52 -236 7 -80 95 156 -180 39 -204 -166 71 -103 -104 216 -99 217 210 -43 -105 -73 67 131 52 -168 197 -55 -226 -100 36 -49 -19 -225 17 -140 13 -121 125 -29 -195 106 113 117 166 157 -189 249 -248 224 84 152 -165 -15 98 183 -59 -50 -224 37 -81 158 82 -161 -127 -172 -191 239 -7 29 221 -182 -159 103 -4 -212 208 46 209 151 91 -109 -32 -151 -116 -34 245 186 139 233 34 227 220 -2 -167 165 51 213 -79 -156 85 -200 206 10 -22 146 196 135 236 94 142 -85 -232 -213 205 -196 -3 -60 -157 -38 63 185 123 89 134 199 -108 -162 -89 140 32 22 69 11 -93 -169 -181 191 -149 -24 194 -164 16 -65 4 167 -138 33 -28 -170 -63 175 248 5 -242 107 -203 -217 -113 -30 0 -133 -194 114 -183 12 225 136 215 -206 -238 127 108 47 81 218 176 3 -223 -72 77 116 -119 44 -218 42 -177 38 -44 -5 61 -6 59 -58 -198 163 190 -114 -199 -247 -117 -9 88 -39 -209 73 -221 -112 160 58 -17 178 -118 138 111 -90 18 -246 -131 -122 110 -158 148 154 207 -47 100 -97 -107 93 92 182 55 -41 90 76 86 128 189 9 -134 -126 65 -148 40 201 -23 246 -230 150 -202 -210 -86 -141 -233 187 -31 202 -33 -153 -123 -84 -227 -235 235 -174 -56 -88 122 -16 132 -37 -83 -75 -137 80 129 -124 145 130 241 -27 -147 228 180 -130 243 2 1 -163 -68 237 49 24 -71 31 87 -136 57 -211 -78 -11 -20 15 169 8 -69 144 -77 27 -25 83 181 66 -243 174 -197 171 -74 -240 230 149 193 -207 -187 109 161 -21 -237 -220 -175 177 126 19 -101 60 78 -42 231 -132 -222 104 -51 219 -193 -245 -53 -96 195 -62 -208 -250 -171 75 -173 -201 97 115 -8 162 247 214 179 30 121 204 184 -184 -241 170 56 28 -150 -128 232 -87 
TEST 120 ARG:-28 235 -243 -150 206 121 146 -12 30 -116 -103 -141 -77 -104 -155 -175 -38 167 -176 89 -53 62 113 59 127 -173 -169 -179 232 -111 -207 166 76 -32 -170 122 -140 211 -230 -200 68 -73 156 -196 -161 77 -201 -91 -115 -23 -119 -89 73 -235 33 -85 237 -5 -49 -171 -10 104 9 40 -35 43 -216 155 -20 -64 -232 -18 -117 -80 -133 -69 -76 -19 -206 85 -178 186 -42 99 -248 205 -184 223 95 78 27 219 31 72 -224 -162 128 -138 105 -186 -130 158 0 -106 154 -62 -237 11 110 -145 -26 -3 175 117 249 -120 -177 -92 226 -82 75 -6 194 -215 -97 -84 133 -249 111 -15 -227 142 -33 97 -189 210 -50 51 -158 240 197 150 -144 52 -136 139 143 -157 112 -68 159 -86 131 41 178 -193 36 15 -43 188 -218 88 203 -149 -51 -205 174 -213 -93 -221 34 -83 -146 -220 53 213 238 181 -1 63 -44 47 35 79 -16 239 94 -105 216 129 242 66 148 -25 2 -233 19 -100 -154 -63 24 -2 -217 -70 -139 1 -156 -198 38 119 87 3 202 189 193 -202 -242 145 247 101 126 18 -65 37 57 -163 46 60 100 201 236 185 234 -37 -208 -245 108 204 49 152 171 -102 -52 -239 199 83 -238 91 -240 39 13 54 -190 102 84 187 5 -98 64 172 -58 56 22 8 -61 -164 -225 -192 123 -13 -134 162 29 -55 -14 -34 177 212 -71 -183 6 -79 243 137 173 161 -180 -159 -8 103 67 208 42 163 157 58 -57 214 -214 248 -99 96 176 179 -231 -246 -17 -108 182 -118 -48 -147 -22 -194 -78 81 244 65 -124 124 17 218 -172 -199 221 -167 -66 -101 109 -88 -121 10 -223 -112 125 20 -166 -128 114 -107 198 74 -30 160 -113 138 225 -109 98 164 -31 136 220 170 -152 -174 192 130 -54 118 25 224 -29 -41 -191 -9 21 93 45 153 -59 195 -148 231 222 230 70 -39 -143 92 -210 -90 -7 -160 116 -27 -195 -247 147 80 227 -153 183 -234 135 -209 -151 -95 -182 -137 23 245 149 233 -126 -4 48 169 -75 228 14 -46 -181 -40 82 7 -187 132 -127 -11 -211 207 -72 120 90 165 -110 61 28 69 -47 217 55 215 -132 12 -212 -123 200 44 -188 -24 -244 4 50 140 134 144 107 141 -165 71 -74 -168 -229 -226 -21 -222 180 -56 -129 -60 115 -131 168 106 -219 191 -185 -36 -122 -135 -87 -125 16 -236 -204 229 -114 86 246 -67 209 151 32 -203 26 184 190 241 -45 -142 -96 -250 -81 -241 -228 -94 196 -197 
TEST 121 ARG:-63 166 139 -214 -225 159 132 -65 45 207 -166 -100 -178 -56 -151 140 -18 -125 182 -60 131 225 48 26 107 -81 -210 -187 -2 6 7 -55 97 249 57 -28 -230 -109 212 243 96 33 115 119 -4 -33 168 -190 167 -12 -140 172 163 -191 100 -162 211 -201 44 117 169 221 -107 -233 215 248 -97 35 214 -161 -61 -155 -240 -199 -218 22 55 -117 -217 18 -197 181 -176 37 203 244 177 62 101 -154 83 -188 73 116 213 -185 219 149 -238 147 -209 2 208 179 -95 -221 50 -189 -215 87 193 247 145 -13 -39 -36 -20 4 226 -220 -99 -79 227 17 -32 82 -146 129 -193 -44 -119 -66 194 152 -85 0 -103 -216 210 -128 188 -76 -219 -202 241 -64 184 113 -207 -111 -198 199 150 -224 16 -126 -15 127 161 -157 236 -141 123 191 171 -184 -223 222 -206 -241 155 -38 157 91 -120 -123 209 66 198 -167 189 93 85 133 -226 71 -134 -137 164 185 -179 -45 -114 170 27 -47 99 -138 -231 -11 -121 -83 90 -1 65 231 -144 -170 -82 -80 92 106 217 146 -129 -8 -24 -174 -78 -127 160 245 -48 94 -239 -142 110 -227 -69 -245 31 -19 47 195 28 -236 -84 -74 165 162 70 -67 141 186 -135 125 156 -200 -115 242 -131 -72 46 -175 -29 105 206 38 -243 -34 202 78 -180 43 72 23 233 -192 114 -247 -70 -43 -42 176 124 13 223 54 -54 224 49 -250 -53 75 -106 240 61 63 -23 -112 175 39 14 -237 -205 237 -171 235 180 80 -208 20 102 -91 128 118 -246 -89 -177 137 108 -5 -93 183 120 -9 246 81 -57 -26 154 144 -7 -194 173 -110 -228 -50 130 95 1 52 121 -62 109 -212 -77 158 32 68 -116 -195 -203 -186 138 -234 -92 228 -204 -22 -10 67 -248 -98 -21 -35 -145 -118 -158 220 -46 24 -49 230 200 -30 239 -58 -51 30 -31 -235 -147 58 84 -173 -75 -163 -59 196 143 -87 -101 -130 190 19 8 10 174 -124 -122 29 -211 -68 104 56 -196 -172 -73 89 -41 41 -150 216 -133 135 15 -159 -156 -232 -149 -169 -183 192 79 187 -182 136 218 234 134 -153 -104 112 60 -168 -37 -152 34 -105 -136 74 -113 -242 -6 -249 -148 -27 -222 -213 51 -181 -132 -88 111 201 77 3 76 36 5 -102 86 69 -108 -96 -86 229 42 151 98 -165 148 -244 -14 64 53 126 232 9 -90 -229 88 -3 -143 -52 -16 122 197 142 -94 11 205 103 178 59 -164 153 -17 -139 204 -25 -71 40 25 238 -40 -160 12 21 
TEST 122 ARG:-193 -139 -49 37 -132 41 124 -234 95 -140 -27 140 102 148 -57 197 229 184 135 36 -145 130 100 -13 -181 -35 -58 181 47 58 -97 -225 -175 -20 227 119 -83 67 91 -33 -128 -133 -180 104 -51 149 -242 118 248 -166 -7 126 221 -121 241 -153 131 -220 -34 208 -25 -118 -196 -90 -229 -89 -19 243 -191 206 218 45 -60 -161 204 -62 -158 -147 -197 -93 -137 -134 139 23 179 -170 -40 240 213 158 57 -42 -135 163 -72 -23 -188 -56 -63 147 25 34 232 -207 161 186 -156 210 3 -240 183 22 -44 0 -2 -82 122 145 -142 234 29 133 89 203 117 -174 176 -11 -74 -37 214 -81 -124 -91 93 81 -104 -76 152 -215 207 -171 -69 -30 138 199 171 66 -222 175 -231 -94 -141 70 -176 -127 55 -107 -214 202 90 120 -117 -168 13 88 -143 111 94 12 50 9 49 113 231 159 21 84 5 -224 72 109 -79 -48 -9 28 187 52 237 1 43 16 35 167 193 -194 246 -149 192 -115 -120 -249 11 33 -248 53 -186 151 225 -241 -123 235 -245 -212 223 73 127 209 -154 -18 -184 -163 -101 -160 137 144 108 -66 69 -86 -98 172 168 -209 -103 106 201 -15 -238 -199 46 -200 86 249 79 110 226 -144 -77 75 132 105 146 7 190 -236 247 -95 -164 177 156 42 -237 157 85 -165 107 -43 -29 -185 103 242 -88 40 -122 143 245 -155 164 -113 60 239 173 -53 -108 -99 14 215 -64 236 -202 -187 -247 -172 128 32 194 83 189 -226 -105 -70 59 -5 -78 -159 224 -218 244 -221 -12 -109 71 -55 -235 -87 -201 -112 -106 -73 -59 211 -92 97 -246 -39 219 -111 6 182 -189 65 48 -179 142 -16 26 -52 -114 76 -177 115 -68 -85 125 -204 51 170 185 160 -102 30 -65 -233 98 198 96 216 155 -31 82 233 -152 -244 -219 -54 20 4 18 230 -208 -167 -216 228 -36 -45 -67 -61 101 24 -17 -116 -169 -239 222 -183 -205 -21 -100 -75 -3 -217 68 -47 217 -6 112 129 212 220 166 64 200 -22 141 62 -14 -8 -46 -211 196 -213 114 191 121 -232 78 -119 180 -24 153 10 195 39 -10 17 74 -162 8 -230 80 169 -223 136 238 -227 -206 -28 -150 27 -71 -148 -198 -50 205 -4 -1 -125 -110 38 77 2 -157 -26 56 -41 -228 92 -210 31 -84 116 19 165 150 -131 -96 -243 61 134 -146 -250 154 -192 -126 44 -203 -173 -151 -182 99 63 54 -32 162 -80 174 -178 123 15 -136 188 -138 -38 -129 -130 178 87 -190 -195 
TEST 123 ARG:-208 6 -200 40 96 -112 211 0 -68 177 -9 -123 -183 -171 224 65 156 243 -74 121 36 -186 -178 171 -165 -111 -244 -90 159 53 180 175 -173 78 -151 -40 -162 -168 87 209 11 -73 -61 38 163 22 -146 130 147 48 52 132 -187 -103 -213 -63 37 97 -106 -160 124 -69 -120 172 -28 -214 100 -83 7 146 123 -170 25 -158 -204 109 -233 80 160 236 -207 15 141 89 -43 -66 -248 249 -139 131 113 83 240 120 50 -237 -94 222 181 -190 -145 -60 -141 63 -217 -12 -110 -228 -140 -115 -102 139 133 75 -55 -185 18 99 167 -38 214 231 16 -229 29 -234 -59 166 -174 -49 -142 5 145 67 -114 -249 -64 158 153 84 174 -32 244 45 183 -192 95 233 101 -133 -212 -17 91 -126 189 -156 140 43 202 -149 60 42 -20 55 -195 -220 -91 -47 -236 -175 -67 -95 -238 77 -243 -33 -116 47 245 -62 33 -143 34 -2 161 129 215 -65 98 13 -219 72 -98 137 -226 110 94 104 -240 246 135 197 82 143 173 -209 26 1 68 92 234 -124 239 230 -1 223 134 -169 -23 -78 -93 -24 -222 -127 -147 31 125 -239 -87 -188 -80 -75 200 242 -157 150 35 -108 168 -29 -227 70 -96 14 -101 196 241 -21 -129 -221 4 -107 -97 192 -137 59 88 -194 -205 199 -48 -86 21 -39 164 225 58 -18 -247 -11 169 -150 -131 -99 217 190 -76 -119 -159 127 118 -84 57 105 -225 -203 -13 -109 -197 30 108 62 154 193 85 -193 -15 186 -128 -44 -135 220 152 -70 74 23 176 -166 -45 93 -6 -216 142 -153 126 232 149 -199 216 219 -113 -56 -242 213 115 -19 122 -37 61 -42 195 90 188 46 -8 -155 -138 -164 -179 111 -16 203 -230 165 148 247 178 -82 -121 184 155 185 -3 -104 114 51 -77 235 -34 79 17 -144 -191 -161 -136 -7 -211 28 248 -218 -210 -180 -172 -182 -196 86 -31 191 -224 -88 128 -71 -89 -232 10 -26 -57 187 102 162 106 -184 194 -118 103 -27 54 182 39 -215 -198 -36 -132 -130 226 -152 116 -53 -181 20 76 -245 49 -125 12 -177 -241 -148 -52 212 -201 204 -25 201 -167 157 81 151 -163 -5 69 210 -51 198 -50 24 -246 -30 144 229 -176 -41 56 117 237 -10 208 -92 179 -250 66 2 44 -235 138 -206 -54 3 -105 64 -202 205 8 27 238 107 -134 -22 -85 119 -189 19 -58 41 -46 71 112 -100 218 -72 -81 32 207 206 -117 -154 -231 -122 -223 -35 136 221 -14 9 -4 73 170 227 228 -79 
TEST 124 ARG:229 -78 181 -69 -64 195 -19 -34 32 -106 -176 75 -136 -98 -203 152 -181 -133 133 90 178 24 30 186 -183 -127 58 -115 -129 -177 161 -165 162 -204 210 -128 111 131 142 241 -143 -213 -117 128 42 221 -53 -250 -241 36 132 -248 -196 -24 -195 214 72 -150 -100 95 -206 -152 -8 39 -121 -120 -173 103 -172 -212 115 -40 -235 13 -218 49 16 -39 73 -239 208 -21 183 -94 -17 -227 -155 -12 -46 -20 34 -166 -210 -90 135 77 27 96 -168 -153 37 119 -222 -156 184 202 -154 167 -160 3 -30 52 -170 23 223 206 -71 82 -25 86 213 -193 207 227 -80 154 78 -126 -229 -83 -95 -31 69 104 -37 105 179 -232 -79 -123 -13 -231 146 -122 -58 54 121 249 29 -109 -86 196 48 -219 -216 9 -111 237 -62 -4 106 -198 47 -186 -249 189 228 7 -240 -50 -103 172 50 126 -101 224 190 163 -171 -35 -148 -81 67 242 -82 140 -187 -233 -217 93 89 209 164 192 14 -38 -22 -208 -29 169 -77 -102 -161 -49 71 -188 -44 197 -146 94 244 -167 -191 -179 33 -124 171 -85 -189 0 234 91 -41 -3 -56 -245 -159 -42 -6 -223 -211 92 100 219 2 -220 -119 -93 99 143 222 -54 -134 53 -99 18 -11 70 248 -67 -234 19 -230 129 -48 215 194 138 -87 -72 -14 26 -23 147 155 -10 158 170 -215 -118 -105 239 62 185 -178 117 -73 226 187 -157 -74 174 205 -144 116 150 124 -214 65 11 -47 -96 -158 -28 63 -135 40 168 102 4 166 15 74 57 -141 -140 56 176 156 -209 193 -138 -200 -107 46 17 -88 -15 -45 -125 -60 204 246 198 -51 141 177 -16 -242 -110 -7 173 59 -132 -55 107 118 -131 45 151 130 230 108 160 114 247 -92 175 -199 -182 134 61 -180 -113 98 10 123 -202 203 -192 -130 87 83 -244 20 -151 5 136 -9 245 199 220 -226 153 -185 -221 28 84 -175 145 -162 -114 182 8 -52 55 -190 -70 109 -145 -228 201 -137 -59 97 217 212 -75 -2 -246 200 -97 139 -112 -237 -142 -89 232 -36 -18 240 35 -194 -32 -224 235 127 -33 -108 -205 216 38 112 79 6 165 -164 -169 80 88 76 -63 -139 101 -76 1 159 120 41 64 -163 -184 233 12 43 191 -84 -43 -243 -65 85 -174 148 -5 157 -26 137 21 31 -104 -57 231 -147 -1 122 -197 -61 -247 -236 -91 144 238 -116 125 113 -66 60 225 44 -27 68 -225 22 236 188 180 -207 218 81 149 -238 -68 -201 66 243 110 25 -149 211 51 
TEST 125 ARG:-234 80 -175 -165 125 35 -109 142 -240 22 -130 -127 11 -194 -63 17 -24 237 -139 -164 175 -45 61 6 -119 -223 34 -20 182 -233 100 -91 64 -182 225 19 103 -49 200 40 -108 -123 -141 -232 -187 -51 149 -125 -205 130 69 -225 145 129 -90 -208 -8 -184 101 124 144 -120 -96 -229 3 51 157 212 189 -133 -79 141 12 113 242 -155 136 52 -140 -10 -226 -180 -170 98 185 97 -210 -80 1 -212 -197 176 13 -38 -207 -104 -113 165 94 92 -53 219 231 14 -249 209 -94 -103 56 -7 -186 227 -231 228 -12 -153 47 -30 -188 -243 107 210 -59 -132 -230 49 -25 46 153 116 -152 121 -183 -169 -15 37 -129 207 197 -144 -83 75 -1 -200 226 -121 152 123 18 143 25 83 28 159 187 41 -177 -17 -32 -246 -150 -154 -92 171 -89 -5 168 27 -14 150 -191 114 48 214 217 249 -70 196 -61 -100 -248 88 -148 73 167 -85 102 -54 -196 -219 -60 163 -77 -110 105 -160 127 134 -41 247 -159 205 177 191 -147 183 104 -220 42 248 29 140 24 147 111 62 -9 220 223 50 86 -131 170 -214 110 -143 119 188 95 2 -62 36 43 -87 -218 63 -137 169 60 190 -74 59 -173 -166 162 -50 -116 178 -66 221 -222 -122 -156 -34 -167 -44 -52 -201 -111 -99 158 -95 -172 -81 -78 -19 76 122 -86 180 -242 -206 -98 164 -76 148 -250 108 112 -93 186 -35 78 5 -36 -185 -42 203 8 -29 -178 -84 -65 93 233 -211 243 45 67 -71 20 -26 118 -203 -161 -23 -82 239 211 44 -198 -46 -72 -47 -16 166 193 54 206 155 16 179 151 39 68 53 -221 195 -107 -213 -68 -215 -190 -204 -149 -192 -199 66 85 135 84 -27 -64 82 215 -117 -168 -13 -162 -189 238 -58 184 -21 81 -238 240 4 89 -138 -151 -136 21 -163 245 224 -142 -101 23 -102 -135 9 -43 99 -31 138 -236 156 -239 79 -146 -128 -56 -158 117 -124 137 87 -179 230 70 58 235 -134 -244 -3 -174 -6 232 199 74 -48 -57 -217 -75 -11 -237 133 -195 55 -4 154 173 160 91 96 -193 -181 146 213 201 115 -227 -2 128 236 -209 33 65 32 -39 218 161 15 -114 -176 -105 0 198 234 126 109 216 -115 38 246 -55 -18 57 -118 -37 -22 106 244 181 -228 30 31 -224 -157 10 208 72 -112 -88 120 -97 241 71 229 -67 131 -202 -171 -69 204 222 139 -73 -40 -247 26 7 77 -245 -33 -126 -241 194 90 202 132 -28 174 -216 172 -235 -106 -145 192 
TEST 126 ARG:-43 41 146 -205 141 -65 -120 217 80 -82 -222 104 -157 176 231 -249 174 -85 82 -161 -202 -147 -210 -111 25 1 -243 -90 158 56 -66 15 -54 187 28 165 71 135 79 162 2 30 -215 -156 -36 -78 227 -146 222 -62 -226 -19 -189 -180 -72 -136 -24 -150 -245 -148 -97 97 57 -143 26 196 121 -154 167 248 185 64 184 -2 -76 -105 157 206 -88 83 -247 -228 -39 -208 207 -197 -179 149 190 163 -100 -117 -219 -141 52 148 103 241 66 170 -93 224 95 120 -250 147 87 238 -186 -60 -217 100 -162 225 195 -134 -86 62 44 123 199 78 88 118 -45 142 179 249 54 -221 155 -37 -195 -181 -234 -135 -34 19 76 -99 -48 74 235 -106 197 178 42 -139 129 234 -25 -184 107 131 -137 110 111 -94 14 -42 6 192 236 58 -47 -108 -209 124 68 166 -160 151 -59 -52 -152 -103 105 -244 -165 -38 -95 -163 -129 -155 128 213 31 -89 -102 61 -193 -1 -61 -140 140 -214 85 156 144 -223 -170 212 -30 -96 55 211 133 34 109 -44 -133 99 65 210 3 115 -199 172 -122 49 189 134 -56 114 -9 81 119 7 -26 203 5 29 -28 -10 -104 -74 21 244 -12 89 209 98 186 173 48 223 177 230 191 -51 94 -175 215 -130 75 -218 -80 -225 -3 -237 -164 -110 27 220 -32 200 113 161 139 -71 -240 159 116 -53 37 93 51 -239 232 -5 -213 -77 59 -128 226 -91 -22 194 -224 39 -63 143 86 -118 171 214 -151 153 -18 -132 -172 -227 -131 -185 -220 17 -29 -84 -109 204 36 -49 -6 47 -145 91 -178 -235 -236 -216 53 -31 -190 72 -70 -174 -196 183 182 145 202 127 -101 137 -75 240 -11 126 -207 -98 -23 106 -81 -177 -8 169 32 -119 188 -233 96 175 243 -248 33 -232 9 92 35 -168 22 -73 -142 160 -183 130 246 13 -13 -112 -14 38 63 -68 122 -201 -7 -35 -149 -171 -166 69 136 -4 -58 -187 -231 -124 -203 8 70 -230 237 228 -127 -200 -27 23 154 -114 247 -191 -198 -46 16 60 229 -125 -211 102 -241 10 138 208 -21 201 -87 50 24 67 -204 112 43 245 -153 -144 46 40 45 -123 193 117 -20 -229 0 -83 -115 -212 -188 181 -173 -17 -41 -116 -192 -158 -167 108 132 242 218 -138 -242 101 -92 -182 -50 -169 -206 221 -16 219 125 152 -113 -40 77 233 239 12 20 -107 -67 205 -121 180 -176 168 90 11 -15 -246 -57 -159 -126 18 4 84 -194 -64 -33 -238 164 198 -79 150 73 -55 -69 216 
TEST 127 ARG:-106 196 -240 146 177 86 62 211 -233 -2 -113 206 -235 175 -243 5 -63 -81 -208 -173 219 100 97 3 -82 160 74 58 235 95 -108 -229 -238 187 20 192 190 -25 125 241 213 209 -38 137 168 -48 -226 76 -151 71 155 42 -182 124 -53 81 -163 -12 -97 98 75 -23 246 -164 -134 1 92 138 9 -26 -128 -170 224 116 -94 96 83 149 53 25 -83 48 109 63 78 238 103 -157 -222 -125 -247 -69 -141 133 248 -140 -192 -96 189 210 -33 57 11 -162 152 130 -205 -159 -149 -250 -237 52 -43 -139 188 19 -193 110 -187 -242 102 -239 -110 172 17 220 -41 204 55 193 77 170 -117 -172 -32 -245 229 -249 -174 99 -58 -160 173 -161 -14 4 -61 -171 203 -60 -59 -168 -107 -197 -7 165 -155 -119 -118 24 -3 157 61 121 156 243 -137 180 182 91 215 -22 -230 -150 -72 33 45 -146 226 207 140 56 178 169 -9 22 132 -109 242 10 -66 49 59 -34 181 -211 153 -71 -178 128 -130 -124 150 -248 -92 -100 -47 15 201 234 -126 154 107 -147 2 162 79 -55 158 -45 106 -241 64 -236 230 -148 35 -156 -175 13 159 72 115 -184 -39 191 7 -75 -28 89 -228 -190 108 -15 144 129 -116 -78 -232 0 225 122 -169 143 120 228 -207 -85 -212 -103 38 -143 94 -114 36 -91 -210 -101 -93 -30 -68 -57 -4 -246 -99 -98 245 240 -189 -203 -201 -42 -136 118 -6 214 249 -202 -177 -153 101 -79 -44 -64 -86 -21 147 -133 145 -70 114 -10 26 -142 -1 41 -200 16 194 233 67 135 47 -80 -36 -213 212 60 12 237 29 -195 163 -188 164 -37 151 93 46 239 244 185 161 -16 218 232 -88 90 -121 82 -62 -199 -123 -54 -73 -77 -67 205 87 179 -223 -5 -186 -196 32 51 -154 69 183 113 -191 28 -111 73 227 -105 217 6 -224 236 -206 104 -194 202 -183 216 134 127 88 222 -89 208 44 195 -234 -216 123 -56 54 -204 -181 126 65 -215 176 186 -214 -132 -104 -131 40 -102 199 221 148 -144 131 -95 -17 30 -40 142 -221 70 -209 117 198 39 85 -165 27 -220 -127 43 171 -115 84 -65 31 -11 -18 -84 200 139 223 -219 -74 -76 112 34 -244 -52 166 -90 -129 141 8 -49 68 136 -35 18 -227 167 -31 111 -50 -158 -217 -120 247 50 231 -180 197 66 -135 14 -176 80 174 -46 -87 -152 -198 -20 -145 -29 21 23 119 -24 37 -167 -185 -8 -13 -112 -166 -19 -138 -179 105 -231 -225 -27 -122 -218 184 -51 
TEST 128 ARG:-63 -231 -101 109 37 -195 -81 -22 206 153 72 -156 -65 -73 -37 68 -177 -245 -87 -170 74 -86 238 -25 -40 -8 94 -215 -130 -228 215 49 139 126 81 -84 152 -72 -157 9 -34 -6 -198 95 86 -10 29 -5 157 -204 -242 -104 146 -229 -77 91 -21 -126 -103 -29 -85 -55 -205 212 -7 -244 245 136 124 51 -236 -214 -154 134 -191 204 112 185 -159 221 -80 213 -52 -28 161 200 -149 17 115 -98 -93 -186 38 -15 -54 -53 -247 175 -68 -117 12 -116 28 73 -200 -167 -172 203 156 -33 -67 -248 92 32 192 16 209 -222 55 -76 226 -100 98 -176 -137 -246 -145 197 0 -136 233 -219 -48 -1 7 -187 -42 243 -69 -138 -24 225 217 35 47 190 80 -218 34 239 158 -183 -227 143 107 125 -146 241 -107 166 -175 145 149 196 -121 -203 -223 -150 -92 -78 244 53 -220 147 -4 144 119 -20 123 18 128 100 -148 102 -155 222 21 171 -147 -111 -209 230 -12 199 -165 131 155 -75 42 177 1 -140 69 248 -79 -189 111 -201 -102 -124 -30 231 -240 -97 101 -193 39 173 176 8 -135 -35 -82 -45 -23 113 -197 20 -50 165 90 -91 172 138 -41 189 -178 -109 132 163 -213 219 31 27 -168 242 99 -106 223 229 120 -171 127 22 159 -128 24 -161 15 -43 57 -14 93 211 167 84 117 -250 -225 -224 58 5 45 -32 195 162 208 70 76 -127 184 3 -36 160 121 -123 207 -217 -194 246 -235 63 227 -192 89 82 -152 13 -182 -232 198 85 -19 6 114 108 -96 33 -47 -59 -226 -115 249 71 67 -26 -64 -208 -142 -112 181 26 -144 133 186 79 130 -57 -46 194 170 -173 235 -158 -132 -180 83 -249 228 59 -118 -188 205 60 78 -212 64 202 -237 -120 247 -39 142 52 -70 -113 -190 -125 -56 154 -66 201 220 -51 -243 148 -169 150 30 129 14 2 106 141 -88 -239 104 178 -90 -3 116 -83 19 -60 -11 77 232 40 -108 -233 210 -160 -31 -164 -99 -131 -105 -230 61 103 44 96 -49 -133 -151 135 237 97 110 -114 -122 -143 122 -153 62 43 183 -44 50 -13 -16 236 -94 54 180 216 -139 66 36 137 179 -62 168 -238 41 164 224 -17 88 -179 -216 218 56 -119 193 -162 -61 -38 151 -141 -241 11 174 -206 105 -202 -27 -129 -234 -210 23 169 188 -74 -134 -58 -95 87 -181 -211 -196 187 -89 10 65 -221 234 118 -166 25 191 -185 214 -174 -207 140 -184 -163 46 182 -110 4 240 -18 -199 48 -71 -2 -9 75 
TEST 129 ARG:-25 -219 30 134 -222 -141 128 205 -166 -4 169 -227 54 -132 215 -33 143 29 127 184 178 48 -169 229 93 217 31 -189 208 172 91 53 -187 92 185 159 36 -161 -115 -58 148 154 144 186 -109 175 237 25 121 19 -176 112 102 -170 17 228 -73 85 38 -105 -31 -145 227 117 13 166 79 78 -181 -131 -64 218 223 -173 193 -123 146 155 183 243 -136 -180 139 -194 32 187 -71 -48 -212 133 -99 -158 60 -88 82 195 -55 -151 95 219 -226 -94 -203 100 -60 -82 89 235 -86 -14 -34 -77 -119 -168 98 -15 64 247 -224 -113 -37 -220 -66 -138 -61 164 -172 150 -217 -112 -49 206 188 -245 -239 -2 43 244 199 -44 67 -165 132 246 158 5 50 233 163 -148 209 -16 -97 118 57 -162 189 75 137 -93 -234 -78 49 58 161 -42 -231 -11 -50 153 99 -190 236 37 -216 -10 222 -67 -56 -247 41 -96 -92 -230 -80 145 162 -28 142 -3 -223 -140 -249 96 204 -139 63 -83 -40 87 -202 44 3 248 210 -186 -200 220 -192 97 -117 -225 149 -51 -198 -164 192 83 240 -134 24 69 70 -182 16 -120 -110 -143 -8 -244 -229 -57 105 59 -146 -154 14 -160 56 -167 -135 51 122 -193 72 -241 173 -196 35 -130 -213 224 125 -184 -47 -63 -18 -102 -98 181 -214 -81 26 68 -137 -124 8 -95 81 -207 -89 -116 -153 -183 -54 52 -79 242 241 -129 -45 197 55 123 7 201 -133 -87 90 221 -27 101 -74 136 10 9 -128 40 73 -26 160 179 207 -9 71 167 176 12 -38 88 -65 -250 -75 106 -111 62 -90 -121 -163 -101 171 84 225 138 -106 129 -108 -46 -159 -39 94 -69 110 -72 151 -24 -232 -118 -246 -6 -68 245 198 -155 157 239 156 -52 -206 20 177 -221 124 115 -1 -122 22 -30 -242 126 6 -191 230 180 -70 74 2 -177 46 141 -248 -114 -53 168 -41 28 114 135 -197 -20 47 191 -233 77 15 4 -240 -142 21 -157 66 76 226 249 -205 -215 131 147 232 -103 182 108 42 -100 18 -171 -19 -236 -188 -85 104 -91 -175 203 -23 -243 -5 234 -7 -150 116 111 23 -174 -199 0 107 -210 -211 -195 200 120 -36 113 213 -59 214 119 -179 -235 11 -201 34 -156 -127 -76 -104 80 -21 212 170 -238 -43 216 -84 165 -209 130 211 -208 -185 61 -107 -218 86 -144 -147 -204 -149 1 140 -126 -32 -13 202 109 196 -35 190 174 -125 231 -178 -22 103 194 -237 39 238 152 -12 -228 -62 -17 -152 -29 65 27 33 45 
TEST 130 ARG:-14 -59 -37 -183 -57 -121 -173 -114 230 139 82 -27 -118 -80 -153 -136 -77 118 -2 101 55 -124 -220 52 106 -142 -126 -154 202 -58 78 27 -75 -223 238 164 -238 -70 246 -72 187 233 -195 -236 137 209 207 53 -54 -198 -65 -199 197 -76 -138 182 -90 -11 -174 186 51 190 166 108 104 54 185 -193 125 -102 -241 -234 237 -116 -8 8 24 221 -148 -132 167 -6 122 -242 -103 -115 -30 226 217 -4 -106 144 183 -86 130 31 1 248 -135 160 14 247 -13 -140 -56 -1 228 146 -40 97 -95 50 -7 -12 193 152 -112 94 -233 -194 165 -177 -147 241 -113 -24 0 -169 86 75 9 81 177 -17 -249 -50 -123 47 244 -227 211 -23 -235 -182 -33 93 -3 -44 223 180 -129 71 -215 240 -21 -48 129 -185 -218 105 -180 90 239 222 143 -200 -244 7 -150 220 141 127 20 -202 19 -92 -107 6 224 -29 -141 -168 -209 -137 -231 -228 18 80 -89 242 -158 -47 204 132 21 145 170 -164 171 59 60 107 99 178 -69 32 -196 174 -36 -134 -38 -170 -240 -63 -39 -247 -100 200 -197 133 119 -178 -243 -117 -139 -119 196 -213 30 198 157 -161 142 -88 -214 12 -152 113 -207 124 100 76 203 234 -125 79 -224 158 -206 235 -28 15 -133 -203 -210 103 128 -85 135 243 179 214 188 -167 23 151 116 -172 -109 -165 -22 10 -66 -16 -71 16 -52 206 42 216 -229 136 175 -68 48 -155 87 232 -10 201 123 -226 45 161 -31 134 192 -45 -219 74 44 131 -149 -91 43 -201 -225 73 95 -101 83 -79 159 -217 -186 -26 58 -96 -246 -60 126 176 -151 213 -232 28 231 -176 236 -64 219 -94 -67 -127 169 -81 -18 112 -144 -82 77 -41 208 91 49 215 -99 -189 38 26 140 -157 -166 -35 -83 -163 -20 -53 -160 117 62 -239 191 -248 33 -208 -19 120 -120 -108 -128 89 156 -179 37 -245 -62 -143 229 114 109 -46 67 -187 56 -49 -98 227 154 36 -184 210 68 -237 22 -61 98 138 153 -205 40 -230 194 -122 5 195 88 -222 -111 172 -51 -212 205 35 96 -188 -9 85 -43 64 -5 25 -55 65 -105 -171 13 148 2 -204 92 -15 66 -191 -211 163 29 63 -104 -159 -221 199 212 -42 -74 69 3 -84 61 111 11 -25 -175 149 102 -73 -110 -97 -93 110 181 218 249 39 245 184 150 147 4 -156 -145 168 -192 155 84 -130 -216 -32 -87 189 -162 72 -131 121 -34 -146 17 225 34 173 70 162 46 -250 -181 41 115 -78 -190 57 
TEST 131 ARG:60 159 -24 -76 -180 151 94 -80 -141 -188 109 213 -199 -206 231 122 220 215 -117 -58 117 -207 -234 -91 85 -196 -245 130 8 150 -200 -172 -152 -128 107 196 -6 89 -45 -142 95 -84 32 193 -40 98 -10 -49 -132 96 135 247 57 16 100 -51 166 59 -185 -105 -173 -161 -146 -143 170 158 49 -28 69 120 138 81 45 51 36 211 -14 187 155 134 -249 -102 -244 -38 -94 -136 -208 -166 242 56 245 -182 -224 53 47 75 -230 233 146 -179 -238 -233 -157 203 -177 74 -98 -163 -201 178 141 -8 -2 104 11 113 6 -210 -1 -33 -29 77 42 -48 186 -100 -124 -175 -140 -86 244 61 -54 18 -226 64 54 -101 28 -159 -222 229 -116 118 -155 246 -160 102 180 -239 -209 29 -19 -212 160 93 -17 209 192 202 97 -147 -92 227 157 14 128 -193 -190 205 -113 -25 127 225 131 -42 -44 62 66 -56 25 207 -150 -153 222 216 1 10 -70 -5 4 92 -73 237 19 179 -162 132 -176 238 173 38 22 91 136 125 197 221 129 -3 210 126 232 -95 -46 162 -52 -30 58 26 -131 15 46 -126 -223 -77 234 41 177 161 -12 198 2 -104 -67 99 -170 -119 137 -194 -243 48 86 -216 -60 -218 -110 152 123 -41 204 5 31 -169 -187 -68 -78 184 188 171 17 -75 -213 106 -178 183 -93 -186 140 -227 169 -204 235 -89 -83 101 -202 167 50 -90 156 168 -192 -217 -139 35 -241 -197 -107 -215 -55 189 82 145 144 -127 80 236 103 76 -32 218 -219 -63 108 153 -220 -115 -13 -20 -15 -106 226 124 -184 -148 164 40 -35 68 55 79 139 230 -81 -36 -39 -229 -97 -246 27 185 24 -171 201 199 -21 -109 84 -9 -50 87 3 -112 13 -231 239 212 165 -149 133 -64 70 -191 194 -138 217 -240 -156 73 223 -228 -165 71 121 243 181 142 30 -31 -181 -203 240 -53 -61 105 241 163 208 214 78 115 -250 67 -47 -120 -129 -168 -7 190 147 175 224 -65 -189 -145 -242 -248 -96 34 116 -34 -236 228 -37 23 248 9 21 -235 -130 -174 -198 -214 206 111 -43 -85 -164 110 65 -135 191 -225 63 -144 -232 143 20 -221 114 72 -59 -195 -71 0 -23 -82 -123 -66 -133 -151 -69 -137 112 249 -114 -158 83 -74 52 -247 -79 -87 -134 44 -125 219 -205 90 -121 -108 88 -72 39 -211 195 -167 -57 12 -154 -16 -111 -11 -99 -26 154 -88 43 -103 -237 -118 33 182 119 -18 172 37 148 149 7 174 200 176 -183 -27 -22 -122 -62 -4 
TEST 132 ARG:-144 -128 91 26 100 190 101 175 147 176 -159 132 237 -175 -182 -187 178 139 0 -79 194 138 -81 27 -66 -176 -35 -247 204 -208 -135 -59 118 -189 -218 -108 166 -113 172 152 44 15 211 163 196 219 -6 -13 -193 -162 129 41 185 71 -139 193 59 -222 -49 -58 236 179 187 220 -201 1 -221 -7 119 200 -184 -38 25 232 73 171 -87 111 -116 137 146 -25 182 -60 74 -85 3 247 39 -130 164 -165 149 5 10 7 -192 -74 177 -220 -157 95 -110 -217 -65 -67 -50 160 122 145 -97 -47 -191 -219 143 -188 77 235 -28 -61 -173 -109 -40 192 35 153 -56 4 -11 94 -238 231 -51 66 -124 -196 -45 -242 13 -107 227 -141 173 242 -75 -8 -36 -231 -160 -82 233 -240 23 -179 114 80 -166 69 -136 92 -236 -206 31 58 -198 105 99 -55 -138 -100 223 -181 49 -117 -171 67 -44 -195 75 -230 -10 -17 -102 -142 -42 6 32 -64 106 -94 168 -70 55 102 60 -215 -249 33 148 150 -86 29 -26 215 47 117 167 162 -147 -16 -133 -186 72 248 -228 221 16 103 61 -158 52 -52 98 86 -43 -78 186 93 -163 -174 201 87 22 -237 -224 -31 -214 -122 228 -53 -235 189 -120 30 38 36 -226 125 128 115 -48 170 -1 243 -152 -34 -33 -119 109 205 48 -250 -111 -90 112 244 -137 -244 70 50 198 -2 18 184 246 89 -172 -177 34 226 108 -245 -183 -112 88 -3 104 2 -209 20 -239 121 -18 144 181 -145 -233 214 -104 -180 -223 -207 120 -211 -24 11 203 82 -229 -210 116 -121 241 -216 -95 -41 169 206 -125 126 202 240 245 249 12 -123 218 57 140 63 -63 -200 156 43 238 -246 46 53 -126 -169 239 -84 -62 207 -190 -72 -80 -15 -132 -20 -134 230 -154 17 -89 229 -37 -167 -194 -232 68 84 8 -155 -213 -151 14 -14 -164 65 -5 -73 -203 51 135 -114 85 -76 209 -93 -69 130 76 180 210 183 133 -161 123 213 -103 212 83 -96 64 158 142 -140 225 54 188 -9 28 -57 62 -30 -19 -106 -99 40 161 124 -197 79 -205 222 154 -23 -185 -199 -127 -98 21 199 -153 -149 -148 197 -146 191 -168 -22 234 165 113 -115 42 -21 -32 -101 -68 131 155 24 -118 -46 -204 224 -129 -88 107 96 195 127 134 -227 216 -83 19 56 151 97 -29 136 -131 -27 -12 110 -234 -241 -225 -54 -170 -156 -71 9 37 90 78 -150 -143 -212 208 157 159 -105 81 -243 174 -77 -39 45 -92 141 -248 -91 217 -178 -202 -4 
TEST 133 ARG:-93 -196 190 -144 -24 56 -116 -198 -127 -171 -181 -141 192 -61 163 -183 25 235 -148 -10 94 -244 -137 246 75 236 -58 -40 -117 -97 -169 -153 61 -90 0 -165 220 -83 -84 218 -208 242 -162 -99 -155 138 -8 69 -209 -59 227 67 134 -131 -102 -5 -71 -80 -224 63 -154 91 -50 45 229 150 71 -190 -14 88 156 50 62 -242 152 111 118 167 -124 86 -200 -38 -54 17 -214 226 -109 -120 174 234 22 155 208 145 -115 55 18 1 81 149 168 -135 24 -110 -128 -241 219 124 -134 108 -136 46 -30 169 144 -41 -210 213 -161 110 -64 35 48 -168 -174 -4 141 -106 164 39 199 170 -220 -125 153 -142 23 -237 95 216 -108 -87 136 -160 223 -104 129 15 -178 -233 -180 -66 65 112 78 -232 -156 12 54 -32 120 -9 32 82 -247 186 181 -189 201 -192 -150 5 196 158 214 183 -205 103 19 90 224 -143 -20 -65 -218 128 171 -211 121 126 89 -60 210 200 70 -39 85 143 -98 66 -29 -62 -68 -43 249 238 -140 -246 104 240 -195 187 -167 -217 207 -27 -222 243 79 -152 -78 -28 -103 -236 237 184 175 37 87 180 44 10 16 72 -199 -77 -13 -79 -6 -55 202 -92 83 -219 147 26 31 -172 21 -139 -228 80 -163 -130 -42 119 -225 195 160 -129 -248 -31 -67 232 -89 -187 148 99 3 -146 106 97 -204 132 157 -212 96 -46 231 -51 215 -91 -112 -21 -227 -229 -238 42 53 -179 -226 93 58 -176 -74 -47 233 107 245 204 -250 -18 193 228 -75 241 130 -164 197 64 140 47 -132 161 -203 212 -157 -2 -123 225 178 -118 36 142 -81 52 40 -37 217 -202 -73 92 -7 221 -56 179 122 -26 -95 -121 -149 -22 -243 125 27 76 146 211 248 4 154 8 135 -230 114 -188 244 28 189 59 176 -231 11 -15 49 -215 172 191 -52 100 182 165 -158 -213 -19 -3 -207 -216 -221 131 -147 185 206 133 194 -166 34 -94 -44 159 -245 -133 -85 -138 105 -36 -240 116 51 -191 -107 -113 84 -145 -249 -159 -88 -194 -119 -177 -170 -11 -173 101 127 98 222 -82 123 20 14 115 173 41 -114 230 68 -185 166 -235 209 -101 117 -186 -184 74 43 198 247 188 -234 30 177 -86 2 102 57 -175 -33 -105 -57 -70 -223 -69 38 -96 205 -193 -239 -111 -16 113 -206 -76 -34 -63 -53 151 162 137 73 -12 -17 -197 -48 -122 33 -23 60 -49 -182 6 9 109 -151 -35 -25 239 29 77 13 -201 -45 -100 7 203 139 -126 -1 -72 
TEST 134 ARG:186 -201 158 -173 -152 148 56 17 126 -21 204 239 147 21 -151 60 -122 168 -229 42 176 143 109 190 172 -167 151 94 -148 -197 38 96 -168 -36 -125 -79 -241 100 185 -86 194 -243 -212 -60 -27 95 188 -110 -239 -158 132 153 34 99 -181 -1 -179 -136 243 48 -198 -157 -56 -129 138 -233 -182 -183 -203 -42 64 177 -223 -72 -75 -160 -194 145 -242 131 36 46 -98 -196 -206 -216 35 89 -68 102 -184 -100 -39 -247 -95 -166 -221 180 -97 -6 206 -38 -165 -237 83 40 32 16 29 -225 67 -89 -52 -65 -69 -139 231 200 -7 -24 114 -53 -213 -143 121 -54 -29 -78 225 234 -13 246 -244 -235 78 74 110 174 93 198 -205 197 222 162 247 -28 62 165 173 124 170 224 134 183 -214 140 12 -145 152 -246 236 0 -118 111 -154 129 70 -44 -204 199 187 212 -18 31 -209 -169 9 61 19 -111 -134 -57 -77 -132 -126 -200 -23 -22 175 -113 85 202 87 5 -250 -208 -32 136 -188 184 -105 249 189 -191 20 154 -106 -45 238 65 227 245 230 220 -103 -10 218 208 10 -150 -128 -109 41 -33 1 -236 226 203 135 -207 -62 -63 -19 -73 -138 -25 192 -249 244 -41 219 -67 -51 33 -8 125 -171 -4 120 123 -172 8 -91 -137 15 146 -124 -17 -180 -121 59 -40 -120 14 221 37 66 -175 -155 -211 -12 80 -195 -218 191 97 -35 -88 201 -112 116 22 79 77 -66 -84 -142 160 223 23 -46 171 233 -147 119 156 166 -186 163 -170 -20 -232 -230 91 -199 26 -144 57 107 81 -238 -107 -2 -227 55 49 139 27 112 -193 -5 -176 108 -123 -131 211 11 232 105 53 73 50 -127 106 -71 207 -224 -114 -119 -115 216 -3 -30 3 241 122 -85 -61 228 -92 117 -177 -220 137 196 141 2 -219 -48 76 103 -146 210 -43 -133 -26 -64 248 178 -102 69 24 235 -215 -226 -231 -16 44 -248 205 51 43 -178 -149 -31 -116 52 6 -141 63 -94 -96 -117 68 209 -210 193 -156 181 58 -14 39 -55 104 72 182 75 13 133 161 -49 217 -130 159 -83 118 86 155 -108 -90 92 164 167 -59 -101 -202 169 130 -192 -76 45 98 -47 -187 -189 229 195 215 242 -245 144 -162 -222 -185 4 -104 127 -140 -240 -50 -87 -228 -161 90 -163 82 -99 -74 18 115 -80 54 -174 -159 240 84 25 30 150 113 214 237 -190 -15 -234 7 101 142 -9 -217 128 -81 -37 47 -135 -58 -82 -153 88 157 179 -70 28 -164 213 -11 -93 71 -34 149 
TEST 135 ARG:94 77 29 -108 112 8 -178 -156 -212 157 58 -171 188 -23 -174 110 104 233 6 126 -132 12 -49 -22 -211 -140 68 36 -179 -160 -141 -6 131 176 -62 114 -8 51 13 -4 83 106 -236 -109 27 -79 85 226 66 -143 -150 -121 -146 54 203 -246 111 84 -46 -250 -186 163 24 -183 -117 169 -21 -158 75 156 72 -135 89 146 -185 240 181 -245 -80 -57 -230 212 209 -75 187 224 -161 -68 81 60 -217 -157 64 211 55 2 164 -244 215 -2 -60 90 198 44 246 -39 -82 216 -197 -188 243 183 -175 80 148 -210 229 -48 -43 231 -138 10 -125 -131 91 177 -114 -111 -50 -218 -41 50 235 168 219 -72 172 -77 11 199 96 -104 -89 -176 -86 -115 87 -247 140 43 -133 -223 109 53 -221 115 20 138 97 170 -167 178 132 -196 179 118 -58 -40 119 242 -207 -225 7 -129 238 -216 -91 149 57 -81 192 -63 -59 -177 52 -12 -126 -145 -240 -234 -20 -61 130 -17 -233 99 -38 -51 92 -102 -172 93 49 -201 143 -94 -69 -181 -128 -103 -136 -127 -18 -84 -87 -101 -54 48 32 -190 -187 -142 73 127 166 152 -231 98 -152 228 -93 -113 244 30 46 -213 0 -66 232 248 -26 214 33 247 182 121 237 -25 16 65 62 70 -35 -235 230 217 -30 190 -119 117 -191 -105 -71 59 171 26 -206 -110 38 -227 -19 221 167 -137 175 -204 102 222 -130 108 -45 -148 -97 153 101 -112 -10 122 -228 194 -164 -76 14 -14 -248 -24 39 -203 -199 95 -194 241 37 -55 -222 5 -44 -33 76 -98 218 -239 144 -169 134 19 160 -47 100 -32 -173 -229 69 25 4 -120 210 -27 -52 -214 1 -144 -118 45 -209 18 -149 -195 -88 189 -100 82 135 -28 186 -154 142 202 -67 234 -65 -107 -95 -168 74 -36 -147 -155 -243 193 -151 -73 -162 -70 -165 123 15 -200 195 191 -184 162 79 129 -198 120 -189 -249 133 -116 -182 236 137 -232 208 125 -159 145 41 180 245 -122 -192 155 -124 -31 -64 213 -9 -16 -153 61 -42 -139 -205 -170 -202 -5 71 139 -96 197 -237 -1 -7 -78 -134 -226 -85 201 -180 185 174 -83 -90 173 86 165 136 63 -123 -242 116 -13 227 -241 105 -11 124 -238 17 -37 161 113 56 249 -99 9 -92 225 239 -220 196 207 78 -163 159 -215 141 147 158 220 223 206 -3 128 67 23 204 -224 22 151 -74 -106 35 -29 47 -15 -56 3 28 88 205 150 184 -34 31 34 107 40 42 -219 -193 -208 -53 21 154 -166 103 200 
TEST 136 ARG:1 -192 -58 5 -148 142 -193 -127 -169 -27 -17 -16 16 72 190 98 -19 185 -196 55 -113 68 -247 132 -64 -55 -12 -78 -124 103 214 151 -56 126 -51 -179 -95 51 -98 -173 -35 128 183 -87 120 70 -241 -86 -74 140 6 -61 -70 152 138 220 -183 25 32 174 -231 -104 -33 129 -8 -204 96 82 -31 -82 -91 176 -238 -118 -250 71 38 -225 -132 197 241 162 235 92 223 43 143 0 88 105 -154 225 -106 -9 47 -50 179 242 139 208 212 -36 -214 -190 -6 87 224 -63 178 243 157 141 177 163 -41 137 -5 -57 -224 -111 -15 -37 -72 -112 202 216 -164 78 -206 187 -21 101 111 232 -237 -130 215 -194 91 -77 -139 -23 -145 -171 -210 102 -197 -159 67 -208 169 -81 -229 -195 53 145 207 206 17 203 -40 69 175 237 227 -105 -176 -243 -20 -149 172 228 -244 -146 -211 29 83 -116 130 -88 181 -199 97 -96 -47 205 54 -2 13 -76 -142 4 -92 131 150 110 -216 -94 31 155 -90 27 149 -114 -84 245 194 213 -167 -245 -160 -184 238 248 186 -126 201 -228 116 -69 -161 165 90 99 -62 -177 107 -136 -46 -39 -26 -182 -59 -141 234 211 -99 35 226 -138 118 24 230 -109 217 22 229 -54 222 52 -153 158 -101 -168 134 153 -100 19 7 -134 135 -202 -131 -170 240 191 122 -115 -18 -150 -80 233 48 146 -14 -246 -201 164 154 123 -7 249 -236 189 -188 -144 -212 160 -24 -220 236 -155 81 9 -122 -226 76 -242 113 -162 -249 -45 156 -147 -191 -71 218 -13 199 20 -186 -43 184 -248 63 77 74 11 109 200 161 -152 168 -10 -185 -108 58 -53 -218 -200 -198 79 56 14 124 -97 -30 -189 -234 95 -4 108 42 104 -110 -219 121 -209 -165 21 50 -1 -151 -79 75 127 -34 -38 94 147 -65 49 180 30 170 12 246 -60 73 -239 66 204 -140 61 -42 89 -181 239 84 115 -11 -180 196 -107 -52 57 219 -137 -48 -129 133 -128 23 193 15 136 159 167 34 231 39 18 40 -3 117 -44 -135 -175 3 -217 182 33 -73 64 -240 210 8 -102 -83 247 195 144 -28 188 44 -103 192 198 -25 -93 -215 125 114 -75 -133 -174 -157 -233 -117 86 -125 221 -49 112 -68 -163 62 -187 -143 -172 36 46 60 -123 -156 -166 28 65 -89 -221 -119 -67 -207 106 -230 59 -66 244 209 -232 93 -22 -205 -223 -158 148 26 85 119 100 166 -32 -227 -222 41 173 171 80 -85 45 -203 37 2 -29 -213 -121 10 -235 -120 -178 
TEST 137 ARG:-71 110 -109 -201 -230 12 -105 229 227 -24 -108 225 -78 195 -134 240 -3 -188 -215 -189 57 -30 30 211 -28 -58 205 -207 153 46 2 -147 40 109 18 -27 -40 -211 -104 70 -29 32 -126 23 119 154 -245 -149 85 123 213 -166 -139 -206 14 -18 41 -75 245 156 -137 231 -45 -172 -161 161 111 -229 -36 -68 104 219 39 145 -170 71 17 143 -110 9 -9 -198 -99 113 11 150 226 -98 -103 -200 197 -120 95 65 16 99 -113 -186 115 -87 112 20 64 214 79 -7 -11 -182 -155 -123 -97 124 169 182 74 237 4 -208 200 159 190 -6 -154 -192 -204 -54 -46 -181 241 -214 -246 163 217 -221 233 -69 90 -194 193 -223 -8 -77 -175 -23 102 -100 -163 196 157 -50 56 -219 147 -167 5 146 -44 76 93 134 212 152 -168 -140 185 -233 -5 -80 -162 81 -220 101 -144 -224 -128 176 -197 94 -112 141 -185 51 -47 -160 -176 -15 -127 3 235 55 7 54 68 125 91 -199 -202 -41 -21 -146 -218 -19 -213 -210 73 -43 50 -1 -114 -48 155 92 121 -195 -61 43 138 178 -156 -179 -216 246 -241 160 34 31 -119 -180 -116 -235 -57 129 58 -171 192 25 -66 22 120 -12 -14 105 248 106 167 216 -67 184 100 -133 -178 -242 15 -238 -191 89 168 174 -209 142 1 -157 48 -142 -173 130 -55 238 209 -234 173 207 37 194 242 98 158 -31 239 164 49 -164 -222 -35 38 -42 -89 -76 221 -148 77 -107 -25 -51 -240 29 96 0 33 83 133 -196 -60 80 -49 -228 135 27 -131 -84 6 -243 215 -183 126 137 -129 -94 -73 21 -102 -10 140 -249 -136 236 201 44 -101 -64 -53 -158 97 224 19 -141 203 -236 -232 59 230 10 180 249 181 -150 162 -247 -190 24 -145 -56 -34 132 69 -70 114 206 198 53 -26 118 131 45 103 149 88 -225 42 66 234 165 172 107 -83 -22 35 -111 -248 228 -82 218 188 -91 183 -39 187 -130 47 247 36 -17 -16 -20 244 136 -212 -115 -205 -121 86 -159 84 82 166 -38 -217 -239 122 78 -226 8 -117 -153 -143 204 60 175 -72 -118 -124 191 -152 208 139 -132 75 -227 202 -237 -106 -169 -151 220 210 -74 -96 -13 -177 -165 -90 223 13 171 177 199 -95 72 -37 63 232 189 -85 186 52 -187 116 179 -32 -52 -86 -62 -2 -4 -135 148 -79 -65 -93 -193 28 -92 117 128 62 -122 222 -81 108 61 -203 -174 243 26 67 -33 -63 -244 -59 -231 -125 144 151 127 -88 170 -184 87 -138 -250 
TEST 138 ARG:-212 -236 -8 -176 -100 -137 -214 139 78 -50 -81 96 -159 21 -39 1 156 -189 63 -150 162 -232 128 -222 152 -188 -2 149 71 145 85 8 -193 -110 242 229 -31 122 69 106 -103 45 77 212 189 95 -40 -106 107 138 -107 -187 90 7 -158 232 -104 159 89 98 -245 -219 -29 163 142 -93 -145 -122 129 -129 157 87 91 -230 154 -90 144 219 -233 -20 -194 170 -48 75 153 -108 -89 -19 -241 -151 55 182 -131 -35 -15 124 61 -208 -92 -105 94 200 -248 146 -45 -183 68 -186 -217 -180 64 -229 11 -136 -114 221 -231 46 240 -82 58 135 -56 -24 88 -1 178 84 12 -134 192 214 -139 -12 196 117 -74 115 -9 27 80 -54 206 -123 -244 -191 -126 241 54 -44 37 187 -243 82 243 -119 237 -165 -79 34 113 116 22 -197 -127 171 -11 127 132 -51 29 183 10 -202 -227 119 -153 70 -55 66 -164 193 -7 -195 173 25 167 42 -47 31 224 -224 101 76 222 184 -34 72 -154 235 -181 118 -38 -204 -201 -221 62 44 -80 -14 188 -88 59 245 -87 57 33 190 185 181 -149 -32 -152 -69 217 148 92 223 110 230 40 47 -160 -63 0 111 199 99 -52 -94 3 121 -235 -99 -215 -115 -95 17 -157 -121 -184 -78 177 233 -133 83 -148 168 -22 -172 -17 51 209 210 112 225 204 -162 -132 160 141 120 -239 166 180 239 50 67 -75 248 -85 24 -120 134 -68 6 -223 -125 227 150 -111 -6 220 174 -101 -166 -43 -57 158 151 30 213 -42 191 -25 207 -96 -21 60 133 175 -130 -16 123 -27 125 -200 -72 205 49 -249 -203 143 86 16 4 -250 -124 -213 249 216 172 -37 79 56 -142 147 -102 -220 -207 5 -140 -182 -49 -246 -138 211 73 -171 176 203 26 -238 -218 -10 15 43 100 130 -156 114 -23 246 -97 -206 -185 -168 14 -211 228 131 -173 164 -205 52 186 102 -147 179 74 -175 -163 -28 -196 -190 137 -116 -83 -237 2 -198 -144 226 104 -70 126 198 -66 -41 -71 -216 -5 -13 -53 28 -65 -18 13 -141 -91 -59 202 -4 215 -167 247 -234 140 -113 -98 -209 -155 -247 105 -26 19 -242 -109 109 169 108 93 -143 97 218 48 -61 136 -161 155 39 -60 9 -177 -225 -226 -192 -210 -3 -170 244 -30 -84 -86 201 -128 36 -178 -240 234 -228 -112 238 -36 236 35 -64 103 32 231 -33 161 53 20 23 -179 -73 41 -174 38 165 65 -199 81 -76 194 -117 197 -135 18 -67 -169 -77 -118 195 -46 -146 -58 -62 208 
TEST 139 ARG:106 171 -128 107 -58 -240 77 -148 -11 182 -73 5 -142 25 44 -191 -195 -21 -15 -205 173 -222 -140 -211 27 -126 -135 -244 95 -242 218 -38 113 1 140 160 -152 233 -31 93 4 127 -24 -176 59 41 -170 -45 131 -47 57 -247 230 -57 -14 -167 142 -215 34 13 -154 229 -66 -188 -29 -69 -39 -141 -13 -20 152 -50 198 121 223 -207 38 188 -136 189 -190 65 -151 -114 -7 -110 -100 164 -91 -156 239 200 216 174 72 197 -184 -9 222 48 -238 -174 124 -180 -111 191 224 172 68 -25 212 79 -81 -178 237 -46 157 234 -182 219 170 247 -108 100 -97 111 -40 -213 -92 143 -26 213 -23 130 -51 85 -88 20 151 -130 21 205 -179 -116 -53 231 -54 -127 -120 -210 -198 -162 109 120 208 133 102 32 159 179 178 18 -226 154 75 -134 180 177 -196 -2 -219 211 -230 -8 -107 114 221 -104 -203 128 -43 54 -149 -153 -19 -243 104 -124 -17 -220 92 141 -117 -147 -77 -52 47 7 -146 232 -83 -212 8 137 -175 166 190 -63 210 123 70 61 -37 -61 49 -90 165 -177 206 249 -71 87 94 43 -79 -119 -204 176 132 -143 -197 -241 -232 -96 168 -115 238 225 -138 -75 17 -6 -237 -160 -236 16 -186 -169 217 -246 -42 -221 186 139 82 129 -55 -227 -12 -189 209 51 74 -94 204 150 -101 -131 37 -86 -3 -74 -30 31 -32 55 -118 97 -145 -122 -234 -49 69 24 202 158 196 145 -163 -125 36 187 -93 248 -132 -68 146 -164 -166 60 -65 125 244 73 -99 -36 -76 181 -248 -202 -112 243 -72 -89 175 -235 156 195 -109 -192 -200 -216 -239 117 14 35 -33 -223 -185 226 26 -133 -106 -187 22 -35 -27 -168 167 119 86 -121 76 29 227 155 12 58 -193 -224 147 30 40 -158 98 -102 89 161 -95 -150 -228 183 136 -18 118 207 -87 33 246 -10 -159 -4 -214 -137 -233 184 215 56 -85 -59 -157 45 228 153 135 71 53 -56 -171 -201 -250 90 91 -48 -181 0 52 199 138 66 -28 101 -129 -209 -172 3 -103 10 -123 236 193 96 -183 81 -206 242 -5 241 -155 103 245 42 -199 99 -41 134 -249 -70 39 163 148 2 115 -113 169 -62 -44 62 -245 -105 -60 -194 -16 -84 -231 -218 64 -208 6 -173 46 105 110 194 -98 23 11 -225 88 -144 -64 15 -80 -1 -139 112 63 162 149 9 -67 67 -78 -82 -165 84 108 78 -217 122 -229 203 -34 185 240 144 50 116 80 28 -22 192 214 220 201 19 -161 83 235 126 
TEST 140 ARG:-136 242 -233 161 59 142 -85 178 90 50 -180 83 215 13 -24 233 -158 239 60 -171 -190 -61 248 -27 205 136 148 3 -159 -213 164 32 -65 -74 45 86 175 58 42 -32 -218 -206 -59 113 -225 -181 -89 -55 26 27 -212 57 157 44 -91 -173 240 -221 -9 -104 -105 -125 -184 159 -66 -126 -111 187 -152 -60 -38 29 28 87 153 -20 -215 122 81 245 18 100 9 -100 72 48 247 98 149 -234 -123 -7 -178 150 235 61 64 -174 -11 228 -115 69 -222 -177 41 -84 186 -192 190 106 224 -164 -42 -161 73 145 135 -116 2 192 131 -82 -131 -148 -187 -207 -8 146 119 -75 151 -146 226 -185 -49 230 79 -99 195 171 210 -45 -68 170 -121 -209 120 -135 125 -189 -154 -2 -166 78 4 225 174 162 -67 93 23 -28 194 231 70 -201 -119 -203 -249 -106 -3 40 141 227 143 -87 15 96 -23 -120 -139 165 -57 -138 118 -210 212 -19 -231 84 -216 -118 109 -239 -93 139 -80 49 -236 19 -95 -39 137 176 188 38 -151 -81 115 182 7 -232 67 173 218 52 -22 104 202 10 154 223 62 11 -34 -129 177 155 -179 147 -35 88 -10 -58 -153 204 207 201 -31 -72 -97 12 -235 68 -128 -132 -73 8 65 -130 134 6 -240 -70 -50 56 246 -226 -193 -51 -197 -113 -102 20 -117 14 -124 -14 99 -137 -71 24 117 191 200 -191 -186 138 243 199 101 -90 198 221 249 181 -127 -175 -83 179 -1 -176 -188 -182 172 89 -86 -198 167 -13 -47 105 -214 -195 -141 214 -246 16 -122 241 -21 206 22 219 17 30 -194 160 -12 66 -227 130 183 -200 -230 -15 -48 5 25 77 163 107 156 -143 -168 92 -223 -205 166 229 37 -44 185 140 -144 217 180 71 -103 -147 -76 34 -250 74 -247 33 -94 209 -25 -170 144 220 184 -40 -150 21 197 54 -17 -33 -169 85 -241 129 110 -79 116 94 -64 -156 -36 203 123 -109 211 -224 168 -29 80 -69 126 -6 114 -77 -78 -160 -134 -155 -229 -46 -41 47 111 132 -238 -62 -162 -52 -56 -133 -219 76 0 -237 39 152 -108 1 102 234 -88 127 158 43 -92 -217 -243 -149 121 -199 -145 -157 -165 -18 -208 -244 63 -183 -110 -220 216 -245 -37 -26 244 -43 -142 -98 133 193 124 53 75 169 36 236 97 208 46 232 -167 222 -53 -112 -140 196 -228 128 112 108 -54 237 -204 -248 -114 -96 55 31 -30 238 -4 -202 -63 189 51 91 103 -196 35 -163 -107 -172 -242 95 82 213 -101 -16 -5 -211 
TEST 141 ARG:-33 216 -185 -5 98 -195 -236 11 -136 231 -199 -113 -135 141 70 -78 -3 121 230 -216 177 232 15 -90 -174 91 71 74 -155 106 197 113 -80 -238 -181 244 -211 191 -246 169 119 48 -27 127 -42 -170 39 170 32 -153 -173 96 49 210 -72 92 17 16 26 211 -98 -127 -26 -182 115 -73 -137 -109 203 -208 -97 201 -129 -84 196 1 -1 247 122 -145 -38 -177 179 -206 237 -119 109 163 90 -165 176 -142 -168 83 -141 7 142 -138 -34 -32 -45 185 4 85 217 118 136 -164 200 -230 -18 -148 -61 -93 -51 0 -218 75 -120 233 -217 204 31 35 28 5 -56 -88 132 193 -159 60 -64 86 -7 188 238 -248 -76 -22 101 -11 -231 10 249 -205 84 222 94 -14 139 -91 -169 114 77 46 221 159 150 -240 -244 -207 -186 135 189 -196 157 -58 -139 172 209 175 24 -223 -227 133 184 99 68 -180 -40 -149 -187 -189 -128 -53 20 -190 -89 25 -49 -122 -201 -96 -198 -68 -158 108 57 -47 161 224 -105 58 125 182 -226 178 -250 -131 -50 -117 227 55 -110 -124 -52 110 -12 93 246 -212 -29 37 199 -178 -86 65 -83 52 -55 -41 -10 -221 -6 97 -133 152 -167 219 143 -28 134 29 -35 -71 -175 -21 61 -39 -4 212 218 137 23 225 124 6 164 -63 228 103 -107 -123 8 -95 155 -44 -166 -125 -146 234 215 -151 -225 131 174 88 -157 -161 241 43 18 -24 -237 151 -220 67 -192 79 243 -46 112 -70 245 100 -241 153 235 -143 223 173 -60 -9 87 -103 -85 -8 168 -219 -162 -75 -232 -17 -235 -188 34 69 186 -150 -184 -234 194 -57 116 -102 -104 -163 -66 -245 -224 89 -197 -183 192 45 42 -69 107 120 -99 -111 -172 21 -144 128 -152 207 -118 -130 198 -37 -147 -82 -204 38 138 73 -160 208 81 13 -243 -239 27 33 62 -209 229 72 213 248 -30 105 -222 2 -233 -101 -214 -59 -116 -191 -19 -134 190 -132 3 180 54 -23 -54 214 53 44 236 240 154 147 64 -92 195 145 111 -2 130 162 47 -154 -171 -31 30 78 181 -249 220 -36 -176 117 36 104 126 166 12 -213 171 -81 -242 158 -79 146 129 -67 -15 -65 -179 -108 160 82 -94 -114 50 -16 102 -48 -229 80 165 -156 -13 -126 -228 95 41 63 226 -215 239 -43 -247 -202 19 206 183 144 149 -210 -100 202 -121 148 242 -20 -62 9 -106 -203 -194 -140 205 40 51 123 187 -25 140 -193 -112 56 -77 -87 22 -200 156 14 59 76 167 66 -74 -115 
TEST 142 ARG:130 -4 239 -90 107 -240 93 -106 -19 -168 -77 234 140 212 -75 -43 196 77 118 -13 45 -164 -53 156 -1 116 60 216 -181 175 21 206 52 102 -223 14 62 191 -39 -187 -52 186 -78 -102 -210 -113 -233 12 78 -5 -152 147 -115 -139 -215 -133 240 154 88 85 40 161 -40 -134 -183 204 -184 95 27 67 -35 178 -24 199 54 -132 63 224 -218 -158 -237 -151 -12 75 41 -156 101 182 -137 -166 -23 33 179 181 149 -182 228 57 65 236 -222 192 223 133 -167 -37 -227 -33 -153 -161 -131 109 -155 -128 169 56 -145 219 -190 2 -76 -14 -194 168 24 -238 123 -42 189 28 -146 -144 171 -159 -165 -136 138 142 -69 -3 -141 -234 218 134 4 -73 -179 -62 -55 -138 222 -250 35 162 -92 -212 -97 -105 208 8 -177 -68 18 158 66 244 -70 -41 -18 -169 -235 -109 -111 -198 213 141 100 153 241 68 124 247 71 210 -58 145 187 -142 -202 188 -226 30 69 -185 5 76 -21 -228 -114 -15 -71 -25 -2 242 80 -38 -213 -112 -84 -17 -154 167 128 79 -224 -207 -9 -216 202 184 -140 -85 -72 112 -130 106 3 -149 -186 -49 -65 227 -135 -81 205 180 -236 -242 -245 243 -208 -46 -129 -122 193 -243 -163 152 136 -100 237 -232 13 -30 -16 6 -56 183 -22 -192 226 25 -191 94 -127 198 -95 103 19 -118 139 34 -120 238 -162 15 -119 37 -176 -117 -124 174 -160 157 -180 9 164 -121 -63 -225 -32 -188 11 177 48 82 -171 73 46 111 221 -239 -61 -175 225 200 220 -206 20 99 -244 -10 0 -47 -170 38 39 -126 16 -94 -99 17 197 170 49 -64 87 -98 -31 249 98 176 207 50 51 127 172 117 132 23 91 -214 155 194 -89 214 144 90 -88 -220 47 246 36 129 26 150 125 -173 160 -107 -6 -196 10 -249 -123 248 72 -195 -34 -11 -83 -201 -8 97 -209 230 108 135 -204 -174 166 -80 -172 -51 -110 22 231 122 44 235 -96 211 -229 -241 217 173 43 -247 -189 -193 29 -79 -203 -27 119 233 74 137 -231 -150 126 -230 -125 -60 -66 151 114 -104 -29 229 -36 -200 1 -50 -219 148 -67 -101 232 31 -221 -91 7 104 -45 -59 113 -82 -147 58 83 215 143 -103 -211 -246 209 146 131 -157 -197 121 -87 -28 -7 89 -248 92 -48 -54 55 -57 42 105 53 -178 96 61 163 190 64 -143 203 195 -108 -26 159 245 -44 84 -199 -148 81 110 -116 165 70 185 -217 32 115 86 120 59 -205 -93 201 -20 -86 -74 
TEST 143 ARG:127 143 216 -213 -98 101 106 76 -109 32 -193 40 215 -67 -170 167 -219 130 85 -47 170 -156 -106 49 243 193 -247 -148 -159 36 128 -165 -183 -203 -238 191 -160 108 -245 -127 -28 -75 17 112 -63 -79 -155 22 -76 -41 -210 -32 139 1 -133 -168 232 194 240 -91 -112 126 15 214 159 -126 107 142 -208 -202 79 57 207 -1 241 100 7 -222 55 186 45 226 189 -239 89 -175 -182 25 196 94 23 228 -49 -217 35 200 -87 98 242 33 -135 -61 -43 -163 205 54 69 -22 -235 -178 124 2 -166 -102 -89 209 95 -231 161 51 224 -14 -101 -248 129 136 117 16 62 -139 -199 -37 -218 -195 -233 157 -81 -46 21 -204 -80 132 133 -52 235 -2 19 -3 -162 146 -161 -110 -201 118 -34 96 236 52 -206 185 -216 -145 44 -48 -130 -50 -241 63 -132 140 174 247 238 208 -249 14 222 -24 -108 -105 -124 -122 202 135 -191 227 73 -18 91 245 204 -17 198 -243 137 24 39 -228 -56 -120 102 9 -149 -194 162 -38 -15 116 -21 131 10 18 8 -62 201 81 151 -65 233 168 114 -6 163 183 148 203 -128 -73 223 -205 152 -144 -111 175 -72 -59 71 -169 244 -190 64 -36 -244 41 110 164 231 -69 -4 93 -70 199 -223 56 43 31 144 230 -136 -185 182 -172 65 158 30 -35 113 -234 29 -10 80 219 20 -187 -68 92 -55 -237 42 -179 -118 -209 -26 -141 -11 6 246 181 160 213 86 188 -113 78 -33 -198 -29 77 -180 -25 206 -64 -94 -207 -27 66 -30 60 155 -83 -100 -116 -197 -220 220 -137 -13 176 -77 -129 190 180 3 -19 12 134 59 -117 -123 46 -131 -236 195 211 119 99 147 138 150 37 -103 234 58 -5 120 38 -121 13 4 -7 74 47 -232 -211 5 173 -173 -224 125 -95 -40 -142 187 87 -146 84 75 -200 -85 -229 111 -177 -31 -57 83 239 70 34 218 -58 -250 229 -221 -176 -93 88 48 -23 179 -66 61 27 -227 237 -74 172 104 -189 -164 109 -92 -125 184 -54 -196 -97 -158 26 0 -107 166 -151 -215 -188 217 -157 -60 11 -154 -12 192 141 -71 -212 197 -104 53 -143 221 -230 171 28 210 -214 225 -225 -119 165 248 -192 -240 -16 212 -44 -174 -138 177 -96 -78 121 154 -82 153 -88 -134 115 -45 -90 82 -181 -186 145 -226 90 156 -167 -152 97 -8 -39 -171 -20 -42 -246 149 -84 169 -114 68 249 -150 122 -51 -99 -147 -115 -53 178 -9 72 50 123 -153 103 -86 -242 -140 67 -184 105 
TEST 144 ARG:-96 -121 -15 -172 -156 -86 -187 -123 -149 -249 -84 -188 61 6 38 -134 129 140 119 -127 72 229 -175 -81 -179 11 240 -68 196 47 108 -204 4 -238 183 -200 -227 -189 -82 64 -131 -205 -199 221 31 101 218 -245 -191 -183 190 -60 137 191 121 -214 248 249 -106 238 153 234 136 -161 -87 -195 -13 -80 205 -223 -164 34 73 126 -32 -171 146 -103 133 -109 207 206 93 -240 -31 -137 14 120 -7 81 -33 -231 -216 36 -125 -221 -85 235 -243 50 85 65 -202 -79 122 155 -77 88 -138 -14 -242 -93 187 95 -208 -233 -124 -8 154 214 23 -177 10 -34 -237 -102 83 1 243 -146 -239 84 44 180 -178 224 -28 -98 -54 -160 -176 201 -58 -158 130 30 -154 28 104 32 97 -184 159 -248 -250 233 -228 -190 87 -215 8 -173 135 -222 -163 -212 -39 247 -117 200 -55 -168 127 9 -198 16 -217 178 5 208 70 53 -70 -192 -197 -17 -122 49 -153 -113 161 172 212 152 -43 -41 29 -78 174 56 -21 -10 228 -26 -72 132 169 141 91 -63 -225 -144 -95 -91 24 105 59 -101 -247 134 -97 184 20 -65 -193 46 114 94 80 223 -73 192 3 -110 211 244 239 -49 156 62 63 139 -130 -104 41 -210 225 194 -105 110 112 -206 -50 241 142 151 -211 22 164 -128 -196 147 -9 198 -170 -64 237 -37 173 222 -166 -209 90 -145 -36 35 125 149 165 -16 89 -22 -83 77 100 -186 232 75 117 213 -3 113 39 45 -67 -152 -235 69 33 -207 -116 -174 -57 7 -66 204 -165 242 199 52 -12 -244 -51 66 236 -118 -74 -194 -19 -150 -167 27 170 -46 -27 210 -2 79 143 -100 175 48 57 -241 197 202 -52 -126 -59 158 -56 21 195 -90 0 102 -151 -6 116 -159 -133 -48 -157 71 118 -35 -139 51 -181 177 -5 -220 15 -20 246 -213 2 42 -236 -120 219 -147 96 -23 -180 162 145 -162 -75 138 -18 -24 13 37 -185 109 -47 216 131 -119 78 -1 179 -53 -108 103 -148 -140 82 67 -136 193 -62 -76 148 -135 215 86 -234 203 18 124 181 -224 185 106 188 107 111 171 -89 150 -29 -92 220 -45 -4 160 68 144 -71 -218 54 60 -25 17 230 -111 58 167 -69 -112 -99 -155 98 -61 245 -182 189 168 -232 -114 163 176 -40 74 -132 -169 -246 12 -143 157 -38 26 115 -88 -219 -44 -94 182 19 217 226 231 -42 -129 209 -230 227 -142 123 166 -203 -201 76 -107 99 -226 -141 55 -30 -115 40 186 -229 43 92 25 -11 128 
TEST 145 ARG:-125 -247 58 9 200 -243 -242 -90 56 0 -179 187 -245 242 -11 24 -16 14 -104 -132 111 180 237 -206 236 -59 215 148 170 207 -43 73 22 -164 122 -224 -201 101 -134 107 -207 -6 -66 -195 -199 16 199 188 116 -155 137 -185 81 25 248 225 48 -166 -159 -74 99 206 -157 -230 149 42 -87 47 -192 -121 -165 119 -146 178 -194 -162 -1 55 -110 164 175 -115 41 231 -77 223 -171 166 10 163 94 -227 -123 20 80 37 -37 -174 100 -4 -156 104 135 125 -26 5 86 158 -31 109 -29 131 160 -58 197 203 -217 196 4 226 -135 -177 -3 -213 -47 -44 165 238 -34 -232 -114 129 -27 -72 -13 -116 -225 89 17 78 -178 -229 -250 -183 -49 -15 -196 -202 184 220 157 -140 221 105 -209 -20 -61 -113 239 240 186 -220 -56 -226 2 -167 -36 35 -241 19 133 156 51 -193 233 -129 -68 -204 106 -234 147 65 -182 -84 -190 172 -83 241 194 140 7 87 53 95 39 69 28 -19 96 -119 159 146 -9 235 -161 227 -236 -160 32 -25 -141 -55 230 205 142 214 -244 -82 108 40 -28 8 190 -218 -57 134 61 -106 -2 176 216 201 23 153 -109 224 -46 -93 -107 -200 -51 222 -133 -64 -101 -24 213 -144 -139 182 -137 -35 -45 168 -71 13 -98 97 -248 -131 103 -198 -181 124 21 59 -214 -88 -158 167 -136 -69 150 151 183 82 211 128 249 -108 114 -191 -23 -221 62 90 177 84 -124 -92 -145 93 144 -153 -94 110 -41 -81 30 -184 -103 83 -89 98 152 -246 -38 33 -222 72 -12 189 -21 202 247 -163 75 -235 91 193 68 234 -52 -197 -17 -205 155 130 60 -54 -33 -228 34 -151 191 31 -154 79 -172 54 245 -187 66 192 29 -231 -91 -32 -7 -99 179 -30 -237 -150 -176 -210 50 162 -42 244 -238 -208 -70 -149 -212 -189 185 12 6 3 -18 46 113 117 -233 139 -39 -239 49 219 -40 -186 121 -50 -14 88 217 -215 246 102 -147 -75 145 -79 -65 -96 -5 161 -95 -85 -240 -120 174 -112 212 -219 141 118 18 70 74 -203 64 -152 15 -211 92 181 45 -122 -170 26 209 67 85 -80 38 -223 71 -62 138 -67 57 198 -76 115 -111 -169 1 -100 52 204 43 77 63 120 154 112 195 -138 76 171 218 169 -60 -188 -105 136 -22 173 -180 -86 208 -148 -173 -130 232 -216 123 -142 -118 36 228 -127 -168 -102 210 -10 127 132 -48 143 -63 229 44 -249 -126 -117 -175 -97 11 -8 -53 -73 -78 243 126 -143 -128 27 
TEST 146 ARG:-134 129 153 106 -230 247 -119 -57 -210 -157 149 -24 -222 38 -206 40 79 182 174 159 -142 -37 30 126 35 -113 -234 -138 54 -245 -90 -62 5 32 48 104 -227 208 109 -244 -191 140 -137 -150 243 -224 -78 215 -190 168 -106 222 226 -135 3 -86 -201 -149 -161 218 75 24 -82 236 -132 -111 95 -41 -9 214 157 171 -15 231 114 195 145 -243 209 212 -225 84 105 199 -93 99 -200 -26 178 -117 -5 -45 42 147 -226 -167 -83 -76 118 164 -237 12 -118 175 -71 248 130 76 -99 55 -16 64 31 -208 36 73 -183 -241 -48 184 101 -27 1 -70 136 57 -74 -102 20 -33 81 -98 -159 91 -63 19 60 205 -6 28 -108 142 -20 -89 49 183 -164 -203 -184 18 170 -166 -179 -133 -162 207 -88 -126 13 -14 92 93 242 61 -56 -193 -97 87 121 50 46 235 -158 133 -156 103 -65 -3 -42 -120 -87 -58 -197 33 -249 -217 -95 -207 -115 52 97 150 151 -38 162 -198 -199 172 -247 206 -28 71 -154 -72 -54 -171 141 -79 -248 -44 186 135 -107 -127 -144 0 -181 -231 11 113 217 189 9 -129 -128 154 -73 -194 -105 8 180 -188 194 17 220 22 66 -236 27 -165 29 -143 -32 88 -116 203 239 193 -228 -147 -104 -212 26 181 -246 155 -12 -2 -55 -209 -219 -160 -218 69 15 -192 -229 -4 -8 -216 80 -170 -223 -112 58 138 152 249 -51 -238 -13 -84 62 166 -151 177 110 128 45 56 202 -215 7 -81 59 240 -35 -182 -136 -61 -232 -80 -125 108 167 51 6 228 4 85 116 82 -185 23 241 53 98 -1 -176 132 86 125 216 -92 232 160 -114 165 210 223 -67 112 -59 78 144 201 115 227 -153 -180 -77 -141 -23 131 -123 89 107 -40 -177 -131 219 196 2 -18 21 41 234 123 124 -110 -202 -53 238 148 192 -94 -240 96 -91 -173 -139 245 -75 213 198 90 74 -242 -214 -239 -34 -25 -174 16 -68 37 -195 -69 185 77 43 224 -152 230 -213 176 111 244 197 14 -235 127 -100 25 -50 -46 200 -7 -140 137 119 158 -187 211 237 -250 -130 63 134 -66 -146 122 -60 -39 -211 -101 146 -122 83 -221 100 233 -148 -43 -31 -96 -189 -29 143 229 -30 188 -36 -205 -103 39 68 102 72 191 -22 -204 169 204 -172 -155 139 173 156 -10 34 70 246 -220 221 -145 -175 117 -196 -19 -121 -17 120 -178 -52 -64 -168 225 10 161 -169 -85 -49 47 -233 -11 190 163 187 -21 -124 179 94 -109 65 44 -163 67 -186 -47 
TEST 147 ARG:94 -191 14 107 -27 27 24 -48 168 -91 40 174 -153 205 28 -112 -57 -196 -133 110 -99 -79 215 1 -96 -55 78 173 -161 -60 196 247 53 -85 -181 -11 45 -82 134 -141 -75 -118 49 -154 -209 184 -26 125 -178 -171 46 -54 -204 -185 -50 77 5 -71 -116 97 116 -24 114 105 -67 63 245 -61 150 98 20 159 -246 -145 182 -155 210 231 51 191 222 240 -74 131 179 50 -113 194 -18 -117 -81 -137 189 195 -111 34 227 96 208 161 -234 3 -142 -108 90 -34 143 153 124 86 -69 -140 37 -220 -187 186 -45 74 202 -124 181 29 -244 44 -86 -77 218 -84 -169 237 145 -129 -221 -63 -203 -249 -100 -166 -76 -179 -139 212 166 15 224 -242 206 58 117 -94 -36 -121 -22 -186 165 8 -148 66 213 -72 118 -23 127 120 130 -149 136 -147 -159 121 238 -17 -97 -4 76 -101 220 162 230 177 106 -20 108 207 48 -59 71 -210 -175 62 -202 -105 -192 -102 -219 61 217 -16 2 -243 -103 234 104 -248 30 33 -14 -217 221 -37 -200 -89 -3 -227 -197 122 87 -8 17 225 -41 38 -176 -9 13 154 92 -172 -39 -12 60 142 -177 -35 -180 192 -158 -21 -64 54 241 101 232 132 -229 -126 197 -58 69 65 84 93 183 111 193 0 -157 198 -213 185 -240 140 -195 -238 -211 123 68 -231 -47 26 -239 -168 11 81 -119 -134 -212 67 169 36 -241 248 39 41 100 -80 -127 -40 139 -152 35 188 103 9 -208 -114 -247 112 79 23 216 -201 219 -29 209 31 -90 -128 -150 170 138 129 -13 -163 52 -5 95 -25 -1 -56 -143 -92 -205 -107 -53 152 137 -65 -130 -146 -193 -188 156 199 -7 -232 201 244 190 64 47 25 242 214 -125 80 -245 226 -43 -98 -184 -106 -136 59 75 18 -110 -190 135 -88 -226 70 -164 7 -144 -109 164 160 243 -235 233 -83 -51 56 -70 229 -30 146 -224 42 128 -214 126 -225 113 178 223 -156 99 -237 -62 102 72 -42 167 12 -6 85 -198 144 6 -162 -49 91 -236 171 187 211 235 57 -68 204 19 -10 32 -78 -123 -160 -182 -32 -104 176 163 -228 -115 -216 -2 -138 -132 -46 -194 147 -122 246 157 -28 -66 119 16 -31 -218 22 10 89 133 -19 -33 -189 203 -223 -206 249 -15 172 -167 141 175 -233 158 -230 239 -73 148 -173 180 83 -93 -250 -199 200 -52 -131 21 -174 -207 149 -44 -87 228 -183 -95 -151 -120 -135 151 43 115 109 -165 -222 4 88 -215 55 73 155 -170 236 -38 82 
TEST 148 ARG:135 216 -1 -106 -19 -103 59 -171 91 -102 249 133 -34 -201 -86 -186 -137 233 -48 68 -50 -91 -98 -236 168 -11 45 -248 -224 58 161 -218 43 -54 -62 225 -179 247 78 -12 -145 175 143 64 -227 -213 53 -168 120 -28 -83 177 -226 77 79 -220 -69 -70 138 192 3 118 -3 -203 -170 83 -215 237 179 5 8 -181 -131 -190 -124 38 212 -79 -160 -8 -26 134 -117 -130 214 206 221 124 28 87 -133 -140 163 -164 -136 -127 -148 -129 222 -114 32 29 -112 162 -176 -206 173 -209 136 -67 -32 27 57 193 199 181 -202 149 151 -166 188 140 -56 -107 180 106 82 30 51 236 -61 -17 -250 -205 131 55 15 -22 178 -64 41 -122 -121 -57 -24 13 204 167 137 -242 185 17 129 92 -29 -119 35 73 205 -245 -196 150 -234 245 95 -134 -38 -126 -169 63 65 -219 198 -55 165 102 243 -60 -75 -101 36 226 -93 67 156 227 -82 19 117 105 164 -240 100 -73 197 242 154 232 6 -182 -193 191 -210 -152 -118 200 -4 50 -43 123 -15 187 -138 -21 -76 -175 90 -123 -77 94 10 152 103 -65 -18 -200 -5 -207 203 115 99 166 -153 189 201 25 101 248 -163 -81 33 219 -115 -139 -229 215 -30 211 142 186 220 169 182 -116 -99 -194 -151 240 -147 23 159 -237 171 -88 -235 -20 -80 -45 183 -195 -66 -84 62 -27 69 139 241 16 -167 -46 39 116 107 195 34 -95 -78 -109 114 26 52 72 -47 75 -239 86 -113 -44 -199 -230 66 -128 -6 122 -247 -68 184 202 -198 84 -72 -35 46 229 224 207 109 9 174 -110 -10 113 170 119 -165 210 81 0 -104 -192 2 217 230 -208 -51 110 54 239 -135 -144 -238 -125 244 -156 125 172 -42 31 144 37 -197 126 56 -212 -249 223 -216 -53 -37 111 -162 21 80 -157 -100 -188 97 -178 -41 -154 -191 -85 -180 -246 -142 14 -221 89 20 1 208 -36 246 141 -40 -217 -90 -243 121 235 93 146 -184 153 160 40 147 -173 -228 -204 88 11 -189 -89 -23 -74 -120 108 218 157 4 -183 -161 -16 -63 -185 234 -96 -111 44 238 96 -244 158 -33 -211 -214 18 -232 71 -158 -231 74 42 127 -159 48 -105 7 128 -94 209 -172 176 -225 -108 -149 228 231 -150 -223 -58 -146 -87 -7 85 -174 -233 104 -71 -31 -25 145 194 -92 130 -52 -222 70 -143 -241 47 60 -2 -155 -39 190 213 22 98 -177 -97 61 -187 -59 148 196 -13 -49 -9 -141 -14 -132 155 132 76 49 112 24 12 
TEST 149 ARG:-239 11 -231 -114 69 21 174 82 216 61 -37 -11 -163 148 -147 183 13 45 -42 -132 -93 234 28 -95 58 -161 -30 -200 226 -192 57 -233 14 214 100 155 -87 22 -221 -108 147 -153 -174 42 32 -169 239 232 231 -99 102 -170 140 227 80 54 87 98 -213 190 -104 179 -119 -45 77 81 166 -184 -155 175 68 212 -51 153 -226 139 -212 -22 -59 -238 -97 -219 97 169 -190 -56 224 -148 189 127 -120 -116 222 -50 78 -199 128 195 41 217 -243 66 3 96 92 -113 -49 -141 -4 -53 106 -74 -38 -82 121 -127 -138 -206 107 198 105 -188 39 85 199 -70 -41 165 202 -158 145 138 196 228 -46 -249 247 -202 94 238 117 -9 -71 103 43 65 -135 -47 -224 33 6 -159 -230 -171 124 -100 -198 -123 60 30 133 -89 -195 209 113 -20 -54 -232 154 -191 59 9 -157 164 -32 -13 10 -16 -228 -234 -7 204 -164 -77 -26 90 104 -31 -193 -102 -67 67 99 186 75 -131 -5 -83 -15 -168 191 -63 16 -73 12 -236 83 142 111 -103 -194 188 79 -247 -43 -137 -156 211 -118 170 -136 -227 -196 118 -145 221 -237 245 152 -207 -162 51 -209 71 -55 206 -235 197 95 193 -124 200 -225 -134 72 -186 7 -66 -86 223 46 -36 -220 63 -146 229 -208 161 -28 -216 233 -151 -139 36 201 -10 -142 149 119 -76 -62 208 93 -250 -189 -211 -57 -167 55 26 171 -111 0 230 112 5 -130 184 -149 20 -81 192 -143 -240 237 -110 56 62 -65 116 213 134 -27 143 -181 -245 160 -165 126 125 242 123 135 -52 -34 -201 141 246 -187 -25 115 -2 220 76 -69 -90 -14 -173 167 -85 -160 194 38 40 163 109 19 -88 -115 -122 -94 173 70 15 -210 -182 218 25 110 -244 53 8 114 -33 -60 136 -197 219 146 -64 151 243 -241 -1 -125 -6 -35 203 -105 122 -121 -218 -58 -112 -126 48 86 236 -129 -12 23 -44 240 50 4 -248 -48 -8 91 -29 -179 -109 185 -229 74 -17 49 -175 131 137 -91 -204 -203 -80 101 -21 -183 37 -107 241 -40 244 177 73 84 44 -117 156 17 -242 -68 182 -18 150 64 -3 -185 -140 157 -79 -178 24 35 249 178 181 -61 88 158 205 2 27 132 -92 -215 -166 -101 47 144 162 235 -217 -75 1 31 34 168 89 248 -180 52 -144 108 -205 -19 -23 210 172 29 176 130 -24 215 -152 -106 187 159 -98 -223 -84 -177 -246 -154 -72 225 -133 -150 -214 -39 129 -78 18 -96 -176 180 207 -128 -172 -222 120 
TEST 150 ARG:-54 199 235 61 -127 -141 9 -23 67 -85 -166 -250 -154 215 55 126 -204 83 240 -186 106 97 14 -42 -199 -107 -16 28 180 49 -137 214 45 228 219 10 -217 -218 77 -153 -205 -11 -194 124 184 -180 -149 151 36 -61 23 35 85 164 133 -225 72 31 -66 118 -96 -247 110 41 -91 71 1 50 -24 -134 -97 13 3 -59 130 -200 64 -114 114 -101 229 -185 -78 196 56 217 218 103 -242 -51 -43 -122 -82 -38 186 5 -36 195 -58 -181 -39 -62 -110 200 2 -167 190 -64 -5 171 111 4 27 25 189 201 -29 193 188 150 57 -55 -171 234 -164 94 -69 0 -219 -214 -34 172 -22 54 107 -220 95 -94 -177 -88 -33 84 100 207 104 -146 -158 -109 246 40 -31 238 -115 -172 -52 -6 -1 86 -25 120 -216 170 194 -50 179 -116 -142 -131 -15 127 -106 -77 162 -32 -126 116 -211 -188 -74 192 113 -191 -117 -105 121 131 146 80 247 148 -175 163 122 -237 -40 -93 -183 -75 -9 168 137 90 -118 87 -112 -135 208 -119 -89 225 -102 -92 128 -20 227 93 -63 -165 232 30 -129 161 167 -17 -238 -71 -84 176 -76 136 -222 191 139 -12 134 -150 -3 76 181 33 -229 -168 18 -226 149 65 -156 -208 108 177 -170 230 -19 -103 69 -133 44 221 -136 98 19 -132 -45 182 15 -209 -83 -68 -203 -13 112 -240 99 -182 154 -196 -120 43 123 -234 -232 81 22 6 11 58 62 -138 -98 -48 -243 -113 -30 -65 -7 249 -236 105 -148 -72 79 -144 157 -56 91 -26 -184 -227 209 -201 -190 88 -193 165 169 -125 178 -235 233 141 185 74 -189 187 -79 -192 -202 -108 245 102 -213 -70 78 -176 143 -195 -49 -95 140 155 216 -241 248 160 203 -157 16 -53 -173 -18 211 -159 -152 -130 -169 -46 206 212 73 60 96 243 -147 158 -206 -174 32 92 129 -100 244 142 29 -239 42 -179 205 20 125 231 173 132 -160 17 -223 226 -41 47 38 24 -244 152 223 -245 21 -197 75 -104 -37 145 26 48 -212 -128 -145 166 12 -161 -123 -198 -86 51 144 -187 -73 117 46 -140 -224 34 213 -231 119 -151 66 -207 70 241 -21 -81 52 220 -221 197 -2 -124 -27 -67 -80 -228 -249 153 -60 39 -230 101 174 -246 -163 -248 -87 59 -8 210 68 89 175 237 -210 -14 138 -121 -155 -47 -57 156 224 239 -44 222 159 -178 -215 147 37 202 109 -233 8 135 115 -162 -139 -99 63 183 -143 -90 198 -111 53 82 204 242 -28 -35 -4 236 7 -10 
TEST 151 ARG:218 -244 -53 54 -158 166 -27 -162 -67 247 113 -107 128 16 152 14 -115 -21 -85 82 228 98 -35 201 174 170 80 -183 -46 215 -221 108 223 -111 -122 -192 117 -25 -74 27 33 -65 245 -61 -48 -198 -3 120 -59 -204 232 -194 125 -249 61 179 -218 66 157 -163 184 88 -208 -71 -125 -203 -168 -87 72 176 9 106 91 -105 19 206 235 -83 10 -22 -193 -113 -120 -243 210 -141 46 221 -190 -186 -196 -139 -188 -187 239 -177 -211 240 -37 58 12 -131 -121 241 136 -90 187 32 -195 -88 -161 -117 77 3 94 76 163 -109 -47 -94 15 -119 233 -234 185 114 169 -118 122 -136 2 69 214 -44 225 38 -82 -156 -75 99 -116 -134 -110 167 53 160 -179 78 194 74 158 -80 204 197 60 193 -227 103 -50 249 -41 63 -240 147 -29 65 199 -143 -157 -128 -233 -12 -209 -60 -23 -39 -42 -108 -245 -242 -102 100 220 -93 155 -69 84 -140 -212 154 141 -64 196 230 67 47 -222 -228 146 182 -103 105 37 18 132 110 -150 148 -132 -173 -214 237 -166 79 164 102 20 186 22 -51 -181 -213 -79 -100 -159 -30 -237 86 -149 142 226 24 -14 -191 95 234 131 202 -99 151 -49 191 28 39 -248 29 124 -18 96 -124 -76 -20 23 71 219 -231 -171 -167 -84 107 13 85 127 45 189 224 115 43 192 133 -174 229 -225 -32 188 57 -170 137 -226 35 -104 180 203 -1 138 -16 -206 -127 -101 -219 8 51 211 175 -238 70 165 7 111 93 -250 -165 208 121 161 75 -45 -8 -40 -114 -129 -236 150 -123 -216 145 -135 -5 41 126 11 -13 -55 238 198 -246 -52 17 -89 -210 181 222 -15 -155 -230 97 -184 236 159 -232 25 89 -239 68 195 130 -63 -130 177 139 -4 134 -38 149 -78 44 -144 -86 -160 0 -180 -33 -91 -148 -223 -95 -43 135 -58 73 4 -154 -153 -92 92 173 -133 1 246 6 123 31 -10 -185 52 90 83 116 -220 -145 178 -9 -73 -172 -138 -34 -189 101 5 200 190 -235 48 56 156 -77 112 143 -217 -207 62 -178 -66 -72 -142 -200 -81 -31 -182 -215 26 119 36 -202 207 -28 -68 50 140 243 209 217 171 -205 -6 -112 183 162 -169 104 -7 -147 168 109 -146 59 -24 -199 242 30 -17 216 -57 205 -19 87 144 248 -197 172 42 213 -247 -176 34 118 -97 -26 153 129 55 -11 -152 -175 64 -62 -98 -54 -224 -70 212 -137 81 -151 -229 231 -36 227 -2 -56 21 -201 49 244 -164 -96 -241 -106 -126 40 
TEST 152 ARG:-207 41 -158 -114 -125 58 156 100 -153 -141 -152 -106 -56 133 -228 -184 -30 -200 -124 -66 26 199 -84 244 -198 -112 14 123 178 228 23 70 38 203 216 185 -11 -143 88 -101 -151 189 167 125 175 -156 -202 -14 116 177 155 -121 134 -72 -13 35 -210 5 206 -144 182 -42 -123 -248 -190 242 227 1 -213 -85 -94 76 211 220 81 -83 -104 -99 45 153 -2 165 72 2 -250 -90 -233 215 -159 -224 20 -154 12 -96 -52 179 67 78 -103 64 -120 62 168 80 114 237 196 -226 71 91 126 -17 -216 -18 -64 -43 97 -12 -60 -25 8 6 9 122 -91 -88 -223 245 -199 68 39 234 63 11 95 -73 83 -122 -139 -173 4 -53 132 128 49 7 -49 -39 -111 73 21 -128 111 -188 -46 -92 -209 -220 24 -5 -237 -15 -225 -31 -160 197 152 -204 209 -155 198 101 -182 -40 225 243 22 144 -205 -201 -119 221 -69 -19 -68 236 -28 -136 -55 214 -227 200 141 56 218 54 -117 145 172 161 193 -80 51 -249 47 -36 -138 -179 0 -45 74 69 79 -38 -81 240 119 -23 202 -196 -192 208 -133 -3 77 -51 19 -242 61 -165 181 36 -211 159 118 -8 -197 -35 187 166 -113 86 -168 109 50 -238 205 -169 16 -176 -16 140 -44 92 201 171 120 -41 247 241 -95 180 3 -234 -50 -6 -191 104 84 -58 163 149 147 -98 115 154 15 -174 -148 -145 -20 -115 246 -78 -235 99 -9 -26 -172 -109 34 229 -166 -100 219 195 -86 -127 112 207 -171 157 102 -33 13 -186 233 66 183 -183 212 137 160 -126 106 -215 -134 129 -79 148 -29 25 -245 103 -219 48 -24 -175 -193 -214 -63 -239 -82 -59 -10 87 65 -147 -162 -71 -218 46 124 -217 150 -246 55 -65 -195 -54 -206 52 173 -232 121 -57 -208 204 217 -76 -212 -240 75 59 -75 -243 169 -244 -137 -149 -21 -194 223 43 231 170 -108 139 -203 -167 53 -131 136 -161 -34 -150 29 190 108 131 17 -107 42 -187 127 32 -189 248 224 -146 142 60 239 117 188 -157 -178 33 -77 31 10 -247 -185 143 210 192 -61 18 107 -163 40 213 -37 -222 -7 -1 -62 146 -181 174 -87 130 -229 -142 -177 110 158 226 -236 176 -230 -116 27 -140 113 -231 138 -180 -93 30 -32 -102 135 -67 82 -89 89 -129 -97 105 -164 96 85 -135 186 230 -74 151 191 44 94 -110 -241 -132 90 -70 232 238 235 -105 57 93 222 162 -130 98 -118 -170 -221 194 -22 -48 -27 28 -4 -47 37 164 184 249 
TEST 153 ARG:-224 -55 -66 226 -126 174 -78 30 45 136 145 -194 -99 -145 -154 -31 -211 112 -11 231 177 134 -130 17 -93 -249 142 -29 135 -67 -122 176 0 -232 207 -149 -129 78 -36 -237 -179 -180 218 -34 182 124 62 -220 -156 154 126 109 209 8 73 23 236 -94 -176 -230 123 -147 -37 -165 -17 -170 -127 -205 -238 -222 217 214 232 200 -132 -118 -47 194 -87 164 203 -98 129 233 -171 201 170 131 98 59 171 -107 222 41 -193 15 35 77 52 3 95 -137 -28 -250 -62 120 -41 97 -162 -173 25 116 -97 -49 151 -21 169 -73 -45 144 160 -43 181 -191 -27 166 32 215 6 -23 -167 -219 242 -161 157 -111 -182 87 -125 150 -2 119 140 159 206 2 -3 148 -7 48 26 11 243 -134 57 223 211 138 74 90 -164 185 -192 -110 -19 235 175 161 96 107 187 152 202 79 -25 -188 241 99 31 -121 -136 14 210 237 65 53 -151 92 -236 -79 113 -85 -221 -112 40 183 -83 21 125 101 130 141 121 246 -169 75 -227 -92 127 71 -184 38 -242 132 -186 -61 -241 -4 -86 228 -148 22 137 -32 189 42 24 -96 238 -59 69 -124 122 -183 -80 193 -88 139 -195 -102 192 -63 110 -65 221 4 156 88 147 -209 239 -217 63 5 162 68 249 36 91 1 -185 -52 27 -38 16 -247 -198 168 -197 -57 -178 -13 -187 213 13 -175 82 64 133 -248 -105 28 205 -18 208 -204 -35 191 -207 80 -234 46 -144 229 -70 -155 167 155 -91 -26 7 240 216 70 -152 -139 -201 195 -190 149 -89 34 -116 -12 163 -123 20 -95 -60 -128 -81 19 -208 111 100 227 -246 -42 58 180 93 50 -150 -215 -103 118 -10 104 225 39 -82 -114 -75 -120 102 -200 -216 81 115 106 117 -240 248 -239 178 212 204 -72 -159 190 -235 -157 230 186 -203 188 -64 -166 153 33 -202 -58 -117 -160 234 9 -68 18 -106 219 -133 -189 -119 -24 89 196 -76 -39 47 -210 -5 -115 245 143 85 -104 29 -77 -84 -15 -168 -100 94 114 -53 184 55 -174 -108 -6 -213 -199 49 -245 -74 -138 -146 -16 67 72 -181 -30 -140 -228 -172 -214 84 -233 197 -223 -40 -143 198 -44 -226 -46 103 -8 -101 -225 51 -206 128 -244 -218 61 247 10 86 108 -22 -9 37 -135 -113 66 146 -196 -243 12 -56 -212 224 220 44 -158 -229 -142 105 -71 158 76 -20 -50 56 -51 199 -14 179 43 -177 -141 60 -153 -33 -1 -163 -69 173 -48 244 -231 83 -90 -54 172 54 165 -109 -131 
TEST 154 ARG:52 12 246 -190 -5 110 36 -23 63 164 -29 241 -60 -98 -4 -39 -148 -51 53 83 137 -116 -63 -9 -228 -176 -218 -35 -199 -146 101 117 58 -150 -75 190 -234 -177 187 -123 188 -92 16 43 15 157 160 -10 19 -77 -230 212 130 -57 -232 1 -189 6 -129 -153 -213 234 120 0 205 165 179 -171 154 -97 -194 131 180 -120 -50 -245 -71 -19 79 174 -67 46 25 -30 -206 116 -31 -100 69 -209 193 55 62 201 242 124 -248 30 138 228 -216 223 -207 -59 -17 29 -173 129 -172 51 -41 183 -118 -136 24 204 95 178 166 -243 -236 -170 -26 89 90 14 -220 -33 -15 -249 195 -134 -18 18 173 -104 -81 247 -151 70 139 93 11 144 -68 114 -43 -66 152 -192 17 155 -3 -85 -53 115 -133 3 149 48 147 -1 34 -161 163 194 -86 -122 -141 -185 -40 226 -167 -162 -58 37 -73 -226 215 -70 -124 107 125 -79 67 -137 -125 9 78 -152 26 -164 87 -82 221 -107 23 -54 28 -182 -188 80 210 -106 217 35 2 150 49 21 128 -219 -201 -28 -88 56 -149 199 -198 -240 186 13 -126 -65 -222 -187 42 -212 -231 207 20 -95 182 140 59 189 -217 -48 119 94 -143 -84 -138 -89 64 211 85 218 38 -128 -154 -160 239 -204 -200 214 10 208 -244 235 -42 -247 181 72 5 -34 102 229 134 162 -16 66 -24 232 -166 103 -72 -181 -157 -105 91 122 -69 -193 136 -62 71 -113 219 -90 -196 -114 -22 -25 -250 -94 98 104 -175 99 -174 -20 75 86 -165 -37 225 -184 4 84 -11 8 74 -169 197 -225 96 -237 -12 118 -186 236 177 -91 33 -115 244 112 40 156 -159 227 32 -227 237 -117 191 -203 22 113 245 146 44 -93 -121 -223 -183 168 -246 132 31 88 159 -78 -147 -155 172 176 -195 -47 -27 60 -61 -8 -144 216 -229 127 -168 202 240 -96 -7 203 -102 -241 -55 109 167 -45 -46 -197 105 -139 77 -211 184 -179 -235 -233 169 -6 224 -208 -99 65 41 7 231 -158 -132 -140 213 111 -156 82 -202 -178 -130 153 -110 171 -83 -49 -210 222 198 -142 249 -131 50 -238 200 -109 175 -64 -108 192 -36 27 92 143 -38 133 123 -214 108 135 61 -127 -224 -21 -80 148 -74 97 45 -191 100 54 76 -56 209 -242 -112 151 233 -2 47 126 121 238 185 73 -180 -215 196 -76 220 -145 -205 -103 -14 81 39 230 206 161 -52 -111 57 248 -87 -44 -135 -239 -32 142 145 -13 106 -221 -101 -119 243 68 141 170 158 -163 
TEST 155 ARG:200 145 -11 39 -44 -204 25 214 -3 -10 -28 114 79 194 58 -40 118 115 116 -152 28 -50 -61 133 -137 154 40 237 193 246 -176 -45 16 -104 -232 17 -178 -172 -244 189 123 -5 -32 -191 -139 47 -181 248 204 -24 91 -113 235 -13 205 -96 107 -70 -65 -62 82 -48 44 169 -68 137 -226 -229 126 -129 111 95 165 -237 -130 -177 90 -33 173 -225 174 240 163 -91 24 -1 22 -107 -34 -17 -196 -153 -81 -30 186 -188 -119 103 -186 135 234 9 84 221 -103 98 -14 13 181 228 85 121 -210 -227 86 -23 -63 -39 101 144 -97 32 -117 -184 -195 54 1 166 195 102 -203 176 -146 140 -238 -100 53 -169 76 -197 -85 201 -131 -126 167 14 106 151 -72 52 -183 20 63 78 224 -112 -109 66 -89 217 -51 146 211 -144 -182 209 -234 -69 -132 142 -71 222 -198 202 -121 -193 23 -166 -163 11 -250 162 -201 21 216 3 -167 184 -43 136 77 -118 -138 -79 -154 -180 -16 -52 -202 -157 -108 192 172 -102 -165 160 -136 -18 -120 75 143 124 -64 -161 -8 -218 4 -84 -53 -67 97 -164 208 220 100 130 210 131 -122 168 180 -223 49 8 206 -99 -80 223 112 188 -94 -27 -75 96 34 65 127 159 117 207 36 42 -110 -47 -151 -77 226 94 155 59 -128 -170 -74 70 15 178 -49 -26 183 199 -41 74 -236 -217 51 -168 198 -87 -149 -211 -88 -148 177 81 2 132 19 225 236 -224 113 -92 230 -90 69 -7 -150 129 242 -95 -221 -22 215 -213 218 71 6 -6 244 -83 -194 -142 -219 26 -135 30 191 122 10 -124 -214 29 45 243 175 148 -212 -192 -116 55 -115 -78 41 -114 -57 -19 83 -205 -140 125 -56 196 33 -73 89 -86 56 182 -207 35 110 12 197 73 -155 -230 -160 -158 156 -101 -231 128 249 109 -245 -106 48 -242 31 -66 232 5 152 -173 -76 57 64 -247 -21 241 -190 -174 161 238 138 67 -209 -222 203 -35 -143 -12 -31 -58 119 190 -46 -249 -240 213 -220 60 -82 -248 -105 108 245 -54 72 -60 61 -159 158 7 -208 -134 -246 187 134 -111 -15 -233 141 -25 157 -42 -20 120 179 -55 153 -123 -199 46 231 -2 88 -171 -189 -93 233 99 93 -179 105 -9 0 18 171 -156 -38 139 -4 38 -37 -243 150 -175 104 -147 68 -239 -185 87 -200 27 -141 170 -133 149 -162 247 92 -187 227 -145 -36 -216 -127 147 -228 43 -98 185 50 37 -29 80 229 239 219 -241 62 -125 212 164 -59 -235 -215 -206 
TEST 156 ARG:74 180 1 136 -70 -82 99 -249 -63 5 150 122 -182 -213 212 15 76 139 -99 25 193 -36 9 -110 -73 -140 205 50 14 -23 12 -68 184 124 -79 -117 58 -29 -240 -12 174 -145 49 127 -72 47 -156 211 221 187 -87 19 -167 -189 105 0 53 73 119 26 183 243 216 -49 -221 -83 -28 155 142 -239 46 -209 246 -176 79 -192 162 8 77 -175 6 -118 -230 -215 -55 -42 34 213 41 -233 -234 163 133 109 -25 30 244 -32 215 51 -241 185 -212 195 27 -1 -106 154 -122 54 -102 -132 -237 -130 -8 -100 -220 -50 -91 132 -10 -250 159 -119 130 -206 -94 78 -125 -58 231 -201 -126 -129 178 -188 239 -223 -18 172 -53 209 -181 66 43 201 -177 -85 -152 29 117 -98 -162 -127 -11 -27 -78 80 -84 -216 90 218 -149 -245 -142 -195 28 -20 -155 -19 -205 -89 -22 -160 -121 144 126 -242 35 17 18 -124 -180 85 38 225 -172 86 91 -76 115 -197 -173 -107 -158 210 -222 -227 -108 199 -34 -13 227 -4 177 -44 157 -146 -185 166 -144 -164 -31 -69 45 -6 16 59 220 104 226 71 87 167 129 245 110 -150 149 224 -35 -75 -184 -43 -59 -109 -166 -74 168 82 39 247 -183 -133 145 -46 -179 -112 242 -114 57 -134 -135 37 -174 -248 -147 -190 -196 -232 -208 81 -141 -90 -151 -103 173 135 103 118 -96 62 111 116 -120 100 219 -52 98 -178 189 -168 229 196 64 -235 52 -187 -15 22 190 107 97 120 94 140 -193 -236 -217 3 -54 -225 -148 -41 -104 -138 -26 -211 -17 240 -191 65 241 147 -33 186 -210 20 207 -238 204 -243 36 -21 153 42 -92 160 143 -131 -16 88 137 -40 4 128 179 -24 112 194 235 -163 -128 -159 -66 -9 -47 146 169 -60 176 223 -204 114 -5 92 -170 233 95 141 93 101 60 -48 -51 192 131 -226 108 -111 -67 83 -86 23 222 -214 -37 61 238 -153 -224 -30 -199 232 -186 32 203 -137 -203 151 202 -61 -246 -123 84 158 96 -97 2 -244 -218 -105 -2 -116 197 67 200 102 24 -157 -56 -3 152 234 134 63 217 198 -139 236 89 -229 -14 -207 -57 -88 -38 164 175 161 -77 182 228 206 148 7 -143 -7 21 -231 -200 -95 -165 171 10 -194 75 70 191 170 31 48 -64 249 -113 55 -45 138 11 214 72 -136 208 125 56 -93 -101 13 -161 -219 -202 40 44 -198 -80 -228 -247 -171 -169 -81 69 230 156 -39 113 181 165 188 -62 237 -65 68 123 -154 248 -115 106 33 -71 121 
TEST 157 ARG:216 129 3 190 196 46 -245 244 -200 118 -11 212 128 -45 248 -109 18 -58 -153 55 210 -146 -174 -21 -18 -10 224 -148 -123 165 -215 -218 -173 -182 -31 159 -232 36 69 -183 218 164 -96 5 199 179 85 -227 -195 96 -193 -34 130 30 -13 188 -157 209 168 -122 144 -14 -233 15 -28 230 -29 238 -19 -133 49 -170 -249 202 -131 -224 53 87 -30 182 -53 -129 206 184 12 123 -84 26 -75 33 -199 242 -150 57 201 151 162 -92 -160 74 -162 -93 -61 -207 -59 -7 -103 -9 228 -185 -50 75 178 31 146 -209 35 -97 -74 189 -1 -79 -237 124 -137 -152 247 25 -70 110 136 23 117 -213 185 22 82 -179 83 236 -80 173 47 65 -83 226 45 78 72 19 -163 -87 170 -222 243 160 -120 192 -44 -216 2 -47 135 127 -6 37 -17 -115 88 -41 221 167 -239 140 58 -142 -172 -130 94 -27 -151 -208 -220 108 -77 175 -68 -71 197 225 -119 -121 -20 52 -132 -214 -124 -238 -110 102 120 -140 32 63 41 -167 -247 42 246 -159 -143 203 -197 -98 -111 -196 -202 207 -62 -165 79 -126 -205 -186 -114 186 122 180 -171 80 -230 -32 156 -136 -217 95 219 -180 211 115 -89 139 -128 -42 104 200 -43 61 -206 235 -156 143 113 9 -144 40 -22 -57 -2 14 -48 -212 -86 89 10 -229 198 -244 -201 217 -49 171 -118 -198 172 -39 233 -225 131 119 -5 -204 -94 48 -223 241 -226 93 -56 -40 -158 220 132 177 81 111 -127 20 -189 64 105 205 -69 -37 103 -191 176 -76 28 -23 60 -106 21 6 163 51 -161 -65 -72 -99 237 -60 66 62 54 231 -178 71 -33 -24 -168 -15 249 -166 -3 -234 100 -181 181 73 -36 -221 145 161 -149 -55 -26 -164 158 -73 77 43 29 -243 59 -108 1 -192 -16 101 11 -54 50 214 -46 76 194 116 154 67 -184 183 -228 -210 -91 125 142 -177 -145 -135 -187 -176 -241 -139 149 -112 -138 86 -85 -125 -67 84 126 -8 4 -82 133 -141 -64 56 166 -107 223 0 -104 204 169 -188 152 222 134 27 92 39 -66 138 -246 239 -194 141 97 -147 215 234 -88 187 -102 -12 99 -100 191 -78 106 109 -231 -134 -25 229 -81 240 91 232 -90 195 -250 70 -113 112 -51 7 227 90 137 -52 148 157 98 -190 150 -63 -38 8 13 -242 -105 174 208 -117 -155 193 -236 107 155 34 -154 153 -203 -235 -175 -240 44 17 245 -116 38 121 -219 68 213 16 -248 -35 -211 -4 114 -101 -95 147 -169 24 
TEST 158 ARG:-139 119 -66 227 -245 211 -156 220 -28 -123 145 137 82 -40 0 -190 -33 42 -22 121 77 89 -185 79 100 -167 -143 -236 -229 -169 -83 167 51 138 -52 -109 -202 -115 -182 -42 -142 -189 120 -69 246 -12 -180 -250 -134 134 -24 -172 -47 70 62 -5 23 215 112 95 52 75 181 -6 224 154 -119 -128 124 44 -78 -19 -27 94 -20 -215 -232 232 -4 -197 140 87 -210 -181 -30 26 -45 -89 113 -81 17 114 -97 83 -39 -187 -204 -48 -144 -141 151 198 16 156 -200 -247 -219 163 -13 -76 -146 184 -1 187 -186 -49 212 -150 37 194 -206 -222 -120 -193 -184 -170 -104 -148 39 -133 173 104 -55 -174 93 -70 209 -60 -29 -136 239 -53 -71 -227 24 -2 -17 236 -246 228 -191 213 -86 -102 -63 -221 -91 98 -14 -80 67 197 -107 -158 69 -114 -46 -140 -192 205 -96 178 248 193 132 106 50 -130 216 22 171 -164 125 240 90 133 30 -199 -145 72 111 10 127 -135 21 2 60 -196 -166 -35 33 80 117 73 -7 237 103 188 -157 -62 -132 199 229 41 15 128 29 1 -171 -59 -137 130 85 -177 -207 -239 195 243 247 192 -3 176 54 -21 -112 -235 -108 -84 -90 -68 161 135 -198 150 -101 -168 86 -26 -209 110 -205 -34 -113 3 -111 234 -122 68 168 226 -127 7 13 170 -131 88 48 200 58 61 -244 180 -10 -87 155 189 43 206 53 31 -224 225 -178 -233 65 233 -147 -129 105 164 143 -152 -238 25 235 101 -162 115 183 -88 59 152 -230 -203 35 -106 -54 166 -117 -165 190 -163 204 149 -11 -214 74 218 -124 -237 118 -153 -160 40 -225 107 -175 99 208 -183 -82 -208 210 -110 -228 129 169 -105 230 -36 -58 -25 84 -31 122 -73 157 -116 -213 91 148 116 153 -98 165 19 249 -217 12 -41 -103 -151 -67 -231 -118 182 -161 139 191 -223 -56 -94 4 -50 -126 -65 -18 -121 -72 -211 -9 -138 5 96 219 64 -99 -212 207 -64 108 214 196 242 66 81 27 -44 20 -248 131 47 71 49 162 -16 34 -243 -32 -179 -155 175 238 -61 56 -93 32 -226 141 203 28 -220 160 147 9 -85 126 159 -194 185 245 36 97 146 -159 136 221 174 -38 -176 -51 -188 -100 92 244 -15 -79 -43 -242 57 172 -234 55 217 78 231 -249 -37 202 223 241 -74 14 144 11 -241 109 6 201 142 -125 -195 123 8 -8 -201 158 177 -92 -173 102 179 76 -149 38 46 63 45 186 -218 -75 -240 18 -57 -77 222 -23 -216 -95 -154 
TEST 159 ARG:47 55 215 75 235 -241 -228 -45 116 127 -72 -206 -179 192 -227 65 -23 35 185 106 168 108 -207 6 -188 -178 230 -36 152 -54 -226 -249 -173 76 64 48 182 20 -144 191 91 -97 -56 -92 46 -44 12 9 -143 -93 -180 -232 33 196 59 131 42 15 246 -172 78 -114 -80 -202 -145 245 -61 -187 7 -53 -2 -58 50 10 -186 208 -85 -119 -237 -102 -131 169 37 -213 61 216 -220 -28 -8 -17 -235 -42 8 -215 -113 39 -134 157 234 188 -101 -170 -47 -64 118 41 -89 135 199 83 226 -103 -104 105 -9 -15 86 -30 130 -171 207 -35 -18 187 151 -136 43 -155 198 -106 -195 186 -115 101 243 112 -244 -219 25 -29 172 176 -182 -69 -238 81 94 180 57 -110 -40 98 -120 144 36 206 -6 -218 132 74 103 -142 134 -160 145 51 53 -32 183 163 -112 160 -77 177 -157 -229 -129 -174 189 -247 -248 164 240 22 -124 -141 178 107 224 52 -164 1 233 -24 -204 -81 93 -224 -147 161 190 -11 162 -183 70 -137 -242 67 171 -246 -55 -127 72 -194 -176 194 -208 -231 -57 71 -66 89 -154 0 124 136 -21 125 -108 143 -90 166 147 -13 -70 21 62 -71 -62 90 223 -166 -162 -122 -65 -109 154 -239 -87 146 -250 159 18 129 138 218 139 30 -16 -73 -185 2 63 121 -181 -193 126 60 -116 26 -210 158 213 174 -152 -48 211 -63 184 28 92 232 247 -169 32 200 80 -5 -82 77 -184 221 -132 -151 19 100 -107 -240 -31 210 111 -1 149 -243 249 -118 95 -59 -167 -88 123 -121 227 115 167 -196 -175 -130 -201 217 -126 14 11 -105 -27 142 -161 -67 -49 -225 237 -138 197 -190 5 179 -100 -191 3 -163 49 -7 222 148 79 212 54 242 -75 219 -214 214 201 202 -217 88 -199 -140 241 -60 38 -22 -146 -209 -38 -76 -221 236 -223 -150 -43 122 -25 195 -200 153 133 -189 175 -96 29 -222 228 -153 -198 137 -34 -68 4 -33 -177 -133 155 170 -12 -3 -98 -165 56 -245 225 -99 114 66 193 203 -128 156 239 109 181 23 104 -139 17 120 -10 58 87 24 209 -192 -234 -236 -14 141 128 150 -50 -168 -203 16 248 -37 -41 68 85 231 27 -148 -78 31 173 -216 -123 165 -94 -233 -135 113 110 -111 -95 -125 117 -83 244 -86 45 -84 34 204 -156 -149 40 13 -51 -79 -74 -158 -20 -91 -4 119 -197 97 -46 96 -211 -205 99 69 205 44 -52 -26 -39 -212 220 82 238 -230 229 102 73 -159 -19 140 -117 84 
TEST 160 ARG:237 236 -23 -228 182 -160 -28 -188 248 -93 200 109 60 25 212 -122 -241 -247 -82 -182 138 -147 183 124 -97 -221 -64 -1 126 72 -27 91 243 -173 -21 74 170 -189 120 169 -61 -167 -117 -124 -246 44 153 204 -119 64 71 -130 179 -17 247 -55 -43 154 15 146 -203 -186 23 114 3 1 228 -213 -184 -136 -193 -133 -159 -164 97 -35 5 24 -111 217 187 -87 -72 -243 192 -39 -192 -11 27 189 37 244 137 48 163 -135 40 140 7 -131 79 123 98 232 41 -76 85 238 -120 -217 -6 96 -127 -14 215 176 -142 -15 -20 -176 -132 -128 173 207 -94 52 73 191 -235 45 -110 -153 -89 83 249 -163 -108 -183 -107 -96 30 -150 93 -175 -99 110 14 -47 -219 -238 -206 175 203 -134 -56 -199 197 -38 -36 -244 -157 -88 -30 -112 18 -68 125 36 -171 224 -9 -198 -63 227 -73 -106 210 116 -32 -144 -146 -126 68 -16 -77 -224 -166 -79 -194 -229 -50 -149 -179 118 181 -70 42 233 -191 -232 -26 -5 226 -2 -33 -178 89 92 -222 49 103 119 -172 218 151 180 206 234 219 29 46 -75 -216 -156 150 152 174 -209 -125 122 20 76 -114 4 12 47 -104 131 -95 115 107 -83 157 50 -223 -237 -225 43 225 -181 108 69 0 159 56 134 58 209 54 -168 -123 -227 -65 130 -143 -78 -187 -116 231 101 55 240 57 214 -109 -211 -40 51 -37 -196 -151 -215 17 166 -45 59 31 -245 165 186 -3 136 -239 162 -233 246 35 87 168 199 178 -129 -67 62 28 -8 86 121 16 190 -212 -115 -85 -165 -74 -190 -57 205 -174 102 213 -66 100 -7 -148 198 -139 -145 -208 127 139 80 -71 -49 95 -91 -220 -118 -169 -152 -250 105 -18 -207 241 128 -52 -105 211 -162 19 -249 82 13 -62 -48 111 22 158 141 -59 81 -90 167 21 -141 142 132 -58 99 196 202 -113 -121 -22 -200 94 -202 70 172 229 -53 26 -154 216 65 220 -197 -100 242 88 -42 84 38 -205 -84 145 75 9 155 148 104 185 -230 -81 245 77 39 106 239 147 32 78 -19 -218 208 112 11 143 -13 -25 184 -34 -226 160 133 -103 -54 -137 164 -51 -29 -4 -204 161 -240 2 -214 -12 129 33 171 194 117 235 -158 8 -170 90 201 188 6 63 230 10 -44 221 66 -161 156 195 -41 -98 -101 135 113 -201 -46 -155 67 -231 149 -102 177 -60 -31 223 -180 193 -69 -138 -86 222 -195 -92 -236 -234 144 -80 53 61 -185 -210 -24 -140 -177 -10 34 -248 -242 
TEST 161 ARG:84 30 208 -202 -92 178 58 35 -170 206 19 -59 104 136 -130 128 -200 146 -227 198 -145 21 -225 64 247 172 72 115 159 -36 230 -65 -193 -58 87 50 9 -87 -232 131 -168 80 164 216 99 65 -192 -72 46 43 85 143 20 149 -164 148 170 -176 -38 -95 -124 -27 235 -5 -21 186 213 -89 -49 249 -34 121 177 240 14 28 139 -228 83 -199 -4 32 96 -171 111 94 -247 181 34 167 -115 -43 -209 185 130 51 -138 -123 -139 -19 -120 169 174 29 -162 36 22 -237 -165 26 -195 -2 -31 -99 -67 165 86 234 219 -240 -81 -52 91 -210 -183 17 -56 190 100 -73 -223 -86 -26 -32 -220 -84 -20 13 -3 -229 -129 196 -74 -54 -147 -235 -148 -12 -48 226 -238 -23 202 -222 -133 129 160 -182 110 238 -134 -122 -116 228 -242 -28 -178 242 98 -10 -71 -166 -158 68 -45 154 241 -53 41 236 2 -146 4 -82 -196 48 -221 -135 197 -33 218 6 203 201 105 224 156 -230 -143 18 -244 -91 -159 39 -6 15 -105 175 -243 225 106 119 -60 -151 -85 61 -197 76 -17 -13 103 -186 -249 -80 -44 -149 -241 -163 135 -175 33 -126 212 -161 123 7 95 75 145 -156 -236 102 -194 171 -8 -97 183 0 237 -37 -14 163 227 88 157 114 11 -207 153 -88 31 158 151 73 90 -35 152 231 78 -203 66 56 -198 200 -61 93 -224 150 134 -153 60 -191 -103 -30 67 176 193 -250 -213 -131 -1 71 244 52 -246 -185 188 126 142 112 -66 155 -216 180 140 -18 -160 -206 -180 -100 42 -7 -181 -98 -40 132 -172 -96 -78 -11 81 79 124 77 -15 118 -128 -83 116 -132 47 179 49 233 55 16 191 133 -106 -101 223 161 220 1 82 211 -125 37 -141 -173 -208 205 141 246 137 -93 -16 -104 -114 117 -136 -64 -177 109 -201 53 97 -219 -90 8 -68 217 63 12 -107 -140 -29 120 125 -46 144 113 127 239 195 209 -50 -69 89 243 3 74 -137 -231 40 204 44 -155 -121 -75 194 -118 25 -204 -22 -190 248 -51 -41 -119 108 54 59 -215 -169 107 -112 -189 199 -184 -214 -39 -117 168 92 -47 210 -152 -174 -142 -188 -248 -111 -102 245 192 -110 70 -179 5 122 -226 -25 215 -76 -63 24 -239 -109 -233 -234 -9 -150 23 -154 222 -79 -245 62 -205 10 214 166 184 162 229 -144 45 57 -94 -24 27 -70 -187 221 -212 173 -211 187 232 147 -113 -77 38 182 207 -167 -157 -62 -127 -108 -55 101 189 69 138 -57 -42 -217 -218 
TEST 162 ARG:14 -111 83 -75 -203 174 19 228 26 -99 -144 140 -52 209 204 -34 -248 187 -41 58 -122 217 157 -179 105 -182 -81 75 137 213 -130 47 -82 133 3 -87 -143 -207 -23 -161 -168 -246 230 87 -196 -190 208 -236 -225 61 185 242 -234 15 169 -103 -106 -47 -56 -110 211 -80 -163 124 -25 177 -97 -15 -107 -205 41 13 -165 -20 80 -131 128 152 -93 -45 244 193 -84 113 -147 -70 -210 -219 89 -250 -149 -35 138 167 -121 -29 188 192 125 -112 190 148 30 56 -100 -127 131 145 90 108 -213 70 -216 178 -183 -199 -170 232 -186 -11 -72 95 135 66 143 -46 -212 -73 23 166 -224 -33 170 206 -21 165 198 -245 -59 -249 -116 -12 240 -153 86 -148 -195 -181 -123 -4 -244 21 144 -128 77 10 153 0 -157 -18 -26 229 46 -189 102 202 121 29 -78 -193 104 239 22 39 -141 201 -124 -8 164 -43 196 93 -198 100 129 99 -90 -10 220 -102 -63 224 243 12 249 -156 223 -68 -119 5 -109 -235 171 -64 103 160 120 -79 -55 4 119 -169 175 216 94 -17 -160 62 -50 -91 176 -233 17 97 136 107 -242 81 162 241 -95 36 130 183 24 -61 -154 42 180 -185 9 44 -74 92 6 -9 -228 -133 32 -30 -60 -117 2 35 -19 248 7 -66 194 98 172 -42 -101 -180 -206 -53 219 28 234 -197 -104 27 -232 118 -31 -138 1 -211 -137 -223 -118 20 -92 71 -115 218 38 115 60 -3 236 49 106 197 163 233 50 -158 -140 191 -164 65 64 79 -120 -1 -176 123 142 -239 -191 126 74 146 184 -37 63 -76 -44 68 -227 -142 78 -24 -62 -178 -217 -200 238 -184 -159 110 -71 -134 -201 150 127 210 189 -85 247 114 -28 -69 -208 96 54 18 67 37 116 -129 -139 59 -243 -65 -38 -187 -229 88 31 173 11 155 -32 -192 237 55 -222 -238 57 91 199 226 -152 43 -172 -173 -215 48 -230 40 161 -86 45 -7 -94 -202 214 -48 -167 203 -132 154 -16 141 -96 -204 85 181 -175 215 221 -220 -171 246 -241 -22 -247 -125 -108 212 25 -150 -88 -162 -58 52 34 200 149 -5 -237 101 73 -226 122 156 -136 -240 -114 16 225 -83 -145 235 -177 -77 -188 8 111 -135 76 51 -166 222 168 117 179 82 -40 -218 -174 139 69 -13 132 -27 -6 182 158 -151 245 -105 109 -231 195 -51 -89 -221 112 -113 159 33 -209 -214 -36 -54 -14 -146 -49 134 231 -39 72 227 -194 205 -2 53 151 -57 84 207 186 -155 147 -126 -98 -67 
TEST 163 ARG:107 -156 76 77 214 173 -24 247 95 -165 36 210 156 187 97 130 -75 144 -150 -177 -55 -124 73 216 101 12 24 -180 111 -107 -210 191 63 -128 -164 -213 -227 244 106 29 239 172 -53 -77 -161 133 -195 -96 72 22 -56 -83 -231 -189 89 -207 -31 -147 -33 -176 -20 146 135 194 179 28 184 140 -15 -2 -45 -218 220 71 153 88 -142 -9 -98 -134 -86 94 -118 -200 -151 -111 134 20 224 -22 -105 87 221 -39 -69 228 -193 200 240 -190 -28 3 -76 -230 -173 -121 -188 223 -141 248 96 45 -4 -71 196 -74 18 91 243 -29 -81 -65 183 110 -223 -52 -126 -239 -186 175 219 -94 65 212 -245 -104 61 27 -67 -40 -103 139 154 81 40 222 124 -54 237 70 -215 2 62 -240 -32 -146 -234 232 93 225 -133 -46 -140 -66 -84 -85 123 159 -43 -122 226 -17 -82 -145 -23 -205 -179 6 -171 56 -232 -238 -135 10 -7 -27 205 -228 -108 37 -35 114 174 -244 80 -224 -36 161 -139 -160 -203 -198 -155 -187 -191 -101 -109 -194 46 -167 -68 236 -78 -130 86 -48 -136 150 -79 137 165 -199 -170 128 35 -216 157 229 155 1 -129 202 -110 57 -248 -1 138 -18 -91 -13 246 -100 -235 -229 148 238 0 30 249 189 116 168 141 149 -154 -250 -90 181 163 23 119 98 55 180 68 231 -42 -208 142 164 44 207 227 167 41 -181 -70 11 42 -72 14 90 -26 -175 211 -14 -99 -149 17 -204 -249 59 -209 -185 166 -63 -182 -21 -178 -106 -25 -95 -246 -64 60 92 169 7 4 38 176 206 -113 5 -144 67 -131 -3 -169 105 -196 47 -241 -148 -57 -5 -206 54 -225 112 -51 100 109 127 233 115 178 -41 -162 -214 -242 121 -183 162 -159 241 -47 -49 -192 33 -247 -174 -236 -88 50 -153 -34 25 160 126 -38 -117 -237 43 -44 51 -184 113 -30 -123 177 125 -119 120 -137 52 -115 203 -243 -92 -202 84 -168 217 66 -197 75 108 -102 -166 15 213 234 53 103 186 -233 48 -62 -10 49 104 78 32 145 147 117 -59 -97 215 204 136 242 -120 -157 -217 99 -127 -61 -11 -73 64 -16 102 -211 -163 8 197 -114 -58 208 -132 158 -12 195 188 -152 -89 -222 85 -138 230 83 69 13 -19 21 79 -158 34 31 -116 -8 -125 26 151 129 -37 170 132 235 118 74 218 -221 19 -219 192 -80 193 122 -143 182 82 -226 -172 185 198 131 245 -6 16 -93 -87 -201 171 -60 199 58 -50 190 143 9 -112 -220 -212 209 39 152 201 
TEST 164 ARG:-185 193 108 -84 -207 218 69 190 -126 -170 110 135 -243 4 -68 -161 -151 -115 -217 194 35 55 119 189 208 87 66 -222 151 -172 144 -194 19 231 142 210 234 107 -199 -65 -16 -45 220 -116 233 50 -191 197 -93 63 53 159 -99 88 -112 31 121 -1 -90 -132 -110 -183 118 165 -189 214 228 -56 244 -139 -240 -123 -108 -52 26 131 -230 114 -83 222 -159 5 -241 6 137 -33 -211 -246 -180 -54 32 -73 213 227 -202 97 156 65 -239 236 -138 146 -167 -72 -96 -231 230 -140 -157 205 -160 -188 96 129 -181 13 -61 -184 134 192 187 38 -103 48 30 -208 -9 -177 -105 130 -71 -214 76 125 166 -131 -40 -153 -5 -242 14 -27 -85 -122 -173 -62 -149 -130 18 49 -232 -12 -4 -206 172 -193 -104 183 9 -37 21 85 -223 -244 57 -152 237 157 -154 86 -195 -64 150 23 16 -59 -119 -226 106 44 -178 61 17 -38 -44 116 -235 246 62 -3 90 64 91 -127 -22 -248 132 -142 -109 162 178 70 -101 -224 -74 42 58 -8 232 51 -238 71 -49 148 -88 209 -47 -120 -50 160 84 -98 206 74 36 -128 -14 -118 -228 29 -209 -237 -158 11 75 176 -69 226 -129 -200 -42 191 140 -205 -86 -147 248 -60 155 89 56 -156 -107 -225 -43 22 120 54 3 -117 60 201 128 105 139 200 -163 158 -141 -121 -227 182 -21 -23 7 -41 -162 -63 100 127 198 20 -46 -91 181 -57 240 -7 -11 95 -114 73 -144 -233 154 104 52 180 167 113 -196 93 -24 -165 173 81 -145 152 111 24 149 -70 170 235 186 -25 -218 39 68 115 153 82 -250 -34 79 -169 -155 -166 -39 185 34 -198 124 238 -89 -182 -125 215 -175 -30 -31 33 103 212 -81 247 -53 12 46 199 -75 -94 -176 37 -197 -106 -78 -203 -148 77 -28 -36 -100 177 169 -35 141 223 242 202 -15 -20 72 221 -97 -212 143 -219 -236 -58 -95 -2 145 -113 -133 133 -79 217 -192 243 -55 8 -216 -186 -234 -136 195 -190 138 -229 126 -66 -80 163 219 -87 28 101 -26 78 109 40 -249 117 123 -137 196 -143 171 -102 -48 239 -179 99 225 112 98 83 67 -168 -221 -6 229 -19 59 -77 47 241 136 15 41 249 -111 -150 -124 224 207 25 188 174 27 -135 161 -134 147 -204 94 204 92 122 10 -146 45 -17 216 -29 -187 -51 2 80 175 -32 -245 -220 -82 -201 -174 -164 211 245 -18 0 102 -210 179 -92 -213 -13 43 -247 1 -10 -67 -76 164 168 -215 -171 203 184 
TEST 165 ARG:-139 -100 -52 -177 -115 -122 7 231 233 -99 -223 31 160 135 119 -5 221 -86 -225 51 -109 -165 -61 219 -152 216 123 -248 115 189 -207 -214 -221 -67 104 -187 27 -232 -199 186 -181 -203 4 -3 213 -158 -233 243 -242 -43 -13 -246 -23 154 -192 -121 140 -250 83 -186 156 238 175 98 166 138 192 33 12 -127 49 -75 97 74 56 -195 199 -162 58 -24 -32 89 -208 -60 202 -245 121 48 -118 147 236 23 129 34 103 -65 162 227 -210 -227 -237 -102 142 -40 -56 102 201 96 87 -182 131 234 248 222 -185 150 -39 -92 146 82 217 -35 -183 184 181 106 52 -150 174 -146 81 218 -161 195 30 24 38 -217 -132 -72 163 176 -244 126 -71 -14 183 -36 -79 -91 70 145 237 157 -46 -190 182 -123 -25 -53 -19 167 211 223 19 -21 205 136 -226 196 -11 69 230 143 225 232 117 -134 14 44 -167 -104 9 -70 -147 130 -103 148 149 -198 11 -241 -7 112 -169 244 64 36 153 228 -63 -209 170 -120 66 8 229 -171 -6 107 172 -126 118 -62 -179 114 -149 -50 132 -30 224 53 188 -26 -57 180 105 -188 -135 125 16 -12 -38 -8 -218 60 62 92 -111 91 -194 -145 -94 152 -66 -235 -197 -170 17 41 -33 -106 3 54 1 194 206 -175 190 -28 120 124 -168 75 -82 -140 134 245 191 -157 -18 43 99 -239 67 -98 5 37 0 39 -144 -173 94 -141 169 -143 -113 -90 -80 -131 42 65 -189 -44 40 -16 139 -47 63 -87 -97 -34 208 100 80 -68 71 55 -73 240 -164 -205 177 -117 -206 61 239 -59 108 -196 -216 -10 35 133 -222 141 85 241 -174 -238 -215 -155 -129 -201 168 -9 -228 -154 -176 -220 32 -231 -85 88 -108 127 21 -204 -15 -159 -243 -249 111 -224 155 -163 113 73 197 -166 25 -212 -151 -114 -153 -191 -17 -88 -107 59 45 95 -133 -213 -110 212 -96 78 -42 -116 235 200 173 198 -180 -2 164 -105 185 -84 187 -95 -22 179 209 -202 -137 203 215 -93 28 -41 29 -230 20 109 22 13 247 -130 -74 -211 -1 -240 -160 110 93 220 -156 -49 72 -51 6 77 15 86 -81 -178 207 137 -4 10 -184 165 178 -219 -148 -229 128 -83 -55 249 -58 -77 -64 -48 159 144 57 76 50 171 214 -247 26 79 -128 2 193 -69 -136 204 -142 -20 -76 90 122 -101 -138 -112 -78 -172 18 -27 46 161 -54 242 -234 116 47 84 -236 246 -200 -29 -124 -89 158 68 -119 -45 -37 151 210 -31 101 226 -193 -125 
TEST 166 ARG:76 98 -199 48 -49 140 -248 -57 43 46 218 -232 -8 132 -126 -194 41 31 -11 38 190 -153 0 119 244 -182 -243 -205 -204 -94 27 228 201 142 -203 -119 39 246 -147 109 226 11 -17 -227 -74 26 165 -206 -7 -59 51 -80 153 -66 121 53 249 147 -21 -28 204 -212 1 231 -99 -215 89 219 -174 -82 -233 146 100 13 235 -183 96 62 6 -158 113 57 -236 196 -171 189 103 -122 163 -3 42 -201 144 114 69 -64 -245 -191 52 166 -186 -185 -239 234 -150 149 -229 236 184 -196 194 -164 -38 221 -121 47 -110 -13 28 -72 -52 -33 82 10 87 -225 88 83 -146 126 8 188 -237 -230 -50 -135 -242 63 -142 -244 66 162 -18 203 -75 65 -34 45 111 -65 115 148 -56 -130 195 -210 -148 242 -12 2 -190 173 -112 -100 -187 177 81 159 174 199 -48 20 205 64 169 -160 -139 237 -20 155 -42 -167 -152 -134 -5 217 125 7 -101 112 -208 -127 -188 182 -202 -177 -223 -118 -176 -91 192 79 -16 50 127 -97 -55 -63 -15 238 -53 -175 24 151 -216 -108 230 139 21 -43 172 -200 104 -2 58 170 -114 -40 -117 191 229 197 -62 243 44 240 -161 -60 206 30 -103 -115 36 180 -241 85 -144 -218 -157 25 54 91 55 -168 -71 22 -14 -106 156 181 107 40 -249 120 208 -184 216 -123 -27 -58 135 123 74 16 -192 -165 -228 -61 -247 33 178 -84 171 94 -47 80 99 -235 -124 90 131 186 -29 -87 176 -211 -30 225 134 -86 -155 117 -109 187 179 -224 -23 -178 -154 37 122 136 200 -246 -231 -125 143 202 -181 -35 -120 108 -132 56 128 72 215 160 -143 220 86 -238 5 35 233 -36 9 -209 -45 102 175 -85 -10 248 -39 -250 -88 101 -46 -113 -141 -180 78 157 158 -136 -240 32 -169 -137 150 241 -92 -179 -79 -73 -193 154 239 138 124 -6 130 -41 -90 -67 -128 145 -151 224 61 -54 34 60 -217 -166 -98 -26 75 68 164 -222 -207 -159 137 -51 214 23 223 95 -107 -162 -221 3 -93 193 70 -170 17 97 -25 -163 212 -116 245 -96 -133 213 118 -19 -70 -104 15 -156 -77 84 -24 -78 77 -22 209 -76 232 -198 73 -1 -138 183 152 -111 -69 -140 12 210 -31 29 -4 141 19 -9 110 133 -226 -173 -213 -149 -129 -81 -105 227 71 -219 167 14 -32 59 67 -89 93 198 -220 -195 -234 18 -145 92 -189 -95 129 247 161 222 49 -172 211 -131 168 -68 116 -83 106 -214 105 -197 207 -37 4 -44 185 -102 
TEST 167 ARG:186 -194 15 -201 51 141 -159 -12 148 0 139 146 -231 -108 140 -43 245 66 -243 -145 -221 -24 6 -21 210 -147 81 -103 176 246 -106 106 -15 -206 7 -2 -181 180 201 -228 -238 57 -76 204 -89 74 -239 -4 -232 -136 182 -100 -247 -32 195 -226 -91 233 124 224 170 -153 -118 228 205 94 32 -192 4 67 -162 -54 77 -98 16 107 86 108 132 -119 -212 -205 22 27 -48 -146 -130 -53 104 150 50 239 -242 -59 -113 219 -154 36 -51 -138 208 5 118 -177 117 76 192 163 -135 -73 -229 97 -200 -240 -187 -36 198 -40 162 -41 226 -65 225 96 -14 -55 191 -223 125 -183 200 -134 -160 58 207 61 227 138 55 -184 37 137 75 -227 -127 202 196 -110 73 -57 -249 14 -71 174 -68 184 -219 143 -39 -37 -30 -139 -164 98 243 -234 -122 127 -225 199 -156 85 -112 -132 83 -141 -28 -84 -82 -143 87 135 240 -62 35 -114 -83 244 167 -33 -237 -173 168 -166 183 235 -197 -133 160 -77 -70 223 -204 -218 -151 -19 123 197 -220 -17 -20 -72 -211 -96 153 -13 145 -208 72 -81 -188 111 -169 64 103 -94 -167 -165 177 -193 -27 -46 -95 215 -31 -172 115 120 220 34 -90 -26 147 63 48 49 -230 101 -3 -210 -105 -150 -18 -116 194 30 159 -11 -66 18 -111 -42 3 84 -52 -245 130 211 23 -217 -195 -104 28 -248 237 128 109 -88 -10 -186 -115 -85 -191 -8 89 165 -158 -80 -131 60 -235 56 -168 -34 -87 -69 10 175 213 38 -120 187 90 234 -170 -137 -129 -213 -198 -75 -148 189 -163 78 172 -92 -22 20 -185 95 -47 62 12 42 178 -233 -182 19 -79 1 -44 229 -142 122 21 -50 119 248 -123 -74 190 247 -222 -199 26 -152 -102 -149 134 -250 214 -203 -174 129 116 121 113 -236 126 39 -97 -175 68 59 169 82 -63 -246 44 -38 -23 69 88 80 232 -117 -5 171 193 100 -157 -6 218 45 93 8 17 -61 -121 65 11 -128 -241 31 164 -140 221 -124 -161 -155 154 79 149 -178 71 -180 188 -1 -86 13 144 114 -25 112 212 -215 217 -216 -176 131 236 155 249 161 157 185 241 -202 181 136 142 206 70 -207 -209 102 92 41 -144 -29 40 -9 238 -224 242 231 166 230 209 110 -78 -45 46 -244 -67 156 43 -35 -214 33 151 25 133 203 -179 -93 -64 152 179 -60 -109 -7 105 -189 52 99 24 -196 -99 9 173 158 -49 -125 53 -171 2 54 222 91 -16 -190 -107 -126 29 47 216 -56 -58 -101 
TEST 168 ARG:188 239 238 24 -139 108 166 -118 207 -19 -63 36 208 227 101 123 -33 -45 134 241 23 -124 -218 -117 187 -190 -70 -96 -224 182 -236 -222 64 92 -177 161 21 -227 47 -191 67 -46 -142 8 -102 196 -7 -202 221 177 81 232 -37 162 52 34 12 151 -189 -30 -244 -129 -97 -120 -146 122 -153 55 215 -122 -39 127 -111 -43 -79 -24 74 192 -213 -169 -4 -26 -72 147 -208 247 50 -215 -195 11 -207 62 -121 -54 -12 -188 165 -182 -136 -226 -175 -105 -48 -106 -243 -186 -62 -230 180 35 -154 -21 -174 -58 57 190 164 56 106 130 25 245 -110 -88 -201 -86 -91 84 -240 91 242 -69 137 212 97 124 -140 -209 -249 220 -92 16 202 160 223 144 171 103 29 -242 175 -167 -223 200 243 42 -225 -2 -194 -16 -233 -50 -11 -199 31 -176 -133 -193 -162 -65 61 -103 204 76 -158 65 168 113 -221 185 0 -141 86 222 37 46 126 148 -99 18 30 6 -41 89 169 105 104 -17 -231 -147 102 68 53 -115 -101 2 116 -187 136 -143 -217 -35 -232 -34 -53 -137 -25 231 -159 119 72 79 218 -228 118 -166 -171 -246 9 -1 191 183 -151 211 70 -42 -74 203 -196 -152 210 -157 -229 -66 -95 -108 -83 66 225 -84 -60 49 41 -20 95 233 17 109 -73 -239 39 -161 69 216 129 143 10 244 195 -155 -32 -59 154 186 -18 45 87 217 -98 131 140 -112 153 -219 167 145 -75 26 32 -206 142 146 -135 -93 -5 -57 -125 246 214 -114 -28 120 -9 199 -94 133 181 248 -197 -200 178 219 198 -82 141 179 149 114 -119 194 -44 -90 -164 -85 -192 -109 88 -134 -76 163 158 -15 -150 54 -56 -23 -38 -180 121 73 -211 128 94 -128 -170 235 -22 93 228 -210 15 -237 -104 -29 236 -248 125 -127 63 85 14 240 38 -204 115 173 230 -67 209 184 58 213 -220 -241 172 -14 -138 -198 60 -149 -68 234 20 51 226 -203 -87 107 174 -89 155 -71 98 132 -130 59 -183 176 -156 -250 -148 -80 22 -185 -168 -77 111 48 -184 -132 -6 -113 3 13 -40 28 44 -107 -36 -245 96 -78 117 159 -163 156 -247 -8 -214 -64 -123 110 -179 -49 19 -100 -205 135 83 -178 40 112 206 -144 201 -216 -13 99 -173 229 205 75 -51 4 152 150 77 -172 -235 138 -234 -55 224 189 249 78 33 7 -116 27 43 157 -81 71 1 -212 -238 -31 193 237 80 170 -181 5 -145 -165 -126 -160 -47 -61 -27 -3 -10 82 139 100 197 -131 -52 90 
TEST 169 ARG:48 30 -50 -250 220 -177 -66 40 -9 36 127 -236 -109 -172 -196 -133 -148 70 142 87 -207 -20 -147 -143 -198 -145 129 -213 -129 -131 91 22 156 41 -60 -122 -165 -15 118 124 181 -199 -168 -8 245 231 -231 -12 -170 150 -14 -125 -237 171 -204 -127 7 221 -200 -21 -223 195 92 -101 116 -247 198 45 -36 34 -114 206 -228 -155 59 -191 -210 -126 -34 95 55 -141 18 71 212 164 93 -97 -18 -108 204 133 -10 -166 64 -229 -74 -51 -16 -87 -41 111 -171 -248 152 26 162 -90 82 224 20 72 -77 243 147 -106 -160 -84 -142 58 -159 -157 -25 123 217 -112 -64 -104 187 186 3 108 -221 226 189 -23 53 -123 -63 177 -136 244 110 132 -46 49 -27 222 159 -128 -59 173 170 -80 -78 -224 -57 149 -206 -245 -232 -19 172 -188 63 174 -134 223 -124 -115 -71 76 -102 -169 69 128 135 -227 -116 -53 -119 -100 74 94 237 145 -211 183 -240 210 2 120 161 -85 73 10 -215 -94 -178 -226 228 79 -39 -99 -103 -82 0 -110 -138 -209 102 199 -139 81 -205 -42 -44 -246 43 182 101 -132 148 44 203 -98 197 218 -11 201 -152 -195 -234 225 176 -135 131 -61 109 60 169 209 -56 23 -76 136 180 -29 -175 125 158 240 192 106 160 246 31 166 121 200 -137 -113 178 -111 35 -92 -161 -181 -40 68 -120 -144 248 -149 -43 213 215 -187 88 -192 238 227 247 -241 -86 -140 -45 -244 -68 -121 -212 -238 138 -230 185 51 -17 54 -49 57 89 184 -96 207 67 19 -174 140 8 -70 208 -105 -35 6 65 56 17 193 122 -233 -242 16 83 -13 167 4 -31 205 139 -193 -218 -93 194 239 -55 -220 155 105 -183 232 -3 -243 -130 235 -69 100 78 13 33 191 103 -154 -95 29 -91 52 -54 230 -216 249 47 -214 -190 144 97 96 -176 115 32 113 38 -52 -117 154 216 62 99 11 -73 -146 27 151 15 112 -22 -185 37 77 -38 153 -153 -173 12 -186 -150 24 -182 -33 117 188 119 196 104 -47 175 234 126 157 -4 90 46 179 -225 -156 -194 84 98 -180 130 -203 168 163 -58 -189 85 28 -5 -79 202 -67 -88 114 -89 -222 -65 107 -118 -83 5 14 137 -217 -163 -162 241 219 -202 -164 75 -75 -1 134 141 -30 -167 -201 -7 242 -208 -249 143 165 -62 9 -158 39 -32 233 -24 -219 -235 -48 61 229 236 -37 -26 1 66 21 -239 -184 -72 -179 -107 50 -2 -151 -197 42 25 146 211 214 86 190 -28 -6 -81 80 
TEST 170 ARG:148 -237 157 -165 232 -54 -9 -229 -116 161 165 -2 -108 42 -245 21 -65 90 188 -82 -230 -60 -84 126 173 89 -103 150 92 43 131 -217 96 86 -178 -155 227 162 182 -148 -179 94 62 -93 -127 -40 -201 -51 -35 -123 195 -133 207 95 35 -158 176 81 119 143 130 -190 139 -99 -28 -151 -38 136 -31 -22 -56 -111 105 38 140 -159 -239 -150 -120 184 -50 29 214 -17 70 -67 -53 37 -105 -222 -39 111 228 -76 -122 -241 -167 102 -199 141 197 -170 67 60 -224 186 -195 -149 -210 249 -171 179 142 235 115 8 -240 -169 54 -52 -98 84 123 18 -89 -177 178 -115 -36 132 32 204 -15 -200 167 75 183 46 -70 -45 -26 -142 -223 -91 -235 185 -156 106 3 19 2 -136 76 -72 -176 -85 -64 201 229 238 28 166 172 240 -162 -234 177 -212 -137 -59 -71 -126 247 -68 -16 200 9 -83 223 51 222 -207 -194 4 26 100 147 -114 -96 108 -198 -14 -41 244 127 -219 158 118 73 198 -125 -49 152 -220 -27 -30 224 -172 -185 79 -208 -180 -187 -174 -141 78 -160 -117 -121 -193 71 230 55 239 -192 -232 -186 192 -13 40 -184 -77 234 68 53 163 -168 -153 31 -109 -139 -25 226 -102 -228 25 -62 145 69 -128 208 -48 156 210 -69 -79 107 -164 -205 -157 110 -231 64 104 231 180 124 80 66 -106 88 -73 196 125 245 -144 -37 202 74 241 -11 -29 -135 -58 -249 98 -104 -107 -225 33 -181 -130 206 -175 138 -88 11 -92 243 -138 149 0 36 134 1 -112 -204 237 155 169 212 -132 -209 168 63 50 7 159 -250 194 -86 97 83 12 217 52 -1 215 116 -57 -216 233 236 216 -154 -147 56 242 103 -8 45 -4 -32 -124 -202 17 -21 128 117 -247 153 -188 248 -191 -74 -215 -55 -226 -12 181 -145 -101 41 23 -134 -163 -94 -113 5 30 -44 154 101 14 -81 193 82 -80 -221 -183 -143 -10 61 -43 146 58 57 151 213 -131 129 -243 -78 218 -129 135 -42 -6 187 -97 191 27 189 113 87 114 -75 190 225 171 211 199 -206 6 -87 205 -213 160 10 -244 -238 220 24 -203 -46 49 164 -242 34 -63 99 77 85 47 -182 -100 59 -5 65 -211 -189 39 112 -166 -47 -146 -19 44 170 13 -118 15 -248 -227 48 122 137 -3 -20 120 175 -24 121 16 72 109 -197 -196 -152 219 -161 -140 221 -33 246 22 -18 -7 -23 -119 203 -110 20 -95 -236 -34 -246 -233 144 -66 -218 -90 -173 209 -214 133 91 174 93 -61 
TEST 171 ARG:127 -148 -101 60 72 201 -36 137 -72 -52 75 -173 82 -66 -204 126 183 97 -209 57 -59 -164 -84 196 -141 -98 96 232 -138 -49 -48 202 -205 -30 -131 1 121 50 -23 164 -238 -154 -17 105 99 -175 -24 -114 -16 142 244 86 90 245 184 132 225 234 -103 35 178 155 -224 156 -250 79 -105 147 177 103 150 -174 120 -176 8 -68 249 21 -96 195 24 -5 -165 -8 -196 118 89 -106 38 -215 93 -163 -144 80 -248 -58 -70 -102 -46 169 108 -99 124 -57 117 -61 193 166 -3 37 7 -239 -200 119 192 22 -63 4 -133 -159 18 -79 74 -160 -87 188 -221 106 -15 -206 239 -86 211 181 -180 180 -136 174 -171 -13 -218 179 107 55 -134 66 197 -170 -89 10 -115 64 -210 39 17 190 46 111 -19 -137 191 160 -167 207 -118 -126 76 95 -181 148 -90 -236 101 23 -6 -62 226 -235 -50 141 -244 230 -27 -184 214 -203 143 -51 235 -34 -112 -43 139 -147 -191 25 -246 203 200 -145 -245 69 -241 212 65 -216 -97 28 -132 100 -29 173 123 -75 185 71 -157 135 -232 -121 -149 -183 129 -85 -81 -194 81 -56 -155 -31 -4 -202 -158 -223 168 31 125 58 -116 -168 -229 36 16 213 -190 -219 -54 94 -78 -45 -113 -25 -226 110 29 -108 109 176 -53 12 9 -127 247 -119 -9 -249 77 -166 -177 209 237 33 -40 -222 70 104 73 54 240 -12 206 -187 -1 59 -213 -80 -201 -20 -139 217 -38 198 112 -124 56 -156 44 -122 26 161 246 61 -95 -67 227 -39 -220 -100 -135 -169 -93 219 -243 87 133 -161 -207 49 -77 167 40 -26 241 -217 -178 3 -130 -92 15 187 165 52 -2 102 20 83 222 42 -109 -64 -231 131 -120 -140 -225 122 149 186 236 242 -76 158 189 -240 221 78 -247 172 -73 -228 -192 248 -32 -18 51 113 27 -150 -151 -110 157 -208 -111 84 -117 88 243 -123 171 32 -47 -41 -214 -69 -125 68 115 154 -22 -83 -146 224 -21 215 -189 -33 30 220 -11 -128 -195 11 85 146 -44 -74 -227 170 151 -212 -107 182 -82 -153 194 13 159 -10 98 43 34 -143 233 -185 53 231 -230 2 -65 144 63 -199 -198 -233 -129 218 92 -234 -60 -142 -94 138 91 -242 134 145 14 208 -188 -7 -35 -186 -14 153 140 223 136 210 -37 -152 47 -237 -104 114 229 205 67 -211 130 204 19 228 0 -91 -88 45 -55 238 199 -193 -162 216 -197 152 62 128 163 116 -182 -42 5 -71 48 -28 -179 162 175 6 41 -172 
TEST 172 ARG:-44 9 211 -150 7 -156 75 -19 -10 18 -187 -208 112 28 -209 -103 -141 125 246 164 152 -100 168 232 131 -105 5 0 208 183 180 -26 -34 2 114 -108 -161 14 -153 -129 100 77 -95 24 -68 -213 62 -67 -78 236 200 55 91 -39 238 -176 105 59 -96 195 -228 87 -102 -38 -146 198 -14 235 -32 41 155 226 -192 218 -167 82 170 -189 -115 178 -122 146 16 -218 -55 -205 103 -198 51 -59 -185 -18 -45 -48 -241 139 190 70 -118 157 104 -191 -121 94 -83 121 -190 44 209 27 173 11 -110 -79 -212 187 -112 -182 171 -222 -143 192 21 -216 69 249 30 22 -123 -3 184 163 98 -133 -20 210 -56 -184 35 -125 158 88 132 8 -238 223 -148 185 107 189 12 92 206 -29 166 -142 -149 -31 -201 -81 243 -223 -136 144 79 -113 -30 169 -124 -107 -158 -70 33 90 -72 -127 -237 222 182 -69 38 17 -87 -62 -231 -43 -196 -233 29 201 -76 -40 -88 -15 113 228 25 122 -92 -117 47 19 -188 -99 -33 96 -23 197 -52 -104 -64 142 85 229 227 -50 -157 -116 72 32 167 242 145 -54 118 3 -57 -8 217 -246 73 -91 -195 101 205 54 129 -220 -37 106 -229 213 137 -6 -165 177 43 -63 -41 -65 -140 172 111 179 -224 -245 154 -211 20 108 -27 147 4 233 99 -106 -77 109 143 -51 -151 -71 -25 -49 -111 -180 -101 110 138 31 -109 -47 -239 71 52 -138 124 -166 -193 120 84 -46 216 -152 150 40 -5 -35 48 -84 -199 -36 239 140 119 -135 -2 176 89 133 -225 -11 -66 153 -16 -210 36 231 -74 -90 -247 199 212 -244 -1 -24 -221 56 23 -9 225 53 -131 -203 194 220 149 102 67 -206 -162 78 230 -250 86 240 -202 -61 219 128 -226 1 -13 -130 6 165 -94 -243 191 126 46 -7 130 64 -236 -86 224 10 81 237 97 -53 -194 -155 -173 123 -89 74 -181 160 -249 -98 -160 -144 -73 -177 -171 50 39 -183 162 -82 -179 -207 -163 -219 196 -234 -169 45 34 26 -75 188 -93 -114 -60 159 241 -139 -12 93 80 204 115 76 127 13 -215 234 202 -21 -242 -217 -159 83 -197 -227 -80 49 248 -235 156 -58 63 134 -134 -170 -186 -164 -132 -248 117 -178 -128 37 174 141 193 -85 136 95 -147 -17 247 214 203 -232 207 57 -126 116 42 -28 -97 244 -120 135 -119 175 148 -172 215 151 -240 58 15 -4 60 -204 -154 66 186 181 -175 -168 -145 -22 161 -174 221 65 61 -137 -214 -42 -230 -200 68 245 
TEST 173 ARG:68 137 -102 25 -183 172 -28 -178 155 233 35 -79 168 174 -191 -46 204 88 -83 171 -193 -173 165 120 191 -186 -215 -114 -182 -78 159 -196 180 -236 -168 31 162 131 112 245 -221 223 -59 74 -161 -212 -157 -52 -117 175 136 -103 199 229 -131 -206 -160 -228 -198 -148 -166 -187 -143 219 61 -56 105 -85 -244 -130 248 197 -112 -129 -210 240 173 132 7 46 43 -90 222 -190 -248 -21 -45 -192 239 -25 -57 2 -74 -63 -105 -16 52 -94 133 141 -113 51 -205 -209 28 -66 -171 72 148 110 -95 -151 -115 211 39 -153 195 80 158 -202 212 -44 23 -29 103 -55 -177 177 -181 -81 246 21 -243 92 -11 -162 127 -200 123 -110 -250 49 189 41 -70 -120 -174 54 -18 78 -91 -88 -71 167 -17 161 15 181 238 4 169 -109 -138 -8 12 176 -155 194 -216 -150 40 -98 73 57 -229 -99 -158 221 224 82 -14 206 143 22 14 182 97 20 63 157 201 -54 -240 -101 -197 -218 231 208 -179 79 -64 76 87 119 -24 24 -133 44 -47 -140 234 -118 -23 -13 37 -61 140 -48 -185 89 -69 166 -49 163 -92 113 -135 154 125 196 -35 -152 -238 215 -219 198 101 -50 -67 -7 93 77 -226 100 216 214 -96 83 60 210 124 -203 160 -194 185 29 81 -167 242 -170 -201 34 -242 -75 152 111 -73 138 -149 -77 -32 -58 179 213 -137 -127 235 1 16 203 -30 -121 26 -107 98 139 149 156 -189 -76 84 -93 66 -119 200 -4 192 -217 11 247 75 134 -111 -246 59 202 230 32 -233 -100 -165 -147 -89 -214 86 53 6 170 183 207 85 95 -80 -124 193 19 -227 -235 -136 232 90 187 -199 -142 -163 -36 38 50 56 -123 -97 -22 91 -172 151 -15 47 -164 104 114 10 115 -245 -68 -39 -231 146 -82 -86 130 65 147 -84 -222 -211 -188 -37 217 -106 -176 -41 -141 -19 -38 45 184 -5 -169 -232 -9 71 99 164 0 -175 8 -10 109 -249 220 9 -208 244 -125 -60 190 -204 -139 108 -184 -122 -87 178 -223 -27 -128 -195 -34 -72 241 67 -213 -224 117 48 -239 237 102 -247 107 -145 153 -33 -132 186 -31 64 -154 -237 -2 -53 -20 36 209 18 225 106 -65 118 -12 145 -159 150 122 -144 129 -230 -241 -180 17 55 -51 243 -234 13 -225 -3 -6 205 218 -43 -104 30 -40 -108 33 69 135 249 3 -146 -62 -116 128 -156 -42 126 142 -220 58 96 42 -134 -126 94 27 228 144 188 62 -1 70 5 116 -26 236 227 226 121 -207 
TEST 174 ARG:144 133 239 79 -68 136 44 84 -126 39 178 224 158 187 -165 127 93 228 183 31 -18 74 -194 -190 68 -127 141 57 -140 10 -243 42 -124 168 -161 -86 -47 18 14 -120 115 9 -157 -9 -175 -67 -21 15 -199 188 82 -33 7 -242 -216 -150 94 -167 153 -248 -239 78 120 211 176 174 -250 -52 -42 92 221 -12 -10 -53 235 56 -168 204 0 -131 -240 -223 -107 186 -71 -30 218 200 110 -6 169 -62 -212 -146 -230 -173 80 226 -17 212 30 97 89 19 -83 -125 -76 -153 163 -92 -64 -213 -206 140 -115 -63 -188 103 -162 210 -72 3 -60 165 231 77 12 81 180 220 -209 -31 -205 38 107 104 182 -195 -48 189 -220 -179 -13 238 223 112 -73 29 227 150 -95 233 -144 -245 237 248 246 58 159 -226 -28 134 59 60 -234 109 -232 -192 -238 -112 -66 225 -81 -189 -191 179 -202 46 -114 -208 135 -110 198 -74 -45 85 -1 75 -137 23 63 -176 249 -2 -57 -104 70 -65 98 -16 -20 -177 245 125 -211 161 -29 171 -109 26 122 -61 149 -181 -227 -99 2 -184 -174 -90 208 -204 156 8 -132 236 -152 5 -32 -80 -187 -22 -69 -113 -54 162 -106 -182 -56 155 232 -84 147 22 -249 72 119 90 -136 47 164 -87 87 -100 -108 -221 -46 49 -151 201 229 4 28 -89 -82 -218 138 -246 -94 167 41 -37 202 185 -231 243 -138 -134 -116 197 142 -34 131 -8 -133 -222 16 -147 69 61 222 151 13 -7 96 -91 -111 207 -180 -210 -101 181 -59 -139 -77 -197 190 184 -142 139 67 -163 209 191 -145 51 -122 234 -178 -58 -93 -123 152 203 230 -169 240 54 -79 -236 24 65 -229 -40 37 48 71 -51 195 -148 -233 -97 215 -50 154 145 -247 -55 62 166 -4 -149 91 -5 -237 64 111 -158 101 -166 -88 124 -201 102 -129 117 -11 -160 -203 -119 83 -78 118 45 66 247 193 -70 73 194 -219 99 199 -27 -200 128 -141 -186 -170 205 244 173 105 -49 -44 -143 -14 143 213 242 11 -156 -159 -196 126 -130 -35 1 25 -228 -135 -225 -185 -244 206 -224 -235 20 146 241 132 -26 216 -105 36 86 -98 113 123 196 -154 -19 114 -96 76 88 157 33 32 -171 -39 -215 -23 -217 -214 -198 116 137 -85 6 -172 34 -75 -38 27 50 170 -241 -36 172 21 -41 -25 -103 52 17 -118 40 130 121 53 95 35 108 43 148 160 -155 129 -164 177 55 -183 106 -117 -102 -15 192 214 219 -193 -43 -207 -128 175 -121 100 -24 217 -3 
TEST 175 ARG:172 21 -173 134 -245 -110 -122 -123 68 -247 146 -88 77 46 189 -7 -17 -112 39 -164 202 -14 -237 221 164 214 179 24 195 -221 -248 -109 -77 -93 165 6 -30 23 -214 112 131 -228 -231 71 12 222 -116 -33 205 -135 203 38 -133 119 -91 -35 -142 -218 233 78 57 167 191 239 158 183 -178 237 159 -194 70 42 22 236 223 -129 136 86 -202 94 50 115 -189 -119 -190 108 -187 186 -69 171 125 137 4 47 188 -160 -186 109 -220 -159 11 241 53 213 -131 240 -165 99 190 -25 200 45 -81 97 175 224 -217 -128 225 227 -209 82 20 -42 55 122 142 9 106 154 -244 74 141 166 150 -28 -85 177 230 58 5 -230 -127 -151 180 -114 -193 148 124 -58 -44 -80 -170 -152 194 -136 26 -118 -22 -137 211 -48 -239 -196 -205 14 -53 192 41 -204 56 1 -66 238 199 52 -229 -26 -76 -146 101 -238 -240 -96 -168 -166 -145 228 29 -86 -126 -232 60 -62 18 37 140 80 -72 215 -201 -97 -21 -185 -227 -140 -94 44 -236 -203 249 -55 -181 27 -226 -192 -3 -75 89 88 193 107 -121 -63 -132 147 104 -182 -56 138 -139 197 83 149 -61 -51 67 34 110 -156 -38 -138 -8 49 231 -74 -183 245 116 181 -52 -36 0 69 156 65 -225 130 -92 66 -84 -167 -195 -49 -98 13 63 -224 33 -157 168 170 -73 -242 62 187 -95 -43 -104 64 123 176 84 -102 -64 -71 -243 -6 15 -12 -23 -175 243 -148 -177 126 -235 -234 -191 196 76 3 28 244 145 -158 -103 17 72 -130 7 -20 198 32 185 -82 143 19 -90 157 59 95 -149 -211 -106 -34 117 -171 85 -40 -99 173 204 -111 -89 -215 36 98 25 103 139 -210 -37 -60 75 161 -184 -24 135 -207 129 81 8 247 -46 48 184 -32 -13 -105 -188 61 -27 208 160 -41 151 144 2 -212 -117 92 127 -174 201 219 152 155 -176 -16 120 -213 -65 96 242 -115 -15 -70 -5 178 -199 -2 -120 113 -107 -57 -78 -223 118 30 218 91 -87 206 234 93 -250 43 51 162 31 -200 235 -50 111 -1 132 121 -162 -249 -206 -100 73 -47 217 226 -180 -208 209 10 105 232 -134 40 114 -10 -67 -163 35 16 220 -233 -147 -31 79 -198 -150 -179 -222 -39 -83 87 207 -141 -4 248 133 182 212 -143 -246 -154 -155 128 102 -9 90 169 100 -29 -197 246 -216 -19 -59 153 -101 216 210 -241 -172 -11 -144 -125 -45 229 -113 54 -79 -68 -54 163 -219 -18 -124 -161 -108 -153 -169 174 
TEST 176 ARG:-96 78 -229 158 -91 -120 90 146 92 156 -207 211 -9 83 -46 -108 -176 54 14 187 18 190 -56 17 80 183 65 -235 -57 -100 -34 -77 231 182 -137 160 -72 -123 -115 42 152 15 109 29 -90 -245 210 -221 101 -89 209 -240 178 201 62 -182 244 166 -242 -84 237 -198 -169 -127 -49 170 -132 56 64 138 -122 164 -19 -76 -74 -53 -83 -20 106 -211 -125 61 229 -117 -201 -237 -25 -148 149 69 241 46 -197 136 82 -55 -69 135 150 -226 -30 -54 97 -114 -161 -75 -183 205 124 168 -248 39 130 144 -234 -4 -17 -101 -82 154 167 -144 174 -244 -109 -231 91 -113 -38 105 -3 -136 -61 -99 -64 120 -205 -44 -105 -181 49 -1 31 -141 -206 224 -23 -104 139 111 165 23 -143 -42 -165 192 -59 226 -187 -73 -171 -236 -39 132 -5 93 -210 -228 110 -194 5 -218 73 151 28 22 -140 -213 52 185 243 249 -35 -8 85 145 214 -85 163 -216 -164 207 55 -12 57 -247 50 -51 239 -238 -10 -32 -156 -170 -94 123 -227 -157 235 10 -7 181 21 122 248 -139 -154 -65 -214 -158 13 -106 -191 30 -175 -162 -129 -149 -71 89 -22 126 35 221 200 159 172 68 -26 -186 131 198 121 -98 -124 177 -102 -222 -79 99 199 -184 -6 118 -87 -177 -152 180 202 -128 -116 -97 193 1 196 95 -243 213 142 -119 162 233 98 33 112 212 -159 45 -172 230 223 37 0 86 153 -86 125 7 -233 -15 -230 -92 222 119 48 -153 -193 41 87 137 -250 227 -107 11 147 103 129 -66 -203 96 -189 -174 75 -121 189 -241 -131 -208 -224 -24 -11 -110 63 -195 -246 -167 71 -103 191 -31 228 220 161 -220 218 6 -78 -21 104 236 53 -93 -112 -147 16 43 -204 -215 242 -225 238 -185 27 -33 188 133 -2 38 -130 -118 74 -239 -179 195 -68 -142 148 -145 -160 -43 155 225 -36 -28 8 25 186 143 173 -155 -126 157 -134 184 76 2 94 -166 20 -133 40 -199 108 -60 -16 -150 232 -202 -41 -146 -29 -192 -190 206 51 -178 -88 115 36 208 -163 -14 34 -212 -219 -40 72 -173 234 -63 26 107 -13 179 -47 -209 219 70 -70 24 -200 -180 -95 -151 102 113 12 -196 -81 79 169 217 77 -58 141 194 -52 19 134 128 3 88 -188 47 240 247 204 -168 -48 203 100 -138 9 175 116 -232 66 117 -135 171 176 -18 246 140 -62 127 -217 60 114 -223 215 -37 197 -45 245 32 -27 -80 84 216 58 -67 4 -249 81 59 -111 67 44 -50 
TEST 177 ARG:-79 77 -72 179 -199 168 -74 -120 -122 25 -85 110 189 -153 -235 244 86 56 -6 42 48 94 67 215 -160 83 92 -152 -219 223 225 -238 101 102 -38 -14 -195 -9 144 80 167 89 60 201 82 -142 -137 0 93 -58 22 -76 -28 125 -23 176 -67 229 -84 90 -16 51 -205 -131 205 -91 55 150 -154 -65 -10 -51 -232 62 151 40 -55 4 -63 222 146 -33 74 34 230 35 -158 26 -88 158 -143 31 8 152 130 211 -155 98 -2 183 70 -159 -242 171 -61 -233 187 50 147 159 -185 54 240 -123 172 149 -186 -8 165 -164 -150 61 227 128 96 -103 -170 116 -100 239 -113 228 -80 19 28 141 -124 81 -127 -135 -223 -196 248 9 -102 -169 85 -70 -215 97 170 95 3 -198 -228 57 242 245 -214 -17 -157 235 79 16 -119 -129 216 -3 197 -59 -93 -166 -221 122 180 -81 45 -141 14 -140 76 -89 -183 -43 115 236 30 -213 -71 231 -128 109 107 -209 73 -98 131 217 -86 -77 243 153 -97 6 78 -243 157 -21 123 210 207 112 139 237 -162 -66 -36 -231 -202 -147 203 -132 -225 68 106 184 232 -116 29 114 -48 224 136 -5 -117 -42 -178 100 -184 135 47 -50 -249 -134 -204 -26 -96 -130 -11 -138 -1 18 132 -167 5 -139 133 -240 105 162 -39 24 -244 113 -44 148 84 -75 -111 164 11 -62 120 -64 -220 -207 -148 59 -41 -246 -145 249 124 99 234 -136 17 161 23 195 -165 186 -49 -229 -177 -13 -69 -94 -173 33 233 -201 -230 -168 1 -192 -54 202 -118 155 188 246 209 -7 75 -82 -22 -18 21 206 177 71 -104 -24 143 213 -241 -237 156 121 -216 -188 46 192 175 -180 -73 -31 -190 -187 199 -193 -27 -146 247 -218 -87 191 -171 119 -206 66 -245 7 -4 63 -60 219 -121 13 20 154 142 -182 173 65 -172 208 2 -20 10 117 -181 69 -105 169 134 -126 12 -203 -239 -161 -115 111 126 138 87 166 198 -83 -90 -226 221 -12 39 193 -174 72 -101 -78 182 -179 -151 -227 -247 -52 -149 104 -208 49 -189 -108 -40 118 140 44 88 64 -107 -53 -56 -200 145 -35 108 -32 38 -156 -34 -106 -191 185 -197 -163 196 -99 -46 -250 129 214 190 -224 -15 127 212 -212 163 36 226 -37 91 -144 -176 238 58 53 -236 -19 -47 -95 -92 -45 194 103 41 -210 -110 -234 204 -248 -114 -30 -133 -222 -29 -125 52 -25 -68 218 15 220 -217 32 160 -112 -175 200 181 -109 -194 43 37 -57 174 241 -211 137 178 27 
TEST 178 ARG:151 -172 -110 231 3 -153 211 198 244 78 5 31 75 -84 -132 69 -239 39 2 -106 -1 -101 204 -26 103 129 91 -93 61 84 -156 -195 87 -19 206 191 236 128 37 -161 -241 197 112 -29 127 132 -155 114 -141 -237 134 -64 22 -127 -213 -39 -205 -117 -160 -25 -33 -196 -45 -238 142 243 -69 1 -190 63 -234 92 154 -78 23 167 89 -221 210 -98 -235 -7 -27 169 -99 -131 71 137 240 -8 130 133 190 52 -204 -138 77 -191 -134 86 -232 -227 162 -187 -198 -186 203 115 -211 -159 40 -95 -192 113 -148 -77 -73 -199 -44 166 146 -248 235 -68 96 219 185 218 8 26 245 -96 -13 135 -72 65 73 9 106 67 -88 107 93 144 122 -121 57 -180 -184 -118 12 -175 -115 -21 196 -240 -174 175 -24 34 25 -163 94 -218 109 20 227 209 -135 -207 62 -178 -236 4 -57 -31 -43 -222 101 -100 -60 -50 -81 213 80 -38 46 -74 -94 -247 -103 165 225 -54 100 -226 -166 229 136 99 158 13 -52 119 -181 -176 -120 -137 157 -36 -214 -147 -193 233 192 48 170 -107 -17 -79 70 -48 -210 42 156 -4 -102 -250 -233 33 195 -67 82 -59 193 -75 90 234 -208 -225 176 242 17 104 194 200 -124 32 -15 118 163 -245 160 139 -243 -209 -76 -2 -125 161 217 188 186 -140 38 27 -128 207 214 -40 -165 238 126 58 -229 164 14 -63 -71 -139 141 -179 212 -129 -152 221 -85 -149 -143 155 -136 201 -151 81 -14 173 182 -5 -32 179 16 -20 -189 51 220 29 -47 241 -130 64 -114 121 216 -183 124 237 11 83 19 -223 -170 0 174 228 -86 15 -56 -249 147 -58 60 -182 -6 -162 -83 -22 -42 -146 6 172 178 140 -201 44 -219 -91 248 -105 110 184 150 -185 -212 7 -168 102 21 74 30 215 -244 -206 97 205 149 247 -89 79 226 -70 -200 -97 -231 180 111 -90 -145 -116 131 -203 -92 -3 -164 116 28 -16 55 120 168 -12 43 152 -87 -9 -228 41 202 72 -82 117 -188 108 -10 -55 -215 -34 239 138 187 -202 95 88 -123 -144 -142 -173 56 222 68 -104 230 183 -18 -126 -177 -41 -122 59 171 224 232 199 -197 -150 36 -28 -246 -108 153 208 76 -35 -37 85 -171 249 -53 -119 246 49 143 18 -169 -133 145 -46 -194 223 -230 -109 -220 66 -65 123 -111 -51 -11 -62 -154 -216 53 148 -112 181 -30 -80 35 125 -158 -61 -224 189 -242 -49 105 -113 45 159 10 -157 50 -23 98 24 47 -167 -217 54 -66 177 
TEST 179 ARG:-81 -29 9 -233 167 -54 -117 131 -85 -131 -143 -147 49 188 -136 -75 152 -22 187 136 -186 -96 147 219 47 18 -137 -129 -99 -246 -189 16 -140 -70 186 -184 -141 -157 -235 239 36 -205 -197 206 -93 -66 -9 -2 -122 -77 105 -201 -207 112 -44 48 233 185 -82 -48 222 -165 93 -212 -185 191 -118 236 -23 227 133 -25 162 240 154 -36 -232 -125 178 -249 -64 7 189 -18 210 -216 23 89 -224 1 -57 21 102 33 194 22 65 -34 96 -217 135 -12 -237 -208 -20 -179 120 56 177 -198 -210 12 -146 -10 -4 202 101 -158 74 -142 -116 3 -153 247 -46 -167 54 107 -230 115 155 60 -244 205 -40 244 108 53 -76 61 -120 -15 150 76 -74 -209 -193 208 217 -127 -14 137 40 46 248 -62 -139 30 86 183 -59 132 62 11 -123 164 218 226 -107 -163 -200 -35 45 -138 215 -145 -11 -43 -69 -38 63 -161 157 -196 -144 125 0 85 -3 -178 -41 -45 55 32 42 78 20 -24 98 -47 238 -181 29 -94 165 204 100 -61 213 180 -114 79 166 145 -78 80 -13 -37 66 -30 -128 -177 -168 75 -71 195 17 52 192 19 64 216 237 -199 -154 197 109 234 72 -52 128 174 225 71 -110 -192 -173 -218 200 -172 -102 -148 -150 51 172 4 82 97 -248 70 190 -108 139 -115 -135 181 -245 -171 -16 229 -17 -91 -7 163 -80 173 -170 -215 -79 -8 -5 146 58 -21 220 10 -155 59 38 104 90 88 -156 138 243 161 -250 193 31 175 -33 245 -49 -112 -56 242 -219 -160 -149 -195 -89 -63 14 207 -28 -234 -32 103 -188 94 6 -204 -132 246 -221 144 -214 159 -111 184 -175 -106 37 -169 143 99 -55 -211 -119 122 -53 241 26 113 -191 123 -97 -51 179 130 2 -113 -1 -231 168 169 -243 -60 -84 -240 -194 -6 118 158 -68 117 228 24 81 -206 -238 -65 126 171 -239 149 -187 25 -183 223 -222 156 170 -213 116 -203 35 142 92 -228 -130 -202 -121 83 -73 -226 -220 203 -152 -95 -126 -19 13 231 -88 134 -100 209 -58 232 199 211 -26 -103 -92 -176 249 -247 -182 -242 -98 -190 -104 95 198 -50 -31 50 221 73 34 182 -72 39 41 106 -124 -101 230 212 -229 111 129 -225 67 68 43 124 -227 -241 27 15 -105 176 -109 -134 -27 127 -180 -67 44 -86 91 57 201 -90 121 8 153 -162 -87 148 -159 -133 -164 28 -223 141 140 -42 69 -39 5 235 -83 214 151 -174 -236 77 196 119 224 160 84 110 87 -166 -151 114 
TEST 180 ARG:25 -109 -112 -33 192 243 -49 -197 170 -83 -124 -212 88 -225 194 -24 -12 -40 235 -145 158 -203 56 195 -58 69 107 73 218 37 221 -181 -156 159 -159 249 -67 -239 -152 -135 -175 -134 -143 -214 209 180 -221 -237 236 66 -86 -59 -14 -80 39 28 175 -168 -144 -101 -122 197 -158 145 224 76 86 141 -177 126 -107 -79 -227 -130 214 -20 241 50 85 -228 -103 117 -23 212 41 217 -62 95 222 -169 240 208 -68 -29 104 247 -4 -167 -230 103 -97 33 -202 248 0 206 29 164 -5 226 -150 -16 -190 -153 110 -110 100 -215 -115 215 -250 122 227 -233 89 -87 -84 201 199 -138 181 169 120 189 90 211 -102 -93 -178 113 115 132 242 -223 -184 200 -147 171 -162 183 24 71 -46 160 -136 -78 1 83 -19 102 -42 8 -161 -236 207 44 -123 -90 -126 213 9 55 136 129 -129 147 -45 -74 -121 -205 80 216 -95 -31 84 -213 60 223 -75 127 232 65 -194 -182 137 185 -34 139 119 -165 149 204 -151 151 -36 -26 77 -234 225 -155 -200 -133 91 -204 143 10 -176 -77 -185 184 165 148 167 43 38 94 -111 157 48 -69 -240 111 -35 -188 -127 16 -166 245 -1 42 49 21 -18 114 -48 62 3 -38 -245 118 -104 -71 78 155 116 233 -11 -116 61 -30 138 173 -100 -218 -88 244 229 58 36 133 18 163 -7 54 -65 -146 106 57 -201 87 -66 -196 19 -224 -207 -28 101 -210 81 -164 -56 -55 47 -37 174 74 -247 -163 187 112 156 166 -108 -117 27 15 -209 -63 -238 -180 237 -113 35 17 -149 -222 93 210 -174 -183 144 -244 -32 108 -248 23 -92 176 -114 -243 -44 14 168 153 -22 -142 22 -52 -148 -216 -25 -54 -187 -13 -195 -171 -189 -226 2 45 152 -6 -99 -57 31 5 124 4 -137 -51 -193 188 92 -91 -76 -235 203 -186 52 40 186 11 -125 130 -60 6 177 70 -131 193 -191 162 228 -249 -82 -139 135 123 -94 -192 178 231 -15 53 -172 -70 -50 -85 128 -81 51 -119 -120 98 219 172 -3 32 -9 -8 -206 142 -154 -2 63 205 26 -21 -219 -73 134 -208 -17 -47 198 196 -179 -61 150 -211 191 109 59 -199 79 -241 97 -231 72 7 30 67 182 -140 220 179 -173 82 190 -246 154 -118 -72 -89 -128 -98 -242 230 -43 -141 -170 -229 96 -41 105 146 202 140 20 64 161 68 -96 -220 -27 46 239 -232 -39 -53 131 -106 -217 -64 238 75 121 125 34 -160 -10 -198 -132 12 99 -105 234 -157 246 13 
TEST 181 ARG:-110 232 105 -64 -174 -205 -169 2 -149 -138 -197 64 -43 -35 17 131 25 74 -7 -114 -89 109 128 16 -5 136 235 72 50 66 -233 179 114 53 12 40 -69 -84 -178 231 -93 249 39 -115 -28 42 -12 4 119 -215 -79 204 218 -220 130 44 -10 -250 169 -60 -227 227 238 -55 -26 -230 -237 38 -50 85 173 31 -18 15 70 186 203 -164 -171 202 -117 233 175 -99 -30 -40 -8 -45 -39 198 118 86 34 113 1 93 -88 -67 -222 153 -66 -19 -106 111 191 -136 -36 -179 -191 -91 91 213 245 -224 241 -218 65 3 -20 -109 -161 -245 148 164 211 -15 92 -145 -68 -199 133 -81 -201 -96 79 -160 -241 156 -249 20 59 83 19 184 -239 -107 214 -198 55 243 154 -152 247 -23 123 -97 -151 -6 87 14 248 121 94 -226 30 161 8 -87 224 -142 -157 71 68 49 212 96 -248 170 -17 230 -190 219 190 -48 62 -111 35 -135 -130 129 159 -94 101 189 244 -105 127 -170 -25 -140 -119 -3 84 -85 201 37 76 -112 29 100 166 -108 89 -103 -223 140 192 115 -225 -158 -211 56 6 52 46 63 24 150 -71 120 27 237 -95 228 -196 -162 -231 -168 -236 -101 194 -185 226 110 11 -209 -214 -22 77 95 -98 45 -207 234 82 -53 -242 104 108 13 -102 -210 -166 -100 -134 -141 242 0 122 167 239 -143 -82 -59 -235 -34 -194 -24 23 -153 -208 -104 209 225 -150 -13 145 -206 -244 -229 -186 -92 -182 142 124 216 43 215 -113 81 -9 117 -177 -27 199 155 26 158 -146 -202 -76 -125 -216 97 -46 60 -212 182 -31 106 180 138 -57 197 229 -195 143 -51 5 172 -52 -228 -156 -32 -137 126 78 -73 187 -189 -1 7 -37 -11 103 195 41 32 -90 132 -72 98 178 -44 107 -203 -16 116 48 246 88 -204 18 28 -219 47 -58 188 -213 171 -70 -193 147 160 -77 -176 -121 -234 -132 -62 -175 -122 -181 -86 174 -75 75 144 163 193 -187 102 51 90 -192 -49 176 -131 -38 -61 168 205 207 149 -232 -42 -126 -54 58 -246 141 -118 -129 99 -184 9 112 139 -155 -65 -173 222 220 -123 137 -29 -165 236 -243 -238 -148 206 -127 -124 151 73 -4 210 183 157 61 -63 -133 -21 -74 196 208 -139 200 -240 -221 -116 -120 -80 36 80 -2 152 217 146 -159 162 22 -83 221 177 -167 21 -41 185 -147 10 -56 181 -144 -14 223 165 -172 -47 135 -217 -247 33 -154 54 -128 -163 69 240 67 -183 -200 -188 125 134 -180 -33 57 -78 
TEST 182 ARG:-243 -87 -232 34 -144 -76 219 -157 -210 -36 161 6 -8 205 -35 23 -99 116 -169 -218 230 -249 30 -119 -137 -59 -216 42 245 94 -56 162 -116 99 140 185 -85 -203 -10 128 124 -224 -18 -201 -205 -49 -247 -16 212 239 223 -188 -178 -145 -129 -204 181 -125 -193 199 184 22 57 -177 75 121 48 213 -52 217 21 -242 -124 -89 -103 177 20 111 202 182 229 -50 227 190 233 138 -117 123 -46 -200 -94 -110 133 -212 27 -180 3 -230 -161 -211 -248 201 -12 108 194 163 24 149 40 171 -118 79 242 -6 -66 -171 18 12 -227 -141 170 -197 210 220 115 -136 125 155 26 119 47 112 198 -138 191 -149 -74 -162 -1 -184 37 -63 -156 -192 -31 -47 83 -17 157 187 -80 97 -21 144 -143 168 -199 -43 197 -2 -175 -20 -62 -207 -214 -179 192 238 92 -244 29 -164 -133 -195 249 -73 -101 72 175 -34 173 -226 84 -130 50 174 78 74 -70 240 -121 247 231 25 236 41 -75 127 49 114 -167 -229 158 -39 -57 67 -115 -30 143 -28 2 32 -176 -86 19 135 -225 -42 89 -27 -106 152 -172 -55 36 -19 -68 -40 176 11 -83 211 -114 -221 68 -148 100 195 167 -127 -160 -96 13 -239 109 -25 16 -32 88 -13 106 -209 -165 63 -139 -82 -23 -93 -67 -183 208 39 183 77 130 -163 -61 -11 -219 -79 -128 -22 81 -45 -26 -9 -88 129 -238 -245 54 -142 104 56 7 -228 132 -233 241 -152 226 -122 64 -153 -220 9 -33 -53 126 -113 179 -123 122 -189 -77 -131 165 -90 76 -181 186 70 120 206 44 -206 243 -72 80 200 -170 45 5 -194 146 172 -151 -140 147 -37 90 -146 -41 209 -84 98 -24 -91 -15 14 -95 87 180 53 86 -105 131 113 95 -217 82 117 -187 145 -92 193 -65 -81 -222 -7 33 4 -155 -3 -104 141 -98 8 207 -190 -213 -240 225 -38 0 232 15 218 -236 150 178 -64 -168 65 -78 160 118 51 222 -51 43 156 136 91 -134 196 154 28 -182 96 102 52 101 -166 -14 -186 -69 221 -147 -108 35 224 246 188 71 -126 -29 -215 -97 10 -231 85 107 105 -191 228 234 103 -71 73 69 -4 -107 -159 -102 -250 38 -185 58 -158 139 -44 216 203 189 61 -120 1 -241 -154 -132 248 46 214 -202 -109 -5 137 -150 -58 -135 159 93 55 62 -174 -246 -208 237 204 -48 166 -112 59 -198 235 215 -111 60 -234 -235 -237 66 148 110 -54 31 -100 153 -223 134 164 17 244 169 -196 -173 142 151 -60 
TEST 183 ARG:-51 148 205 -231 -130 -13 -49 -152 192 -199 -24 89 -229 -57 -54 94 -168 -250 -204 -225 110 -223 -233 -155 -114 -126 -41 102 -80 -239 157 71 147 206 -78 44 28 -197 -161 -77 -209 90 145 -91 180 105 -177 -108 237 -38 182 -5 31 199 239 177 126 143 99 166 160 68 -228 83 -40 52 -195 -190 23 14 -187 -93 12 19 -145 135 -86 216 -6 -82 -29 -103 63 79 -8 174 144 215 159 235 246 -1 18 -154 -131 36 162 -64 32 -28 3 244 93 171 120 -129 125 -165 211 -65 -96 35 -2 226 10 43 -92 -58 123 -17 230 69 -144 9 -106 187 -124 87 64 -27 208 -244 214 -95 -127 128 233 127 -241 249 -151 -30 59 142 0 173 -44 -215 -213 -132 38 119 -33 207 88 -179 -115 141 130 -156 -203 109 -235 97 -206 81 -71 -172 -134 -143 -14 -110 -98 -219 170 -208 -191 -202 153 34 236 232 -4 202 -135 -32 184 -50 113 57 176 80 -170 75 -81 247 46 42 21 -242 197 238 -182 -226 -141 70 73 155 198 -171 29 -105 168 -181 13 -102 -21 209 76 108 -139 41 7 -42 -217 -201 167 74 26 243 245 -67 -62 204 -178 152 -162 24 -75 -79 -39 -70 17 37 77 228 96 92 -163 -26 189 -34 -133 222 185 -89 20 95 -25 -104 -55 212 -186 -20 165 164 -173 -216 224 -236 -56 -159 -109 -53 -88 -37 -118 1 121 78 60 -9 -157 124 181 86 -16 -249 -36 8 -240 -73 -246 -125 -15 -19 -176 -128 -188 131 229 -193 -148 -72 58 -142 -200 -207 -10 -224 6 196 -69 -74 -174 -46 163 101 137 -121 115 -212 51 -147 25 -222 151 213 -99 220 242 -146 111 104 136 -160 240 -205 138 55 248 218 -184 48 -230 72 217 178 -84 -66 161 107 -107 225 -18 -61 179 -136 -87 -194 -112 221 100 -31 -35 2 -166 -85 61 -247 -238 -47 -90 -158 -153 33 117 -248 -234 82 -94 149 -185 -45 98 -12 169 -43 -68 5 200 193 223 -52 -83 -123 114 -23 -189 -175 227 39 134 -150 103 50 -227 -137 219 85 186 -11 183 -7 62 -243 146 154 241 -117 -119 -138 27 -149 -167 49 -221 -113 15 22 203 -59 67 195 -180 -218 -245 30 -140 -192 -60 139 -116 112 -122 -237 91 -120 158 -3 -169 16 56 132 -220 140 40 172 118 -111 84 -183 -101 234 -63 4 11 201 -76 -164 54 156 65 -214 -22 191 -100 -97 129 -198 66 -211 106 53 47 -210 -48 231 -232 45 190 -196 175 122 194 150 210 116 188 133 
TEST 184 ARG:-13 -196 -114 -79 85 195 -36 -177 152 -93 168 -225 -104 -88 241 -105 -119 -24 7 92 -85 226 -215 76 -55 -63 81 160 187 244 243 248 -27 -87 -150 164 -35 142 191 -142 150 -181 -197 -103 -71 -179 71 119 169 32 249 120 -243 -135 -64 -115 94 207 233 215 -234 -72 -213 43 180 -178 132 183 219 149 61 -230 95 159 227 -192 190 -123 130 -188 -110 -9 5 -126 -163 20 -16 66 -60 -250 220 -202 40 115 140 129 -7 -39 148 -246 38 -134 163 -214 -117 141 151 -133 229 25 237 74 17 96 13 -78 86 218 -164 128 -113 -89 -145 134 -166 -127 23 173 44 154 -15 198 -43 -80 45 -46 -6 -101 9 -190 -199 -19 153 48 70 -231 -146 -29 97 56 -45 -194 214 -129 117 -152 212 -143 210 -53 80 -2 171 42 -247 -18 -212 177 -69 -97 -25 -137 -165 11 -122 -70 64 -48 109 145 33 58 88 -14 -241 107 -58 194 36 -174 90 185 189 0 197 -118 -151 235 -41 123 -111 78 -161 -236 -112 -157 224 213 -4 -81 15 -73 -159 8 54 22 -240 -1 6 84 247 -204 39 179 -249 -171 200 104 -8 -94 -232 -28 -138 118 19 -90 -185 231 49 -66 186 10 137 -245 -189 -121 -154 3 -17 166 238 -173 221 -227 135 -172 -186 21 -201 -56 -149 63 165 -116 -109 -226 -183 -86 202 116 174 246 -82 -120 -5 89 69 30 127 228 -223 -49 93 110 176 170 -132 -191 158 -200 192 -106 -54 222 -235 208 236 83 -75 156 4 75 -22 -237 52 62 87 -67 -169 -141 -209 242 65 -162 103 -23 139 79 99 162 126 -193 -32 -210 121 -211 114 -68 -153 73 -140 59 167 -195 41 234 -57 -76 -216 205 -176 18 -102 -62 -217 125 230 51 -205 -184 -30 -170 -219 -100 -12 -37 181 199 -40 201 68 -33 -238 146 193 16 26 -125 2 106 77 155 -83 47 29 147 67 -244 211 184 175 55 -3 -99 60 -131 138 -50 -182 -124 105 -198 232 216 -156 206 -147 111 -144 144 -218 -175 136 209 46 -96 143 -139 -228 34 -221 113 14 -155 91 98 -61 -180 225 35 -108 -160 50 -11 28 37 -77 223 57 -47 133 217 -107 102 72 203 -130 204 -233 -239 -21 -10 -38 124 12 -168 112 -229 239 -52 -91 -74 245 188 182 -242 -92 -44 -222 -84 -31 -34 31 -51 -20 -208 53 101 -136 -65 -98 -248 240 -95 -148 -224 -26 82 -42 24 -220 157 161 -206 108 178 27 -203 -187 172 122 131 196 -207 -158 100 -167 -128 1 -59 
TEST 185 ARG:206 -42 27 108 46 -223 -249 197 176 -125 245 -234 57 93 -235 -94 -138 48 222 -120 -57 218 51 -194 64 -72 -218 -1 4 -159 94 -86 -178 141 118 14 172 198 148 -230 53 -109 135 183 -88 133 -205 -16 224 174 -105 -13 -184 1 86 -54 -212 68 -3 215 -47 190 -183 10 188 -48 -154 105 87 -34 168 -77 -61 -83 -44 -161 244 248 230 70 119 -210 182 -19 -232 -49 144 74 189 -198 -139 -207 6 233 -250 124 -211 -29 -197 -181 -220 -91 -222 213 -15 32 -238 34 16 154 -25 22 123 73 -116 184 143 -147 28 226 139 -213 -227 -241 -58 -143 49 186 -96 100 157 8 -115 -92 -114 208 -128 -106 77 114 129 23 3 205 -39 60 95 -11 85 -171 -108 -186 -21 159 102 -185 63 31 -214 -68 -202 41 128 -245 104 241 -50 112 238 -123 -84 -177 -174 192 -81 76 246 -67 66 -135 -119 -228 216 -5 -152 156 103 -6 2 -118 237 200 191 -163 -101 -31 209 -121 -136 -126 -69 -36 -193 131 145 -27 193 15 149 225 55 -17 217 212 -187 229 -173 -217 243 -102 137 -247 71 -45 -23 -9 79 -231 47 -225 -191 -167 -156 -160 142 59 211 242 24 227 17 -22 -110 78 185 -74 -190 83 -32 -151 -145 122 147 -175 -233 43 67 173 33 -248 -70 -20 -79 -157 -201 117 101 7 -137 -53 -158 120 -144 -153 13 -176 203 228 -216 -132 -4 -56 -33 126 -219 65 -172 214 -195 -7 -65 153 -203 165 109 220 -146 26 150 207 162 106 92 -35 -148 19 181 -244 52 195 -85 30 11 -229 125 -46 -129 88 5 -38 62 -37 -100 -130 20 -18 84 -112 -30 -170 39 202 -246 240 -179 223 -131 158 -113 -12 196 -127 -107 -224 -40 152 90 -60 -59 -221 201 -134 -14 -155 -62 -103 -165 -164 -97 -52 -76 167 -226 178 -180 111 -2 -93 36 175 130 127 107 -204 160 -28 219 -43 -215 9 194 151 221 -71 166 -10 96 -149 -166 -168 210 235 61 35 169 -104 -80 45 204 -63 12 -140 -78 -66 -98 44 170 -117 113 -99 -87 187 -242 116 171 82 -90 -122 -95 38 121 -162 164 -26 -196 -141 -55 -89 54 80 -124 161 -199 -208 231 0 138 -51 146 56 236 180 91 21 -192 155 25 58 -64 -239 -209 234 -111 -236 37 -150 -240 -189 179 249 72 -82 -75 115 98 99 -188 136 247 40 50 132 134 -237 -169 75 69 81 42 97 110 18 -206 -182 199 177 -41 140 -8 232 -73 -142 -24 -200 239 -243 29 89 163 -133 
TEST 186 ARG:-107 218 25 113 118 -85 68 -13 174 166 -210 -101 228 219 -178 -153 89 -226 8 211 -14 -84 84 -83 -8 -162 -185 142 91 -97 -122 29 -67 154 -72 -203 53 -166 -198 -24 168 131 -65 -94 -154 43 120 230 2 -174 187 46 -244 101 114 123 204 -159 200 21 176 79 -165 -249 83 -6 208 -168 -245 119 0 -60 3 237 110 173 -120 -231 172 -81 -11 -91 -215 186 165 -64 122 51 -27 220 -201 80 -15 -144 -233 96 -98 238 88 198 -228 151 -45 4 -74 141 -70 157 93 215 -173 -205 -131 -143 -121 81 162 56 -44 -248 -128 169 39 -86 58 -147 177 -196 -141 -48 -16 -21 75 95 241 5 60 45 -100 77 229 27 -206 -135 -38 50 150 124 -225 146 -167 249 217 -42 -73 160 -217 -55 38 145 57 99 -191 136 70 -208 196 -5 59 -188 -52 155 -219 82 183 52 -116 191 -92 185 7 -57 197 18 -80 103 55 40 -113 -76 17 -199 -242 135 -129 87 121 205 65 -34 -133 -19 -163 -146 194 -224 -142 175 233 -243 -187 -171 33 -32 -156 37 -241 -20 -22 139 30 -139 -179 138 115 -209 130 -138 97 147 -78 -68 -109 248 163 132 -151 -150 -51 -193 28 85 90 -137 -33 54 193 -79 -10 221 -35 -125 -247 -237 105 86 -235 126 44 -54 -212 -47 152 -216 -75 -149 -204 199 144 -157 -175 -37 -132 -172 213 -232 -200 -39 -106 -140 -220 15 64 116 236 231 67 232 143 -95 210 78 178 6 35 71 203 222 -207 49 244 -190 -192 117 100 -62 -161 -87 -12 32 149 243 -230 -18 19 -1 20 239 -117 74 -90 -40 202 -46 148 201 137 -53 195 -104 214 153 -123 240 156 226 -223 107 -186 10 34 -197 109 181 73 12 -221 179 -148 24 -238 -58 -115 -25 -183 -63 -105 23 63 -236 47 62 189 -176 -93 -194 182 13 -180 -184 -211 140 224 66 -227 -170 41 -108 180 -164 -36 -155 247 -127 -96 -136 -9 108 -71 223 69 -214 22 11 -17 -152 16 164 -69 192 133 125 188 -82 -246 61 245 -119 -189 -195 128 -49 -158 -61 216 -239 -88 31 -111 -126 -118 127 72 -112 -160 -169 206 171 159 -181 98 227 -229 134 209 1 112 14 -145 94 -59 -3 -99 -222 -182 -77 -114 246 102 9 92 76 -28 106 -56 -31 -130 36 -30 -50 -218 212 -66 129 242 184 -110 -103 -29 -234 -240 158 104 -43 -102 161 167 -23 -41 234 -202 -7 26 225 -26 -124 -177 -213 -89 -2 190 -4 170 42 207 111 -250 -134 235 48 
TEST 187 ARG:-109 -152 124 -155 -27 215 52 185 -133 -107 80 54 63 -11 177 28 224 -102 85 32 163 -244 205 169 19 86 43 35 -176 -60 44 117 -146 232 59 120 27 -123 -63 246 -13 -174 4 -247 -36 -104 161 159 206 -195 -225 -91 -87 158 233 78 191 -197 -160 183 164 47 195 -19 -100 -128 -65 -172 -245 219 -22 3 -226 -37 67 -122 -147 6 -114 -75 145 33 79 -243 147 126 49 227 -143 108 189 -229 24 -89 73 98 -6 30 -140 -198 239 40 -47 89 -54 -181 -43 -79 -120 -200 -179 -126 131 -183 8 -224 -117 -167 -196 -46 -33 87 144 18 228 173 -3 -127 -31 -218 174 148 -193 51 149 0 -85 -239 14 -206 182 107 45 -227 249 110 -194 151 -131 222 -153 190 64 62 171 101 128 -223 201 -184 -62 -211 -14 -231 193 -201 -186 103 -8 7 -230 -41 184 181 96 226 90 -42 125 -151 106 -136 -242 16 71 -12 188 -134 -162 -38 196 211 121 -129 -1 113 -171 -188 167 235 -249 112 -25 -40 -81 -72 116 21 216 -110 136 46 -220 -5 157 97 -214 208 -101 137 237 130 -191 -209 53 -28 242 12 -34 143 -141 210 -56 5 -208 -18 -154 165 60 198 -238 168 156 152 234 -115 -234 -4 -24 -130 -51 -250 166 -52 36 -93 150 34 245 -45 -207 -178 -149 41 -202 -73 83 132 -137 -165 141 -168 -139 -108 -111 127 214 -64 -35 -240 135 -246 -121 -94 -173 -118 39 -49 11 114 91 -67 99 217 241 66 10 94 -23 244 -112 13 -158 26 93 197 -204 223 -68 81 9 -159 -132 -10 -148 -83 119 -57 -157 180 202 203 229 -248 -235 -125 29 176 17 -210 1 55 243 50 -185 230 -21 138 212 -106 58 240 133 77 142 -70 -9 123 -150 -58 -74 -98 -142 179 -163 22 84 -32 42 -222 146 -187 -119 -84 134 105 178 -145 -113 100 -103 170 -156 -116 -237 -92 -99 -69 192 122 194 23 -48 -219 162 204 -66 -169 160 -135 129 -241 15 -55 -232 -228 -29 88 -199 200 111 -61 -182 -80 70 -138 -2 76 -77 -215 -166 74 218 213 155 75 48 109 -175 -15 -213 -212 -76 -203 115 -20 -82 172 31 -7 82 -59 61 38 248 207 -189 102 -236 -170 104 -30 -221 140 175 -164 -97 92 154 56 -26 2 -53 65 -192 -177 238 209 118 -78 20 -190 72 187 -44 153 37 25 -86 -90 69 -217 -124 186 68 231 236 199 -88 -95 -16 95 247 57 -144 -96 -71 -50 -17 -39 -205 139 -216 -161 220 -233 221 -105 225 -180 
TEST 188 ARG:-43 -56 -245 -233 87 195 154 -17 194 54 4 -18 -24 176 75 98 172 -31 190 -54 -51 186 50 23 -72 149 -113 -215 -180 -71 -155 121 184 238 -189 -10 -92 -229 -190 -129 61 -181 -23 -177 -45 8 28 124 -231 14 -29 216 44 -94 -40 220 -174 84 246 -32 -122 -187 68 113 118 -134 -211 12 -25 -153 163 -198 1 -159 -154 128 -114 226 198 63 -75 -12 2 158 -5 -144 -136 -115 -185 -46 236 219 38 72 -139 -66 -158 37 80 -247 224 -173 -167 76 -179 161 -49 29 -8 -111 170 13 -170 67 168 27 116 15 32 181 222 -127 -149 159 165 -110 -226 -48 201 144 -248 111 -244 -42 -104 -141 -188 -65 -242 -68 -82 211 125 179 -250 16 99 -105 196 -116 -108 -241 212 -197 24 0 -69 86 41 -62 -142 -222 106 180 -132 192 -47 36 -199 206 107 203 135 -227 -232 247 -204 199 -70 167 58 -209 -77 232 -210 105 233 117 -201 -50 -78 -228 51 -143 -172 -157 82 -160 -214 -93 -14 -76 235 146 89 148 -80 -238 152 157 191 -103 174 -128 -212 60 130 -41 122 90 -126 171 239 -67 31 35 71 69 -168 -184 53 -246 66 -97 -249 5 34 -38 55 -11 -7 73 97 -59 110 210 -216 30 160 243 -61 52 -27 -224 143 -85 119 208 -96 -235 178 200 6 108 92 153 17 -150 -162 217 175 18 -16 -125 -202 -120 112 -6 -225 -107 -178 -203 244 81 228 -163 131 -20 -28 141 79 21 188 -101 -9 -156 -213 -123 39 166 11 -206 -19 227 155 223 -64 150 -217 109 -130 -195 -196 -182 -207 -192 103 -230 49 -164 78 249 -147 230 7 46 -52 25 115 -243 -44 114 218 132 83 -137 156 -81 147 -140 91 70 -175 64 -99 169 -191 -1 -218 56 245 -30 26 -83 134 240 -208 -146 95 193 -131 85 -57 173 93 -53 -165 -112 126 133 -220 19 241 -193 -240 162 -183 204 -79 -13 65 123 -117 -118 139 -145 43 202 -100 100 -151 -138 187 102 3 138 94 -239 -148 151 -169 -205 20 185 -102 -39 -73 182 45 -37 209 -166 -221 129 -223 127 -3 101 213 -34 -176 -237 237 -21 -88 -119 48 88 -186 225 189 -194 231 -2 -63 137 33 77 197 -87 47 221 -91 -35 -171 -133 -161 207 -36 -74 62 9 -26 177 -15 -135 -124 22 -152 248 -60 234 10 -219 40 164 -4 -109 42 145 -33 229 -86 214 242 -58 142 -95 -90 -89 136 -55 -106 104 183 -236 205 -234 140 -98 120 215 57 -84 -121 59 96 74 -22 -200 
TEST 189 ARG:-4 104 -248 -43 -32 -139 121 49 166 170 30 -42 8 147 -26 94 89 74 -172 -19 -89 5 37 224 144 -245 95 249 -53 232 247 -68 78 -39 -241 46 47 38 -56 111 -189 125 -35 -103 -207 44 -116 9 63 234 219 -90 57 186 -50 -76 -92 83 106 -22 25 -145 -164 -48 176 -215 -79 -54 167 -11 59 191 -5 42 68 124 -149 13 7 -235 -224 -233 138 -230 199 135 154 -60 26 -72 -208 79 -234 65 11 28 40 -155 229 -94 -61 -111 82 -14 4 114 -93 -221 -158 119 -3 -71 206 -210 -18 -179 -30 -52 90 195 -119 14 -86 220 -135 54 -117 -205 -187 96 -34 12 161 -49 -134 -182 226 177 -13 -138 -91 -159 -69 -160 190 66 -59 -197 151 -74 134 116 -184 -102 180 -75 -152 50 242 -58 204 -246 32 53 132 93 -36 86 203 197 -73 48 -174 -156 69 -242 -204 -180 -17 -38 182 -2 214 21 201 -222 228 -150 241 143 -112 -144 -209 88 -142 -211 107 34 -228 61 211 -84 -31 169 -113 -33 196 31 202 -55 -238 55 178 -240 -178 -77 -163 -190 -195 67 -96 -27 244 -130 -101 152 -185 -82 -146 -47 208 218 122 10 -98 -143 -176 -167 -177 97 -175 -193 -136 213 71 193 -223 -140 216 113 -81 156 145 -169 160 246 39 -9 117 -21 164 115 84 99 85 136 -125 -198 183 141 142 184 140 64 -97 0 35 192 -200 240 108 -6 238 -83 -201 -171 -188 -128 101 -20 -127 -120 172 -10 -66 130 -247 -170 73 72 -114 -243 -126 -148 159 230 91 -78 112 210 -216 243 -161 150 -23 185 -181 -100 -88 179 -232 -214 70 -192 223 139 -151 -196 -65 -121 -153 -51 -45 36 17 207 -7 -57 18 -1 -46 45 200 187 52 -85 -249 -244 62 23 -99 -217 81 -213 87 -28 212 -226 -186 -165 221 77 -15 103 98 -8 -64 -173 233 181 58 19 162 -29 -229 146 245 -129 -154 -203 -199 133 -219 131 171 123 198 27 231 168 51 -191 174 41 -123 -137 120 209 149 148 -87 188 157 -250 -141 -166 15 236 -239 76 -44 158 -194 128 194 -80 225 109 24 -118 -227 22 126 -115 -16 3 -105 -107 -220 127 1 -131 217 -183 -110 -225 137 -231 80 56 60 105 163 155 33 -124 -132 100 153 -202 235 -24 237 227 -37 248 29 102 129 -168 165 -108 118 -67 92 215 43 239 189 175 110 -236 -25 16 2 -95 -122 -237 -147 6 -70 -63 -206 75 173 -218 -104 -109 -62 205 -133 -12 20 -162 -212 -106 -41 222 -40 -157 
TEST 190 ARG:2 -56 62 -132 88 -28 -163 -88 -135 -180 175 -30 -123 101 3 -195 45 244 79 -206 -4 -222 153 -244 17 215 115 -16 -203 -79 -174 89 129 184 243 -196 -45 -191 28 164 219 -85 12 25 61 -6 -192 -240 55 218 -90 148 -161 -214 -37 226 -201 206 65 -22 -149 -246 24 167 117 -62 -218 224 22 85 -68 42 172 -70 8 -94 205 -125 -57 -235 232 -103 -117 58 -87 165 38 137 -183 -95 -234 11 116 156 -3 216 -205 -115 81 -148 -208 66 -134 -1 -175 98 -67 -212 -38 -78 225 -19 124 121 -15 130 -104 -147 19 -41 -204 92 122 -146 193 -51 -156 211 -210 60 -69 111 -100 -167 199 82 -84 160 -122 44 208 139 136 -128 -168 90 -102 220 -232 -225 -221 -139 -159 9 -207 -43 105 -137 207 128 131 -233 4 -241 239 36 118 141 235 -170 107 -5 41 18 -237 -73 185 -194 142 -193 -242 77 68 50 -111 -50 -64 -248 -136 238 -35 110 -2 230 -96 120 223 96 -247 -99 -184 -211 181 -29 76 -61 53 155 -171 -80 -155 -86 -243 183 204 135 -92 -200 20 -153 108 59 -228 188 -44 -141 5 196 163 94 64 -25 154 67 -55 -236 83 34 191 -13 -9 201 30 -59 -145 27 -143 -197 78 29 169 159 214 -239 -120 49 158 -31 -65 247 6 236 -7 -172 -10 84 56 -54 -126 -66 -151 -131 -26 134 75 -213 -46 -89 212 229 109 227 -187 -81 -116 -165 -108 -34 145 23 123 144 -189 -97 71 -245 189 -158 -101 222 -83 209 -12 213 132 197 -112 54 -48 -169 -173 -58 -216 -226 -198 -32 16 168 32 -40 -250 -219 -11 -217 51 -93 170 -8 138 -249 -160 -110 10 -150 221 31 231 -39 -42 46 -157 -118 57 173 86 -179 -63 48 -209 162 113 166 245 47 -164 63 -223 -49 228 152 -178 -230 112 103 -215 126 192 -23 102 72 -188 -133 100 73 -224 217 -127 -185 -220 -144 195 150 -199 104 -98 -21 -231 178 202 249 15 13 -20 99 114 127 -166 -77 -18 95 -138 -121 -154 147 190 177 140 97 161 187 -91 -190 186 133 -105 125 210 180 39 174 149 200 1 -82 7 198 119 -60 233 -72 -36 -181 93 -71 146 -238 151 -152 -124 -52 -53 33 -202 182 37 -119 -140 -33 -129 -162 43 -76 -229 -130 74 143 241 240 91 35 246 -227 176 -109 26 40 70 203 -17 157 -74 -24 -186 106 -107 -177 0 -182 52 80 -14 -75 248 -47 194 14 -113 179 242 -106 -176 -142 171 237 87 234 -27 -114 69 21 
TEST 191 ARG:120 -183 212 -4 45 -190 -155 21 -127 187 194 -247 145 96 -123 -144 14 196 113 -34 32 144 218 90 -41 75 -180 -147 -143 -110 247 -21 -43 -62 -209 -74 26 -111 38 -97 39 -116 192 13 44 216 -19 -174 -61 -118 193 98 -170 151 231 -205 -133 -249 128 171 -220 76 -47 129 142 226 123 -6 -185 -16 119 0 81 246 102 107 -10 111 -27 -86 42 -76 -137 137 158 -233 248 -109 -93 49 178 6 202 -96 169 -69 105 -129 224 161 -230 -236 -92 -112 -139 134 229 59 -224 -28 -208 162 170 118 146 -73 -223 179 127 -64 -81 245 52 155 -25 -8 70 -117 -163 132 -182 -68 -226 -55 -202 167 25 143 184 114 18 -91 89 -9 244 -210 -132 74 -94 156 207 221 -17 -104 -114 -225 165 -138 -11 213 227 -99 103 -166 -168 65 -48 -115 -186 -221 -42 85 -44 240 -66 -50 88 -167 215 209 -71 222 60 -173 -203 -70 17 4 -194 -191 -65 -58 -33 -24 -142 -57 124 63 -197 -32 -49 -204 92 -245 -45 -201 233 206 2 141 -51 -100 93 -198 -235 -103 19 -195 33 104 239 -121 -231 106 -248 -38 -130 -152 -189 188 43 -214 -18 95 109 121 -67 9 36 160 -229 -52 189 24 -135 30 -179 205 -78 11 234 -219 185 61 177 -145 -150 66 117 15 -26 -119 154 -107 -37 197 -232 37 68 131 150 199 -146 -87 99 -134 53 -241 223 -102 -199 -56 174 228 -120 108 -1 -136 147 94 80 200 -200 138 204 -215 50 139 -13 35 -72 -89 51 -160 -80 175 -108 235 64 -212 8 180 208 -227 -240 -140 91 -213 214 -171 73 181 -122 -216 126 176 -176 -77 195 -175 -172 86 -131 5 -113 -148 148 -60 110 182 191 230 -125 -126 54 101 -165 225 152 168 -5 -85 249 -101 190 -159 130 -181 211 -243 232 242 236 -95 135 -206 -29 -36 -246 -30 72 69 -250 -3 203 79 -40 56 217 -23 -239 -242 -75 -193 16 40 -15 27 -164 172 -106 220 -14 -207 -63 -158 46 -53 58 -157 48 -20 -234 57 115 -192 -54 -237 29 97 219 -149 163 -238 -161 -2 7 -98 22 1 84 -178 133 -141 201 -22 -196 164 -177 -184 -39 83 28 -162 -169 136 82 -218 173 210 71 -156 -228 -154 -35 -59 -84 -105 47 31 166 -12 125 122 -217 243 116 -83 183 -244 -31 157 67 241 -124 149 87 112 34 140 78 -79 12 159 -82 55 20 186 238 23 -128 153 -211 -153 -90 -187 -7 77 10 41 -88 3 100 -188 62 237 -222 -151 198 -46 
TEST 192 ARG:51 -110 15 143 46 17 100 -35 -213 -121 95 -236 -26 -30 215 -58 119 61 -39 22 -62 166 -136 106 -113 140 7 -133 117 -64 -76 -215 48 96 159 182 -230 -22 68 -131 -189 -40 5 -247 238 97 28 -69 -238 62 208 -201 -162 71 -126 192 -115 204 129 164 115 212 -55 -90 3 27 101 -197 -221 -152 -51 37 -82 57 -100 -226 -79 -65 -240 241 44 163 -181 130 -37 -72 -205 -48 213 171 -103 -194 179 191 114 244 -42 18 -227 -13 188 232 -117 -105 81 112 221 -137 -207 -177 -36 -175 -123 59 -242 11 -130 63 -80 54 -83 -132 43 6 120 34 -218 49 136 176 -168 31 219 58 -145 226 -33 116 -203 -15 -224 152 126 169 168 209 -183 -193 -97 -116 109 162 -202 118 237 -248 -243 -114 -32 174 60 -28 -154 -214 -208 -228 85 -98 -71 236 -25 -46 67 133 -78 -70 -96 247 142 -95 -91 -147 2 -244 -107 -195 -167 -170 -12 69 181 -172 -235 207 -178 123 -77 200 -249 -149 190 -50 -198 151 -106 -17 47 127 55 -156 -234 -187 -86 -18 -139 233 -1 94 -233 -196 198 172 84 19 -129 25 -85 24 42 -31 -212 173 4 -191 -38 32 -241 -148 248 185 -74 -89 -141 206 249 -140 222 -219 122 -161 195 -108 242 79 -44 -14 -61 139 -23 80 98 -6 -217 -56 -144 64 1 14 -200 -5 -102 225 105 -153 -21 223 -204 150 111 -7 -93 -60 -174 29 220 108 235 239 -188 -10 153 135 -143 -210 -49 231 -43 146 72 -179 -220 89 -2 93 -125 104 -185 -150 -176 154 -81 21 23 36 -94 -20 82 156 -246 -67 -63 -54 170 -19 16 234 202 134 -27 -182 186 137 128 -163 148 246 -190 -169 -24 217 83 211 74 -45 158 -206 50 40 189 88 -158 -231 -134 -41 99 161 224 -245 124 13 -222 9 -180 -142 -8 -73 -138 184 -128 113 -119 66 245 121 -199 230 8 53 201 -111 -3 -29 243 103 -184 147 75 -223 73 -101 132 -47 227 177 52 187 33 -155 -120 26 210 -68 167 76 160 -157 -57 -52 229 92 0 -99 87 196 199 -225 45 102 193 -16 -122 35 -124 165 -4 -160 -209 144 216 -109 90 -239 -11 197 20 91 194 157 131 -53 -127 -75 65 -104 110 -59 -216 56 141 203 -118 -250 -66 -211 -87 180 205 240 -159 178 -135 138 -237 214 -173 -165 218 77 -192 -186 -84 -229 228 107 -92 -112 -9 145 175 30 155 86 -232 39 149 183 10 70 -88 -164 38 12 -34 -151 -146 125 -171 41 78 -166 
TEST 193 ARG:9 91 135 -42 -7 37 161 -243 -4 128 87 -16 21 248 88 -139 104 -160 -98 -248 -239 -118 -187 78 227 184 -63 -86 -112 3 249 -104 -191 -45 16 -35 27 183 -204 -159 -53 121 -88 -144 -116 -224 84 -193 -97 153 -231 -183 -238 33 85 69 -198 192 120 -59 137 66 -136 -130 -177 -138 -41 143 203 235 -39 150 -8 187 -12 48 127 160 233 -91 -38 -96 -211 -184 179 205 -185 111 228 191 23 185 47 237 -210 -166 119 109 -117 -79 169 -164 -234 222 -1 -194 193 229 -5 -20 -158 -140 242 -216 -65 -92 162 42 210 -69 -64 -17 110 46 -78 -186 -170 147 31 123 5 -30 -48 -14 -176 -126 243 126 -215 129 201 -80 17 36 -135 -218 106 -50 -119 70 76 11 125 207 -189 241 -32 -167 133 -13 18 -214 -120 25 -235 -201 4 -137 74 188 -172 -9 212 200 -101 246 44 103 -46 -115 -81 182 -206 118 168 53 -94 134 198 202 -208 -241 2 172 -74 -36 -121 -23 1 -105 -128 154 223 6 -203 -247 -150 51 -196 195 139 81 -205 -77 180 149 175 -127 130 -174 50 19 208 -157 -237 -31 -165 41 73 240 89 60 -87 247 -100 14 173 -84 -173 83 -142 216 94 -124 49 155 -222 115 -209 -179 -122 -73 -143 24 -114 181 225 -220 -149 220 -67 99 -141 -219 -227 112 211 136 196 -232 171 79 102 206 -169 -106 221 -236 124 -90 158 -123 10 -242 8 -207 131 65 132 -110 108 234 38 122 -82 -109 -171 141 39 239 165 -75 86 -10 244 -129 217 231 58 148 -52 13 -233 -226 101 57 -156 -22 117 -154 190 157 -28 34 -3 105 -108 209 -152 236 194 238 67 -240 -25 -83 -56 -148 26 -34 45 20 -43 -15 -71 97 -47 245 -221 -161 92 -228 164 204 -175 -103 -102 55 -250 189 163 -132 -200 -162 219 -51 43 170 -113 -95 -192 -230 12 -70 35 56 113 167 22 -199 -26 152 -155 232 166 -245 214 32 -58 -107 -54 -49 138 90 0 7 -213 28 224 177 75 -29 63 176 40 226 -180 218 -24 64 -111 -197 -11 142 -133 213 -19 -225 15 -188 54 80 -68 151 -181 -18 199 -190 230 178 -163 29 140 98 116 68 -85 -76 107 -168 -145 82 -131 61 -6 -55 -229 -249 -212 100 93 -99 -151 -33 71 144 -57 52 186 -246 77 -134 114 -244 -223 -61 -37 -44 -202 -153 197 -89 95 -21 -60 -66 146 -72 62 -125 145 -147 96 59 -182 215 -217 72 30 -93 -146 -62 -40 -195 -2 156 174 -27 -178 159 
TEST 194 ARG:-178 -61 139 201 180 210 0 178 203 -194 -113 38 -242 12 140 -19 -59 -9 -239 -223 52 56 25 218 -232 -127 -12 6 -7 -233 -171 -143 185 -78 -23 -29 -21 -106 -162 -86 224 -130 -196 -141 -133 132 229 9 -224 -74 197 -219 -236 -116 -13 -118 -38 -122 207 49 122 18 30 -123 -104 -62 -213 -25 235 -56 76 -77 81 -64 -101 136 -137 -193 77 246 -81 -20 -145 -140 -201 152 -2 15 -220 189 154 206 184 248 125 -155 -174 113 -226 65 -147 3 209 75 116 11 -185 238 147 -32 231 -67 -63 80 -114 78 -124 -138 -142 182 69 47 121 -244 -168 -241 -22 -99 169 -247 190 -146 167 156 91 -55 -238 -96 -103 217 164 -166 -206 40 35 228 -136 68 220 155 -119 -87 -227 -6 181 13 -149 -120 240 -172 98 148 245 -215 -83 -163 -90 -164 7 165 51 204 -156 -48 194 27 2 193 87 195 48 -134 163 -28 45 -139 151 166 110 112 162 -72 173 249 -4 -42 191 -8 102 212 -44 -249 -160 -161 -158 24 -91 21 -84 -132 -152 -170 -177 241 55 -52 146 -190 213 -188 79 236 39 137 -208 -110 50 192 247 -111 -73 208 -181 153 -159 82 -234 104 134 133 187 -169 26 -183 64 99 -40 96 225 215 -153 177 144 67 196 -235 175 61 -34 198 -128 -151 174 -94 88 234 -107 -144 -89 43 95 37 10 -85 -105 28 -108 -212 90 92 -189 -179 -191 -5 226 -246 -82 84 117 199 119 205 -37 149 221 -154 -129 111 -175 161 244 105 -49 58 -30 59 -210 -57 53 223 32 -117 -54 -70 -60 -200 94 -198 -243 36 138 230 145 62 -15 -214 -135 -10 -203 33 -209 143 -250 -230 -126 109 -109 -150 -41 17 158 -88 -58 -26 108 8 70 186 123 -207 126 124 243 135 -157 -229 44 232 -237 -173 211 4 -204 14 -221 227 -176 150 -222 -16 103 -167 -27 237 -24 -216 -76 54 29 72 -80 -199 -121 -36 107 -192 -31 83 127 200 -180 129 74 -225 -68 -51 -17 -100 16 -65 176 1 -217 63 -97 -205 219 157 42 -79 118 85 -33 -35 -11 -50 -1 -71 34 115 233 141 -92 -112 19 -45 101 23 -184 -115 -66 -195 188 183 -231 142 5 216 160 71 239 106 100 31 222 -131 202 -182 57 86 130 114 -187 -125 172 168 -53 -95 -165 60 179 -228 -18 -69 171 242 66 214 97 120 -75 -47 -248 -186 -211 -3 20 128 73 -39 -148 -14 22 131 -93 -245 -43 93 -98 -197 -240 46 -102 159 170 -202 41 -46 -218 89 
TEST 195 ARG:177 -192 -217 -65 38 -127 -219 -128 242 -47 192 -37 98 -179 -246 -42 -138 90 -4 89 -151 8 241 237 60 0 193 68 -166 82 -206 58 125 194 71 166 -160 152 -95 14 -74 -221 141 207 226 -195 -238 -154 114 -185 104 140 -189 -28 -60 -40 211 107 236 203 235 -141 65 -17 -120 -124 -23 -157 -248 -231 -16 180 -202 174 201 -129 -88 -132 178 -25 -2 17 238 165 148 -62 -191 -87 -241 -165 -227 112 120 -45 -174 -121 213 19 52 18 -44 139 -168 179 -222 -200 -178 -34 -123 157 -77 206 -19 -75 168 -53 222 92 -188 53 199 -209 -153 -146 97 -162 -112 230 145 13 42 -64 -169 66 72 225 181 26 -190 -130 233 106 -234 -50 6 154 -59 -101 -212 -56 138 21 -140 -235 245 -145 -15 77 -218 84 9 -52 182 249 55 -5 94 -198 -24 205 45 -244 3 234 -170 214 -67 111 -183 129 132 -99 44 -159 -177 -18 -148 -22 143 215 218 103 228 185 -156 24 155 208 54 102 -8 -137 -135 232 51 33 -182 34 170 -197 -224 -92 -131 -193 130 -149 -116 -239 -125 -83 -26 -31 171 37 151 160 -90 -164 75 -223 -91 59 248 93 -136 -143 -115 -203 163 231 -250 -1 -97 -10 126 -39 -167 69 169 -110 118 -85 67 -70 144 95 195 62 121 -233 -108 16 78 -247 -205 -7 127 28 -35 119 -211 -117 -201 -71 -186 100 -245 122 136 73 -152 -78 188 -142 190 70 -181 -133 -3 175 74 187 153 61 -150 110 48 56 150 115 158 240 4 -204 -102 -93 -134 -243 134 -180 -126 -57 76 200 64 -104 -33 -69 219 -122 131 -46 246 116 87 -113 123 -103 -30 29 -20 49 173 191 39 -13 216 209 99 -194 15 146 20 -96 -111 198 -215 -214 -89 229 10 105 172 202 109 -66 -147 -79 83 -6 7 184 -240 -196 41 -29 -161 57 -106 197 23 183 35 124 -38 50 -207 243 79 -41 -213 217 239 -58 96 -208 32 63 -199 -114 -61 -242 212 -225 186 -237 204 40 -230 -21 -144 159 -54 221 -176 -236 -158 -11 247 -184 -51 31 -155 -139 -105 135 -175 43 176 117 -220 -9 156 -84 -210 161 -232 -118 244 210 36 -163 196 -55 101 85 47 -72 113 -48 5 -119 86 -27 137 133 -14 189 -229 -76 2 81 -49 164 128 25 30 167 -81 224 -216 108 -109 91 142 162 46 -107 -32 -187 -86 -63 -172 88 -98 -249 -228 12 -173 223 -12 27 -68 147 -36 227 -82 -226 -80 80 -94 1 -171 -73 220 22 11 -100 -43 149 
TEST 196 ARG:-80 106 115 -208 79 17 237 13 159 -104 107 99 56 -13 -29 -47 140 27 51 -99 52 -64 -94 245 47 -185 105 -65 -56 190 239 -180 120 207 -102 98 -91 150 -218 58 90 -86 84 41 33 122 246 50 -139 -30 173 -141 111 -107 117 -187 171 -239 18 21 36 -120 66 65 40 -216 198 -194 -103 7 -188 137 241 144 -135 129 39 204 15 -28 148 -82 -129 -153 -169 -233 -230 -39 146 -89 -231 -31 48 -121 -71 -149 161 103 240 -40 -53 -163 215 -101 -190 -100 124 -42 -5 -21 182 62 -20 -144 -49 157 235 20 -226 -112 168 238 216 116 -41 -27 -196 -46 76 -23 -35 45 8 -68 92 197 -75 69 113 -191 -88 118 -175 72 71 -16 -110 234 -6 242 -25 -242 153 -150 -228 -178 85 109 189 26 -85 55 -145 172 -67 151 -240 54 -93 -127 32 100 -114 -122 -249 -119 -189 1 94 -63 -69 201 -3 -182 127 110 175 -146 244 -84 -109 -220 130 -34 82 210 -225 228 232 -97 9 -125 -245 184 166 176 -95 -201 -59 141 101 -211 -200 -7 218 123 -9 -174 53 -17 68 131 183 60 -171 -54 -168 -151 -96 -155 -154 49 185 10 221 -243 -204 -10 193 143 19 181 187 -241 70 -192 155 -142 89 -79 -1 46 209 -14 -74 -219 -124 87 -246 169 -152 248 64 -98 -186 -55 -138 74 -44 -62 219 24 119 -215 5 233 -132 -234 145 -70 -136 22 -193 -238 214 -134 34 211 97 163 160 35 -130 229 -118 -247 203 93 208 -26 -126 164 152 -2 42 -18 125 -90 -236 25 28 -156 88 80 220 -60 231 -232 -162 -15 59 -24 -217 -51 12 -106 23 -206 -19 -179 -52 112 156 77 -140 202 -223 205 -116 -214 212 -157 -111 37 -73 136 206 102 61 75 -181 243 91 -166 -43 188 165 178 -170 -172 -108 121 -161 -183 139 213 147 -133 -147 167 86 -22 -131 114 236 -207 104 -195 -66 -38 -50 177 217 154 -113 -33 191 179 -173 135 -57 -221 -45 43 195 -4 226 -48 -92 -198 -77 -158 194 -61 16 -184 -212 225 -176 200 132 2 -8 -205 222 -165 196 -123 -83 29 -244 224 -203 38 -177 81 -248 134 31 192 11 14 -76 6 142 96 -159 -137 249 -222 -36 126 247 -72 -229 -105 230 174 -235 -213 -167 -32 -81 -143 199 -199 133 -237 227 162 180 170 0 128 149 -250 73 -148 -210 -202 -87 186 138 -164 -197 4 -224 30 44 95 158 -11 3 83 -160 -78 -227 -209 108 78 57 63 -117 -58 -37 -12 67 223 -128 -115 
TEST 197 ARG:-112 -150 -91 52 101 49 132 168 -94 48 79 240 -3 4 36 128 138 156 81 78 164 220 139 -118 120 100 -204 -175 -24 -72 -180 59 -130 -172 -84 -240 62 -247 -116 -214 150 50 1 -223 111 -62 15 208 218 -6 -96 108 53 -114 -187 -11 -17 66 63 95 210 6 -241 -238 133 -126 228 -74 -78 172 -98 8 -201 155 -166 -184 -143 215 73 67 -235 -144 7 74 -127 -129 -56 187 -136 141 -4 137 -30 -131 217 -171 -208 20 -88 -195 113 -138 -21 -186 242 -33 112 -244 180 -189 -183 222 171 -70 -173 124 119 179 -14 -232 223 -134 19 -31 -41 -146 154 146 121 -90 183 -245 -158 151 -57 75 234 -233 32 -176 153 147 -231 142 -43 182 -139 -44 -18 86 -39 -60 -147 -95 58 17 225 -117 118 -202 -92 30 230 -23 158 -69 -27 231 -119 77 200 -213 239 -128 102 -227 177 -188 127 205 -12 93 -192 -2 -163 -59 -177 -67 25 -103 -22 -243 -52 188 161 196 91 -107 -239 201 148 22 44 144 195 166 84 216 114 -237 140 229 69 190 149 -224 -123 191 186 88 105 -151 46 -16 42 33 245 232 249 -181 198 -20 -86 -45 -142 26 24 178 90 -234 3 157 221 -54 -108 104 -80 109 -157 56 -160 -196 -109 -148 -51 211 -220 247 14 173 72 -55 233 163 -200 83 -207 -115 -1 -9 241 -132 -174 193 -159 -40 -215 170 129 135 96 -46 98 -155 -15 -73 80 203 97 126 -34 -161 39 -121 209 -185 -145 -83 -169 -102 31 28 -218 185 -125 219 107 237 -5 -219 18 192 27 -199 29 -167 -228 181 117 -141 -206 -140 224 -8 -197 160 16 55 -156 -77 189 -221 89 -49 -203 -216 -194 125 35 -246 -10 61 110 -152 -191 -61 45 -89 12 -97 -210 159 145 248 60 23 9 238 214 68 70 -25 152 -85 197 -29 -106 -87 21 43 47 10 -64 -193 -217 -165 167 122 -48 -242 57 94 -178 246 227 204 -211 -120 -76 -58 -222 -182 11 -100 -63 244 38 236 -82 -36 -133 64 -209 -50 -164 -154 116 123 76 -35 162 -179 37 41 -99 226 -65 87 143 213 -53 -79 115 184 65 -212 131 169 82 -93 175 -75 -32 -162 134 -226 -225 -28 103 -38 -110 176 92 -168 165 -7 -122 2 -68 -47 -19 -37 -250 85 106 -198 130 -13 -113 -190 34 -153 -104 235 -170 -42 243 5 54 -205 194 -230 99 206 -137 -105 -248 -71 -66 199 -111 136 -81 -236 -249 212 202 207 -101 -149 174 0 51 71 13 -135 -229 -26 40 -124 
TEST 198 ARG:-192 -124 34 4 96 63 115 -123 89 92 -181 98 243 -225 -221 -66 -159 50 73 128 -131 -161 165 102 12 -33 111 233 -249 -3 180 -20 -54 -79 -48 -110 193 60 -142 -32 -228 -46 71 -114 230 148 -186 -86 -202 -92 235 -78 158 -112 210 6 -200 216 170 107 55 242 126 -243 119 -210 70 -99 -205 150 -211 -190 -148 -247 66 -113 -125 100 246 -147 -140 -64 179 58 -198 -233 -24 173 209 121 108 84 -26 81 127 -94 51 -160 -136 231 -162 122 -47 -80 248 -43 125 93 245 -69 -115 -71 234 -208 86 244 157 8 188 -34 -10 -250 -30 32 174 177 124 -199 -244 -22 -238 -171 -74 -209 239 147 101 -17 132 -128 0 -62 -60 -191 -15 213 120 -222 -217 116 -184 36 -111 19 3 238 26 -109 -239 -137 -7 -21 -153 -174 79 171 -25 247 236 -5 -133 -134 112 -41 72 105 159 176 220 -36 -164 240 82 -179 -188 69 -242 14 -2 192 -39 47 218 -141 -206 154 23 -35 109 123 37 -177 -230 -120 -117 166 33 -11 130 -88 221 95 -19 -187 -166 7 145 110 77 -59 -8 142 -67 -214 -68 85 163 90 -91 -193 118 39 143 -45 -93 64 38 -232 56 168 18 22 41 -158 -130 27 178 -212 -236 -237 -178 2 68 46 152 -189 183 232 -215 228 -16 75 -173 -96 -77 88 185 67 -183 151 -223 52 45 -37 94 -85 155 -107 227 103 207 -127 -122 156 -103 78 -87 -53 104 29 249 -81 -170 -175 -207 199 -194 -106 -4 -197 24 138 -108 -116 -138 135 40 219 206 -149 203 -218 229 -204 241 162 202 -180 -14 -235 62 -23 205 -172 17 -129 -154 224 217 -157 -89 153 -83 65 61 -65 97 189 -56 -70 -132 25 -246 196 87 31 131 35 -100 1 -169 21 -146 -72 43 -102 -73 139 -119 133 214 113 9 91 -44 74 -203 99 -213 -50 -31 -6 194 186 -145 -18 164 106 134 54 -97 -156 -144 -241 -9 28 114 -29 -95 -126 -231 -150 191 -49 140 -195 -176 -27 212 -151 -55 -12 197 201 44 -58 117 181 187 -1 -185 167 80 129 11 200 -82 -196 -104 -38 49 -90 76 -155 149 190 195 15 16 -118 -105 -98 -234 146 211 -201 -152 226 225 160 83 -76 -167 -40 -163 -168 -13 -248 5 -227 -75 42 -143 184 222 57 169 161 10 59 -28 -182 30 144 237 -165 182 -63 204 141 -101 -61 20 13 -216 -51 -139 137 -84 223 -57 -224 215 53 -219 -229 172 -52 -121 -245 -135 136 -42 175 -220 48 198 208 -226 -240 
TEST 199 ARG:-137 2 -166 32 -6 -52 211 -158 143 221 -209 233 40 -41 -130 -149 -77 99 -233 -71 -101 -230 83 243 -85 -90 212 -9 159 -81 47 -19 -113 -237 -16 -97 -152 134 205 144 80 10 -65 93 117 173 52 -57 -28 -185 20 25 -61 185 174 207 -112 -220 -74 -17 227 106 91 198 -213 -162 -36 -208 195 -80 -145 -207 109 -56 -49 -29 -91 23 44 -122 168 188 217 67 154 26 -134 13 162 6 213 -182 -111 208 140 182 171 45 79 130 -68 -218 27 176 165 -2 -75 19 -59 114 -156 -212 43 50 204 -150 -178 -197 138 -53 0 -232 187 131 -108 202 248 46 94 37 -66 8 -171 102 88 -139 -179 -55 -187 54 155 197 147 -157 -30 167 70 108 -231 85 -140 103 33 115 -13 -217 116 -146 -124 112 133 96 -228 215 -174 -54 -239 -110 -235 -21 30 24 90 -240 -132 -5 120 35 -11 15 -225 166 -15 -100 203 199 110 -144 242 -107 -248 -246 -206 48 17 89 -25 68 95 -60 209 -18 -141 -24 86 -249 151 -109 225 -46 132 152 -169 -250 41 -89 -32 -192 -223 -205 -176 -94 164 181 78 -99 239 170 -70 -121 56 -104 -236 -96 -27 77 -244 -10 -194 -115 -123 -160 -119 127 3 -227 -120 -106 228 60 -131 -67 -183 237 -47 -1 139 97 -23 240 201 210 -45 235 192 194 -164 28 169 119 160 220 111 1 -118 -163 206 -224 124 71 75 69 -26 249 -153 -86 -7 -167 14 146 142 148 -20 -84 73 -14 -38 -103 -181 -147 125 -226 51 59 -143 7 -216 214 9 -168 177 186 141 -8 -196 -105 -116 -98 -189 232 -82 241 -190 -79 -234 -44 -125 234 -172 136 72 156 180 -31 175 128 226 -210 -126 189 -92 4 -215 -242 61 21 62 118 223 53 -128 -221 -48 -177 149 -151 -148 -69 -211 -165 163 16 -191 236 -76 161 -199 -180 150 98 -138 -229 36 -4 -203 246 -37 -204 -136 196 84 184 193 -51 113 -87 -214 -202 -35 123 -78 -154 -173 -195 121 -127 34 183 -219 -95 -33 -175 -222 -142 29 -188 42 -93 238 -40 126 -198 -22 74 245 39 -159 -243 -170 38 -3 219 104 -129 178 -102 -200 -88 100 230 -155 18 -247 200 247 -64 191 55 64 -42 57 145 12 -83 179 229 58 -39 11 82 -43 231 158 -135 -114 -193 122 135 -186 -133 87 49 -73 31 65 -62 5 81 190 153 216 -12 224 63 76 -72 107 157 172 -241 218 222 -34 22 -161 105 -238 -201 101 129 -50 137 -245 66 -58 92 -184 -63 244 -117 
TEST 200 ARG:225 40 -193 53 228 216 -34 8 -81 93 -146 144 -107 29 210 -125 205 145 -144 -189 -140 -206 227 -75 110 -220 -114 81 102 -210 22 129 -10 166 -106 195 59 -137 -133 -79 69 164 98 2 -119 140 -80 -71 237 -3 -15 -41 -199 -225 138 -101 165 99 241 -128 153 96 -30 -8 37 -38 -109 80 -204 134 185 202 226 -245 -214 -227 -177 120 -228 203 43 -93 -221 -51 91 19 115 73 -246 106 234 21 190 57 104 -22 154 -12 -203 125 101 52 13 -7 197 -66 -13 -39 -130 -113 162 -49 11 -160 136 -124 4 32 -212 217 219 -239 -180 75 -90 -87 -208 130 -55 63 -170 -24 16 42 149 214 198 -98 48 -150 -226 249 -63 103 -77 -65 -73 -105 -110 -42 -192 -184 -120 -218 242 132 -5 -147 -219 -95 -69 24 -166 239 -36 -72 -234 92 124 201 233 127 -194 -156 -148 28 88 207 221 -249 -157 20 108 -67 192 215 -162 -131 139 0 33 -20 94 223 177 111 -27 9 -48 -154 -2 -164 -138 -25 -111 -112 -89 -96 -155 82 72 -122 -104 -9 -78 107 211 -134 -100 14 -4 84 65 -240 -54 -16 -171 6 83 169 10 155 50 235 25 51 45 -188 -230 26 -179 -59 -123 -18 -231 -176 68 117 -169 -97 -232 -222 36 -91 113 -56 67 176 -207 163 54 -195 109 -64 -83 -29 212 -35 31 55 -197 -132 187 146 230 -76 35 161 46 -53 189 150 -136 -167 -21 -52 -161 -196 -82 -190 -1 -152 5 -145 -187 -99 -121 34 131 186 49 -174 -143 -142 27 194 60 -45 15 -173 -242 -236 232 218 196 -115 -139 66 204 170 -247 -158 12 -26 -116 -46 200 174 -19 58 -183 44 208 167 141 151 86 168 -17 157 64 -33 -153 -61 56 156 62 116 -250 114 -229 224 95 39 89 -201 -141 133 137 206 181 159 247 -168 160 179 71 119 142 -200 105 -40 122 178 128 -217 245 -165 3 -37 47 143 243 -163 -191 193 126 173 182 -237 -172 238 -74 220 147 -135 222 -241 -198 -68 -118 -178 -248 87 -103 78 -211 -151 -216 -127 1 -202 152 -129 123 -159 248 229 209 -186 171 121 180 -28 -57 -70 118 -185 97 -181 175 -149 -50 -213 -209 -238 -94 30 148 -23 191 90 -32 38 -117 -108 -44 -244 -85 77 -205 112 23 -86 -60 -88 -243 -47 17 246 -11 85 -223 61 7 240 76 -14 70 -235 79 -31 100 -224 199 -175 -182 18 -6 -84 158 231 -62 -233 135 -102 172 -58 244 -43 74 -215 -126 41 236 184 183 -92 213 188 
TEST 201 ARG:-156 -178 -132 -172 78 -242 -244 186 191 -66 136 220 -131 -143 120 68 -152 -16 -198 -221 -44 -43 -90 37 53 -111 249 129 18 209 -72 80 -58 -101 197 -28 184 56 10 98 -157 -67 102 236 38 -116 237 -223 123 -108 -196 -93 126 2 85 -78 225 -83 116 222 195 205 -118 -51 -129 -231 -42 74 -238 -167 206 -212 171 -176 -193 25 7 188 23 -119 -233 52 43 93 -147 113 -126 -14 67 16 140 -224 224 65 229 22 1 170 -74 139 -82 215 20 -6 81 167 -180 -151 96 162 227 -15 -219 34 -37 -158 -187 -99 -17 97 89 15 -91 -148 -113 46 -205 156 223 -215 244 -71 214 -55 -70 -134 190 41 -232 83 -245 228 -227 200 -21 104 180 36 -160 230 243 -237 -25 153 203 -109 8 -56 59 -36 30 -140 -234 -117 -60 45 82 -201 -226 -18 -52 -104 13 -8 135 62 44 32 111 -186 -19 -125 -246 -195 -77 -169 11 208 -39 -236 -217 -190 131 -210 90 -216 219 117 -84 -30 5 -11 248 -102 -207 73 124 154 -208 -114 -222 -206 -184 -10 -162 -183 -80 -64 61 -79 246 -61 -98 -211 -32 157 92 150 207 -146 -213 -120 -189 -142 148 -229 -112 204 31 -164 238 47 -68 -107 -81 -86 -115 226 -247 -92 3 71 63 -121 95 -138 -130 14 -110 -23 -35 -7 -173 147 -181 183 -50 164 239 -41 -141 221 40 -218 -168 -182 -161 137 232 50 178 -49 121 198 -29 187 9 -122 27 245 -85 -69 -166 158 182 217 130 -175 -76 132 28 -136 -200 241 66 35 -230 -163 127 17 -235 39 24 -150 -46 -106 -159 -38 151 -123 134 -9 189 144 -220 149 29 -165 247 177 -63 101 75 112 110 119 128 -153 -95 70 -4 181 -96 108 -137 -53 -209 87 57 -34 212 -228 -248 48 235 -40 86 -185 -47 91 165 146 -75 99 210 -62 -1 -5 54 33 142 -139 79 -100 -249 -73 -250 218 42 58 125 88 107 -127 -24 55 -179 -240 -105 159 12 100 192 -65 -197 94 -202 -27 -94 -154 196 69 160 -204 -57 133 -155 202 106 19 -241 -144 -97 -48 143 179 51 172 64 0 -133 -191 -13 -22 231 -177 216 21 185 199 -239 -54 -135 76 114 -124 105 201 173 109 -2 -214 -192 -59 -225 -87 4 -171 -194 77 84 115 145 -89 138 -199 233 -174 194 193 -26 -103 213 141 -12 176 163 166 168 211 6 161 -88 174 -170 118 26 -128 60 242 -3 -149 103 152 -203 122 175 -188 -20 -145 -33 234 240 -243 49 155 169 72 -31 -45 
All size test
OK
